Geology Code,Geology Code Description,Geology Code2,Geology Code 2 Description,Legend Code,Legend Code Description,Geology Description,Geological Formation,BGS Lexicon,BGS Lexicon Description,Location ID,Top Depth,Sample Type,Sample Reference,SampleID,Base Depth,MC Specimen Depth,MC Specimen Reference,MC Specimen Description,MC Specimen Preparation,Moisture Content,Is Natural MC,LLPL Specimen Depth,LLPL Specimen Reference,LLPL Specimen Description,LLPL Specimen Preparation,Liquid Limit,Plasticity Index,Plastic Limit,Plastic Limit Value,Limit Percentage Passing,Limit Size Passing,Limit Remarks,Limit Method,Grading Specimen Depth,Grading Specimen Reference,Grading Specimen Description,Grading Specimen Preparation,Uniformity Coefficient,Clay Percentage,Silt Percentage,Sand Percentage,Gravel Percentage,Cobbles Percentage,Fines Percentage,PD Specimen Depth,PD Specimen Reference,PD Specimen Description,PD Specimen Preparation,Particle Density,Particle Density Method,Shrinkage Specimen Depth,Shrinkage Specimen Reference,Shrinkage Specimen Description,Shrinkage Specimen Preparation,Shrinkage Limit,Shrinkage Ratio,Density Specimen Top,Density Specimen Reference,Density Specimen Description,Density Specimen Preparation,Density Test Type,Bulk Density,Dry Density,Density Moisture Content,Organic Content,Geology Top Depth,Geology Base Depth
"AC","Ampthill Clay Formation","AC_UW","Undefined","203","Sandy CLAY","Stiff and very stiff indistinctly fissured indistinctly thinly laminated dark grey slightly sandy CLAY with many partings and lenses of fine to medium sand and silt and occasional locally some shell fragments including belemnites and oysters. Fissures are extremely closely to closely spaced randomly orientated. (AMPTHILL CLAY FORMATION)","Ampthill Clay","","","BH304","14.00","D","017","","","14.00","01","","Natural","18.00","","14.00","01","","","48.00","31.00","17","17.00","100.00","","","","","","","","","","","","","","","","","","","","","","","","","","","","","","","","","","","","13.71","14.56"
"AL","Alluvium","AL_C","Undefined","220","Sandy gravelly CLAY","Soft to firm light brown slightly gravelly sandy CLAY. Gravel is subangular to subrounded fine to medium of flint and occasionally chalk (ALLUVIUM) (2).","Head","","","TP302","0.50","D","001","","","0.50","01","","Wet sieve","38.00","","0.50","01","","","65.00","30.00","35","35.00","88.00","","","","","","","","","","","","","","","","","","","","","","","","","","","","","","","","","","","","0.30","0.60"
"AL","Alluvium","AL_C","Undefined","220","Sandy gravelly CLAY","Soft to firm light brown slightly gravelly sandy CLAY. Gravel is subangular to subrounded fine to medium occasionally coarse of flint and chalk (ALLUVIUM) (2).","Alluvium","","","TP301","0.50","D","001","","","0.50","01","","Wet sieve","21.00","","0.50","01","","","46.00","28.00","18","18.00","78.00","","","","","","","","","","","","","","","","","","","","","","","","","","","","","","","","","","","","0.29","0.59"
"AL","Alluvium","AL_C","Undefined","203","Sandy CLAY","Firm light greyish brown slightly sandy CLAY. (ALLUVIUM) (2).","Alluvium","","","OS01","0.50","D","001","","","0.50","01","","Natural","19.00","","0.50","01","","","52.00","25.00","27","27.00","100.00","","","","","","","","","","","","","","","","","","","","","","","","","","","","","","","","","","","","0.40","0.55"
"AL","Alluvium","AL_C","Undefined","220","Sandy gravelly CLAY","Firm light grey slightly sandy slightly gravelly CLAY. Gravel sized fragments are angular to subrounded fine to medium occasionally coarse of flint, chalk, charcoal and animal bone (Possible Archaeological Feature) (ALLUVIUM) (3).","Alluvium","","","TP328","0.50","D","001","","","0.50","01","","Wet sieve","22.00","","0.50","01","","","42.00","24.00","18","18.00","88.00","","","","","","","","","","","","","","","","","","","","","","","","","","","","","","","","","","","","0.40","0.90"
"AL","Alluvium","AL_C","Undefined","220","Sandy gravelly CLAY","Soft to firm orangish brown slightly sandy slightly gravelly CLAY. Gravel is fine to medium occasionally coarse of flint and chalk (HEAD DEPOSITS) (2).","Head","","","TP327","0.50","D","001","","","0.50","01","","Wet sieve","22.00","","0.50","01","","","56.00","37.00","19","19.00","94.00","","","","","","","","","","","","","","","","","","","","","","","","","","","","","","","","","","","","0.30","0.99"
"AL","Alluvium","AL_C","Undefined","220","Sandy gravelly CLAY","Soft to firm orangish brown slightly sandy slightly gravelly CLAY. Gravel is fine to medium occasionally coarse of flint and chalk (HEAD DEPOSITS) (2).","Head","","","TP327","0.50","LB","002","","","","","","","","","","","","","","","","","","","","","0.50","01","","","","","","","","","","","","","","","","","","","","","","","","","","","","","","","0.30","0.99"
"AL","Alluvium","AL_C","Undefined","220","Sandy gravelly CLAY","Firm grey slightly sandy slightly gravelly CLAY with occasional roots and rootlets. Gravel is subangular to subrounded fine to coarse of flint and chalk. (ALLUVIUM) (2)","Alluvium","","","TP335","0.50","D","001","","","0.50","01","","Natural","26.00","","0.50","01","","","61.00","39.00","22","22.00","100.00","","","","","","","","","","","","","","","","","","","","","","","","","","","","","","","","","","","","0.32","0.65"
"AL","Alluvium","AL_C","Undefined","203","Sandy CLAY","Soft light orangish brown mottled bluish grey slightly sandy CLAY. Sand is fine to coarse.","ALLUVIUM","","","BH425","1.20","B","6","","1.65","","","","","","","","","","","","","","","","","","","1.20","","","","","48.00","16.00","35.00","1.00","0.00","63.50","","","","","","","","","","","","","","","","","","","","","","0.60","1.50"
"AL","Alluvium","AL_C","Undefined","203","Sandy CLAY","Soft light orangish brown mottled bluish grey slightly sandy CLAY. Sand is fine to coarse.","ALLUVIUM","","","BH425","1.20","D","7","","1.65","1.20","","","","35.00","","1.20","","","","74.00","47.00","27","27.00","100.00","","","","","","","","","","","","","","","","","","","","","","","","","","","","","","","","","","","","0.60","1.50"
"AL","Alluvium","AL_C","Undefined","201","CLAY","Very soft to soft dark brown turning light greyish brown occasionally mottled orange CLAY with occasional subangular fine to coarse fragments of chert.","Reworked KIMMERIDGE CLAY FORMATION, Zone V","","","BH467","0.40","B","","","","","","","","","","","","","","","","","","","","","","0.40","","","","","66.00","9.00","23.00","2.00","0.00","75.20","","","","","","","","","","","","","","","","","","","","","","0.20","1.72"
"AL","Alluvium","AL_C","Undefined","201","CLAY","Very soft to soft dark brown turning light greyish brown occasionally mottled orange CLAY with occasional subangular fine to coarse fragments of chert.","Reworked KIMMERIDGE CLAY FORMATION, Zone V","","","BH467","0.60","D","","","","0.60","","","","34.00","","0.60","","","","62.00","37.00","25","25.00","97.00","","","","","","","","","","","","","","","","","","","","","","","","","","","","","","","","","","","","0.20","1.72"
"AL","Alluvium","AL_C","Undefined","220","Sandy gravelly CLAY","Very soft dark brown slightly gravelly slightly gravelly CLAY. Gravel is sub-angular to sub-rounded fine of chert, flint, and chalk.","Reworked KIMMERIDGE CLAY FORMATION, Zone V","","","BH467","1.90","D","","","","1.90","","","","29.00","","1.90","","","","59.00","35.00","24","24.00","91.00","","","","","","","","","","","","","","","","","","","","","","","","","","","","","","","","","","","","1.72","2.40"
"AL","Alluvium","AL_C","Undefined","203","Sandy CLAY","Soft to firm light orangish brown mottled light grey sandy CLAY. Sand is fine to coarse.","ALLUVIUM","","","BH423","0.60","D","","","","0.60","","","","48.00","","0.60","","","","66.00","37.00","29","29.00","100.00","","","","","","","","","","","","","","","","","","","","","","","","","","","","","","","","","","","","0.60","1.20"
"AL","Alluvium","AL_C","Undefined","203","Sandy CLAY","Very soft brown occasionally mottled light brown slightly sandy CLAY. Sand is fine to medium.","","","","BH494","0.50","D","4","#2936120870780002","","0.50","","","","26.00","","0.50","","","","47.00","27.00","20","20.00","93.00","","","","","","","","","","","","","","","","","","","","","","","","","","","","","","","","","","","","0.00","0.55"
"AL","Alluvium","AL_C","Undefined","201","CLAY","Soft to firm light bluish grey mottled orangish brown slightly gravelly slightly sandy CLAY. Gravel is subangular to subrounded fine to coarse of chert and chalk.","","","","BH477","0.90","B","","","","","","","","","","","","","","","","","","","","","","0.90","","","","","95.00","3.00","2.00","0.00","0.00","97.90","","","","","","","","","","","","","","","","","","","","","","0.90","1.60"
"AL","Alluvium","AL_C","Undefined","201","CLAY","Soft to firm light bluish grey mottled orangish brown slightly gravelly slightly sandy CLAY. Gravel is subangular to subrounded fine to coarse of chert and chalk.","","","","BH477","1.10","D","","","","1.10","","","","34.00","","1.10","","","","69.00","38.00","31","31.00","100.00","","","","","","","","","","","","","","","","","","","","","","","","","","","","","","","","","","","","0.90","1.60"
"AL","Alluvium","AL_G","Undefined","404","Gravelly SAND","Very loose to loose light brown locally mottled grey gravelly SAND.  Sand is fine to coarse. Gravel is subangular to subrounded fine to medium of sandstone, limestone and siliceous material. ","","","","BH541","1.85","B","10","","2.20","1.85","","","","19.00","","1.85","","","","","","NP","","72.00","","","","1.85","","","","","0.00","6.00","87.00","7.00","0.00","5.80","","","","","","","","","","","","","","","","","","","","","","1.85","4.20"
"AL","Alluvium","AL_G","Undefined","404","Gravelly SAND","Very loose to loose light brown locally mottled grey gravelly SAND.  Sand is fine to coarse. Gravel is subangular to subrounded fine to medium of sandstone, limestone and siliceous material. ","","","","BH541","2.30","B","13","","3.80","","","","","","","","","","","","","","","","","","","2.30","","","","","0.00","2.00","39.00","59.00","0.00","2.20","","","","","","","","","","","","","","","","","","","","","","1.85","4.20"
"AL","Alluvium","AL_C","Undefined","318","Sandy organic SILT","Soft to firm light grey brown sandy SILT and very silty fine SAND with occasional gastropod shells. [Alluvium)","Alluvium","","","TP09","0.90","B","1","","","","","","","","","","","","","","","","","","","","","0.90","","","","","4.00","59.00","32.00","5.00","","","","","","","","","","","","","","","","","","","","","","","","0.70","1.05"
"CG","Corallian Group","CG_KF","Undefined","402","Clayey SAND","light grey slightly clayey silty fine to medium SAND (CORALLIAN)","Corallian Group","","","BH09","12.50","D","7","","","","","","","","","","","","","","","","","","","","","12.50","","","","","1.00","12.00","85.00","2.00","","","","","","","","","","","","","","","","","","","","","","","","12.50","13.17"
"CG","Corallian Group","CG_KF","Undefined","404","Gravelly SAND","grey green fine to medium SAND with a little fine gravel. (CORALLIAN)","Corallian Group","","","BH09","16.00","D","8","","","","","","","","","","","","","","","","","","","","","16.00","","","","","0.00","10.00","89.00","1.00","","","","","","","","","","","","","","","","","","","","","","","","15.90","16.40"
"CG","Corallian Group","CG_KF","Undefined","207","Silty sandy CLAY","Stiff very closely fissured dark grey very silty sandy CLAY with trace to frequent shell fragments. (CORALLIAN)","Ampthill Clay Formation","","","BH20","15.00","D","14","","","15.00","","","","21.00","","","","","","","","","","","","","","","","","","","","","","","","","","","","","","","","","","","","","","","","","","","","","","15.00","15.73"
"CG","Corallian Group","CG_SF","Undefined","804","LIMESTONE","Strong grey fossiliferous LIMESTONE. Slightly weathered with closely spaced dissolution voids infilled with very stiff and hard dark grey slightly sandy clay and occasional voids infilled with calcite crystals. (CORALLIAN GROUP)","Corallian Group","","","BH314","23.92","D","017","","","23.92","01","","Wet sieve","21.00","","23.92","01","","","55.00","","","","18.00","0.43","","","","","","","","","","","","","","","","","","","","","","","","","","","","","","","","","","","23.82","24.69"
"CG","Corallian Group","CG_SF","Undefined","803","SANDSTONE","Very stiff and hard indistinctly fissured thinly laminated light greenish grey CLAY and closely to medium spaced thin to medium beds of moderately strong light grey fine grained calcareous sandstone and moderately strong light grey argillaceous limestone. Fissures are very closely to medium spaced randomly orientated. (CORALLIAN GROUP)","Corallian Group","","","BH380","26.65","D","011","","","26.65","01","","Natural","21.00","","26.65","01","","","84.00","56.00","28","28.00","100.00","","","","","","","","","","","","","","","","","","","","","","","","","","","","","","","","","","","","26.33","29.30"
"CG","Corallian Group","CG_SF","Undefined","203","Sandy CLAY","Stiff dark grey to grey sandy CLAY. Sand is fine to coarse. ","CORALLIAN GROUP","","","BH425","29.00","D","80","","","29.00","","","","16.00","","29.00","","","","41.00","27.00","14","14.00","100.00","","","","","","","","","","","","","","","","","","","","","","","","","","","","","","","","","","","","28.70","29.70"
"CG","Corallian Group","CG_SF","Undefined","804","LIMESTONE","Thickly interbedded very strong pale grey fossiliferous LIMESTONE and stiff grey clay.","CORALLIAN GROUP","","","BH425","30.30","D","84","","","30.30","","","","24.00","","30.30","","","","71.00","49.00","22","22.00","100.00","","","","","","","","","","","","","","","","","","","","","","","","","","","","","","","","","","","","29.70","32.30"
"CG","Corallian Group","CG_SF","Undefined","803","SANDSTONE","Dark grey slightly to moderately weathered fine to coarse grained slightly calcareous oolitic SANDSTONE weak to strong with frequent shell fragments.(CORALLIAN)","Corallian Group","","","BH19","13.45","C","1","","13.85","13.45","","","","1.90","","","","","","","","","","","","","","","","","","","","","","","","","","","","","","","","","","","","","13.45","","","","","2.57","","","","13.30","13.95"
"GF","Gault Clay Formation","GF_W","Undefined","202","Silty CLAY","Firm to stiff extremely to very closely fissured dark grey brown very silty CLAY with occasional orange rootlets with rare orange brown concretions <20mm. Fissures random smooth tight, grey stained, many dip 30-60? at 170-100?N, some polished above 3.50m. (Gault)","Gault Clay Formation","","","TP17","2.70","B","1","","","2.70","","","","40.00","","2.70","","","","91.00","57.00","34","34.00","","","","","2.70","","","","","27.00","70.00","3.00","0.00","","","","","","","","","","","","","","","","","","","","","","","","2.20","4.50"
"GF","Gault Clay Formation","GF_W","Undefined","202","Silty CLAY","Shear surface slightly undulating smooth polished dip 2?, 290?N on soft to firm and firm extremely closely fissured (<5mm) light grey brown occasional orange brown mottling very silty CLAY. Many smooth polished surfaces beneath main shear surface persistance <0.1m. Trace of white precipitate on fissures. [Basal Solifluction Shear]","Head Deposits","","","TP14","1.55","BLK","1","","1.85","1.55","","","","35.00","","1.55","","","","77.00","49.00","28","28.00","","","","","1.55","","","","","10.00","89.00","1.00","0.00","","","","","","","","","","","","","","","1.55","1","","","","1.81","","","","1.55","1.75"
"GF","Gault Clay Formation","GF_W","Undefined","202","Silty CLAY","Shear surface slightly undulating smooth polished dip 2?, 290?N on soft to firm and firm extremely closely fissured (<5mm) light grey brown occasional orange brown mottling very silty CLAY. Many smooth polished surfaces beneath main shear surface persistance <0.1m. Trace of white precipitate on fissures. [Basal Solifluction Shear]","Head Deposits","","","TP14","1.55","BLK","1","","1.85","1.55","","","","35.00","","1.55","","","","77.00","49.00","28","28.00","","","","","1.55","","","","","10.00","89.00","1.00","0.00","","","","","","","","","","","","","","","1.55","2","","","","1.83","","","","1.55","1.75"
"GF","Gault Clay Formation","GF_W","Undefined","202","Silty CLAY","Shear surface slightly undulating smooth polished dip 2?, 290?N on soft to firm and firm extremely closely fissured (<5mm) light grey brown occasional orange brown mottling very silty CLAY. Many smooth polished surfaces beneath main shear surface persistance <0.1m. Trace of white precipitate on fissures. [Basal Solifluction Shear]","Head Deposits","","","TP14","1.55","BLK","1","","1.85","1.55","","","","35.00","","1.55","","","","77.00","49.00","28","28.00","","","","","1.55","","","","","10.00","89.00","1.00","0.00","","","","","","","","","","","","","","","1.55","3","","","","1.84","","","","1.55","1.75"
"GF","Gault Clay Formation","GF_W","Undefined","201","CLAY","Stiff extremely becoming very closely fissured grey and grey brown CLAY with a little firm to stiff clay along fissures. Fissures irregular sub- horizontal to 5? 300?N and random many orange brown stained. [Gault]","Gault Clay Formation","","","TP12","3.10","B","2","","","3.10","","","","33.00","","3.10","","","","60.00","35.00","25","25.00","","","","","3.10","","","","","30.00","48.00","9.00","13.00","","","3.10","","","","2.61","","","","","","","","","","","","","","","","","2.80","3.30"
"GF","Gault Clay Formation","GF_UW","Undefined","201","CLAY","Firm to stiff extremely closely fissured green brown CLAY with rare disseminated selenite and rootlets. Fissures generally sub-horizontal and sub-vertical tight rough tabular with rare orange brown dusting. (GAULT)","Gault Clay Formation","","","BH30","2.50","C","1","","3.50","2.50","","","","26.00","","2.50","","","","49.00","28.00","21","21.00","","","","","2.50","","","","","43.00","45.00","11.00","1.00","","","2.50","","","","2.75","","","","","","","","2.50","1","","","","1.88","","","","2.50","3.75"
"GF","Gault Clay Formation","GF_UW","Undefined","201","CLAY","Firm to stiff extremely closely fissured green brown CLAY with rare disseminated selenite and rootlets. Fissures generally sub-horizontal and sub-vertical tight rough tabular with rare orange brown dusting. (GAULT)","Gault Clay Formation","","","BH30","2.50","C","1","","3.50","2.50","","","","26.00","","2.50","","","","49.00","28.00","21","21.00","","","","","2.50","","","","","43.00","45.00","11.00","1.00","","","2.50","","","","2.75","","","","","","","","2.50","2","","","","1.85","","","","2.50","3.75"
"GF","Gault Clay Formation","GF_UW","Undefined","201","CLAY","Firm to stiff extremely closely fissured green brown CLAY with rare disseminated selenite and rootlets. Fissures generally sub-horizontal and sub-vertical tight rough tabular with rare orange brown dusting. (GAULT)","Gault Clay Formation","","","BH30","2.50","C","1","","3.50","2.50","","","","26.00","","2.50","","","","49.00","28.00","21","21.00","","","","","2.50","","","","","43.00","45.00","11.00","1.00","","","2.50","","","","2.75","","","","","","","","2.50","3","","","","1.79","","","","2.50","3.75"
"GF","Gault Clay Formation","GF_W","Undefined","201","CLAY","Firm to stiff dark grey and grey brown very closely fissurd poorly laminated to very thinly bedded CLAY with trace ammonite shell fragments and rare selenite sand and rootlets. Fissuring tends to sub-horizontal and sub-vertical tabular some discoloured brown. Bedding dip 5-10? 270?N. Sub-vertical fissure set strike 120?N and 230?N. (GAULT)","Gault Clay Formation","","","TP06","3.00","B","3","","","3.00","","","","32.00","","3.00","","","","56.00","32.00","24","24.00","","","","","","","","","","","","","","","","3.00","","","","2.65","","","","","","","","","","","","","","","","","2.20","4.15"
"GF","Gault Clay Formation","GF_W","Undefined","201","CLAY","Firm to stiff dark grey and grey brown very closely fissurd poorly laminated to very thinly bedded CLAY with trace ammonite shell fragments and rare selenite sand and rootlets. Fissuring tends to sub-horizontal and sub-vertical tabular some discoloured brown. Bedding dip 5-10? 270?N. Sub-vertical fissure set strike 120?N and 230?N. (GAULT)","Gault Clay Formation","","","TP06","4.00","B","4","","","4.00","","","","28.00","","4.00","","","","52.00","31.00","21","21.00","","","","","","","","","","","","","","","","","","","","","","","","","","","","","","","","","","","","","2.20","4.15"
"GF","Gault Clay Formation","GF_W","Undefined","203","Sandy CLAY","Firm extremely to very closely fissured poorly laminated dark grey with some orange brown and light brown slightly sandy CLAY with frequent brown partings and pockets (<10mm) and fissure coating of fine selenite sand. (GAULT)","Gault Clay Formation","","","TP06","2.00","B","2","","","2.00","","","","29.00","","2.00","","","","55.00","35.00","20","20.00","","","","","","","","","","","","","","","","","","","","","","","","","","","","","","","","","","","","","1.60","2.20"
"GF","Gault Clay Formation","GF_W","Undefined","202","Silty CLAY","Firm to stiff dark grey and brown very silty CLAY, very cloasely fissured, with occasional shell fragments. (Gault Clay)","Gault Clay Formation","","","EA5","3.50","U","21","","3.95","3.50","","","","21.00","No","","","","","","","","","","","","","","","","","","","","","","","","","","","","","","","","","","","","","","","","","","","","","2.65","10.95"
"GF","Gault Clay Formation","GF_W","Undefined","202","Silty CLAY","Firm to stiff dark grey and brown very silty CLAY, very cloasely fissured, with occasional shell fragments. (Gault Clay)","Gault Clay Formation","","","EA5","4.50","U","24","","4.95","4.50","","","","24.00","No","","","","","","","","","","","","","","","","","","","","","","","","","","","","","","","","","","","","","","","","","","","","","2.65","10.95"
"GF","Gault Clay Formation","GF_W","Undefined","202","Silty CLAY","Firm to stiff dark grey and brown very silty CLAY, very cloasely fissured, with occasional shell fragments. (Gault Clay)","Gault Clay Formation","","","EA5","5.50","U","26","","5.95","5.50","","","","20.00","No","","","","","","","","","","","","","","","","","","","","","","","","","","","","","","","","","","","","","","","","","","","","","2.65","10.95"
"GF","Gault Clay Formation","GF_W","Undefined","202","Silty CLAY","Firm to stiff dark grey and brown very silty CLAY, very cloasely fissured, with occasional shell fragments. (Gault Clay)","Gault Clay Formation","","","EA5","6.50","U","29","","6.95","6.50","","","","26.00","No","","","","","","","","","","","","","","","","","","","","","","","","","","","","","","","","","","","","","","","","","","","","","2.65","10.95"
"GF","Gault Clay Formation","GF_W","Undefined","202","Silty CLAY","Firm to stiff dark grey and brown very silty CLAY, very cloasely fissured, with occasional shell fragments. (Gault Clay)","Gault Clay Formation","","","EA5","7.50","U","33","","7.95","7.50","","","","23.00","No","","","","","","","","","","","","","","","","","","","","","","","","","","","","","","","","","","","","","","","","","","","","","2.65","10.95"
"GF","Gault Clay Formation","GF_W","Undefined","202","Silty CLAY","Firm to stiff dark grey and brown very silty CLAY, very cloasely fissured, with occasional shell fragments. (Gault Clay)","Gault Clay Formation","","","EA5","8.50","U","31","","8.95","8.50","","","","23.00","No","","","","","","","","","","","","","","","","","","","","","","","","","","","","","","","","","","","","","","","","","","","","","2.65","10.95"
"GF","Gault Clay Formation","GF_W","Undefined","202","Silty CLAY","Firm to stiff dark grey and brown very silty CLAY, very cloasely fissured, with occasional shell fragments. (Gault Clay)","Gault Clay Formation","","","EA5","9.50","U","37","","9.95","9.50","","","","20.00","No","","","","","","","","","","","","","","","","","","","","","","","","","","","","","","","","","","","","","","","","","","","","","2.65","10.95"
"GF","Gault Clay Formation","GF_W","Undefined","202","Silty CLAY","Firm to stiff dark grey and brown very silty CLAY, very cloasely fissured, with occasional shell fragments. (Gault Clay)","Gault Clay Formation","","","EA5","10.50","U","55","","10.95","10.50","","","","17.00","No","","","","","","","","","","","","","","","","","","","","","","","","","","","","","","","","","","","","","","","","","","","","","2.65","10.95"
"GF","Gault Clay Formation","GF_UW","Undefined","201","CLAY","Firm to stiff occasionally very stiff dark grey very closely fissured micaceous CLAY. (Gault Clay)","Gault Clay Formation","","","EA2","5.50","U","36","","5.95","5.50","","","","25.00","No","","","","","","","","","","","","","","","","","","","","","","","","","","","","","","","","","","","","","","","","","","","","","5.00","9.25"
"GF","Gault Clay Formation","GF_UW","Undefined","201","CLAY","Firm to stiff occasionally very stiff dark grey very closely fissured micaceous CLAY. (Gault Clay)","Gault Clay Formation","","","EA2","6.50","U","37","","6.95","6.50","","","","19.00","No","","","","","","","","","","","","","","","","","","","","","","","","","","","","","","","","","","","","","","","","","","","","","5.00","9.25"
"GF","Gault Clay Formation","GF_UW","Undefined","201","CLAY","Firm to stiff occasionally very stiff dark grey very closely fissured micaceous CLAY. (Gault Clay)","Gault Clay Formation","","","EA2","7.50","U","32","","7.95","7.50","","","","25.00","No","","","","","","","","","","","","","","","","","","","","","","","","","","","","","","","","","","","","","","","","","","","","","5.00","9.25"
"GF","Gault Clay Formation","GF_UW","Undefined","201","CLAY","Firm to stiff occasionally very stiff dark grey very closely fissured micaceous CLAY. (Gault Clay)","Gault Clay Formation","","","EA2","8.50","U","46","","8.95","8.50","","","","15.00","No","","","","","","","","","","","","","","","","","","","","","","","","","","","","","","","","","","","","","","","","","","","","","5.00","9.25"
"GF","Gault Clay Formation","GF_UW","Undefined","211","Silty sandy gravelly CLAY","Stiff dark grey very silty very closely fissured micaceous CLAY, Occasional lenses of yellow brown and brown sand and fine gravel of chalk along fissure planes. Occasional shell fragemnts. (Gault Clay)","","","","EA2","4.50","U","29","","4.95","4.50","","","","19.00","No","","","","","","","","","","","","","","","","","","","","","","","","","","","","","","","","","","","","","","","","","","","","","4.00","5.00"
"GF","Gault Clay Formation","GF_W","Undefined","202","Silty CLAY","Firm to stiff dark grey mottled dark brown very silty very closely fissured micaceous CLAY, with occasional shell fragments. (Gault Clay)","","","","EA2","2.50","U","16","","2.95","2.50","","","","21.00","No","","","","","","","","","","","","","","","","","","","","","","","","","","","","","","","","","","","","","","","","","","","","","1.70","4.00"
"GF","Gault Clay Formation","GF_W","Undefined","202","Silty CLAY","Firm to stiff dark grey mottled dark brown very silty very closely fissured micaceous CLAY, with occasional shell fragments. (Gault Clay)","","","","EA2","3.50","U","22","","3.95","3.50","","","","22.00","No","","","","","","","","","","","","","","","","","","","","","","","","","","","","","","","","","","","","","","","","","","","","","1.70","4.00"
"GF","Gault Clay Formation","GF_UW","Undefined","201","CLAY","Stiff grey and orange brown mottled CLAY with trace rootlets. Indistinctly fissile and extremely closely fissured. Becoming dark grey with some brown mottling. (GAULT)","Gault Clay Formation","","","BH46","1.50","U","3","","1.95","1.50","","","","27.00","","1.50","","","","54.00","34.00","20","20.00","","","","","","","","","","","","","","","","1.50","","","","2.19","","","","","","","","","","","","","","","","","1.30","2.00"
"GF","Gault Clay Formation","GF_W","Undefined","201","CLAY","Firm extremely closely fissured orange brown mottled grey CLAY with rare irregular orange brown silt pockets (<10mm). Fissures randon tight. Heavily crysturbeted slong boundary with gravels. (KIMMERIDGE CLAY)","Kimmeridge Clay Formation","","","TP04","1.80","B","1","","","1.80","","","","19.00","","1.80","","","","44.00","27.00","17","17.00","87.00","","","","1.80","","","","","7.00","91.00","2.00","0.00","","","","","","","","","","","","","","","1.80","1","","","","2.03","","","","1.50","2.25"
"GF","Gault Clay Formation","GF_W","Undefined","201","CLAY","Firm extremely closely fissured orange brown mottled grey CLAY with rare irregular orange brown silt pockets (<10mm). Fissures randon tight. Heavily crysturbeted slong boundary with gravels. (KIMMERIDGE CLAY)","Kimmeridge Clay Formation","","","TP04","1.80","B","1","","","1.80","","","","19.00","","1.80","","","","44.00","27.00","17","17.00","87.00","","","","1.80","","","","","7.00","91.00","2.00","0.00","","","","","","","","","","","","","","","1.80","2","","","","2.05","","","","1.50","2.25"
"GF","Gault Clay Formation","GF_W","Undefined","201","CLAY","Firm extremely closely fissured orange brown mottled grey CLAY with rare irregular orange brown silt pockets (<10mm). Fissures randon tight. Heavily crysturbeted slong boundary with gravels. (KIMMERIDGE CLAY)","Kimmeridge Clay Formation","","","TP04","1.80","B","1","","","1.80","","","","19.00","","1.80","","","","44.00","27.00","17","17.00","87.00","","","","1.80","","","","","7.00","91.00","2.00","0.00","","","","","","","","","","","","","","","1.80","3","","","","2.04","","","","1.50","2.25"
"GF","Gault Clay Formation","GF_UW","Undefined","202","Silty CLAY","Stiff becoming very stiff dark grey very silty micaceous CLAY, very closely fissured. Fissures occasionally open (<1mm) with soft clay infill. Occasional shell fragments. (Gault Clay)","Gault Clay Formation","","","EA4","3.50","U","26","","3.95","3.50","","","","19.00","No","","","","","","","","","","","","","","","","","","","","","","","","","","","","","","","","","","","","","","","","","","","","","3.00","15.50"
"GF","Gault Clay Formation","GF_UW","Undefined","202","Silty CLAY","Stiff becoming very stiff dark grey very silty micaceous CLAY, very closely fissured. Fissures occasionally open (<1mm) with soft clay infill. Occasional shell fragments. (Gault Clay)","Gault Clay Formation","","","EA4","4.50","U","34","","4.95","4.50","","","","19.00","No","","","","","","","","","","","","","","","","","","","","","","","","","","","","","","","","","","","","","","","","","","","","","3.00","15.50"
"GF","Gault Clay Formation","GF_UW","Undefined","202","Silty CLAY","Stiff becoming very stiff dark grey very silty micaceous CLAY, very closely fissured. Fissures occasionally open (<1mm) with soft clay infill. Occasional shell fragments. (Gault Clay)","Gault Clay Formation","","","EA4","5.50","U","41","","5.95","5.50","","","","17.00","No","","","","","","","","","","","","","","","","","","","","","","","","","","","","","","","","","","","","","","","","","","","","","3.00","15.50"
"GF","Gault Clay Formation","GF_UW","Undefined","202","Silty CLAY","Stiff becoming very stiff dark grey very silty micaceous CLAY, very closely fissured. Fissures occasionally open (<1mm) with soft clay infill. Occasional shell fragments. (Gault Clay)","Gault Clay Formation","","","EA4","6.50","U","43","","6.95","6.50","","","","20.00","No","","","","","","","","","","","","","","","","","","","","","","","","","","","","","","","","","","","","","","","","","","","","","3.00","15.50"
"GF","Gault Clay Formation","GF_UW","Undefined","202","Silty CLAY","Stiff becoming very stiff dark grey very silty micaceous CLAY, very closely fissured. Fissures occasionally open (<1mm) with soft clay infill. Occasional shell fragments. (Gault Clay)","Gault Clay Formation","","","EA4","7.50","U","43","","7.95","7.50","","","","21.00","No","","","","","","","","","","","","","","","","","","","","","","","","","","","","","","","","","","","","","","","","","","","","","3.00","15.50"
"GF","Gault Clay Formation","GF_UW","Undefined","202","Silty CLAY","Stiff becoming very stiff dark grey very silty micaceous CLAY, very closely fissured. Fissures occasionally open (<1mm) with soft clay infill. Occasional shell fragments. (Gault Clay)","Gault Clay Formation","","","EA4","8.50","U","49","","8.95","8.50","","","","21.00","No","","","","","","","","","","","","","","","","","","","","","","","","","","","","","","","","","","","","","","","","","","","","","3.00","15.50"
"GF","Gault Clay Formation","GF_UW","Undefined","202","Silty CLAY","Stiff becoming very stiff dark grey very silty micaceous CLAY, very closely fissured. Fissures occasionally open (<1mm) with soft clay infill. Occasional shell fragments. (Gault Clay)","Gault Clay Formation","","","EA4","9.50","U","56","","9.95","9.50","","","","17.00","No","","","","","","","","","","","","","","","","","","","","","","","","","","","","","","","","","","","","","","","","","","","","","3.00","15.50"
"GF","Gault Clay Formation","GF_UW","Undefined","202","Silty CLAY","Stiff becoming very stiff dark grey very silty micaceous CLAY, very closely fissured. Fissures occasionally open (<1mm) with soft clay infill. Occasional shell fragments. (Gault Clay)","Gault Clay Formation","","","EA4","10.50","U","57","","10.95","10.50","","","","22.00","No","","","","","","","","","","","","","","","","","","","","","","","","","","","","","","","","","","","","","","","","","","","","","3.00","15.50"
"GF","Gault Clay Formation","GF_UW","Undefined","202","Silty CLAY","Stiff becoming very stiff dark grey very silty micaceous CLAY, very closely fissured. Fissures occasionally open (<1mm) with soft clay infill. Occasional shell fragments. (Gault Clay)","Gault Clay Formation","","","EA4","12.00","U","69","","12.45","12.00","","","","21.00","No","","","","","","","","","","","","","","","","","","","","","","","","","","","","","","","","","","","","","","","","","","","","","3.00","15.50"
"GF","Gault Clay Formation","GF_UW","Undefined","202","Silty CLAY","Stiff becoming very stiff dark grey very silty micaceous CLAY, very closely fissured. Fissures occasionally open (<1mm) with soft clay infill. Occasional shell fragments. (Gault Clay)","Gault Clay Formation","","","EA4","13.50","U","71","","13.95","13.50","","","","18.00","No","","","","","","","","","","","","","","","","","","","","","","","","","","","","","","","","","","","","","","","","","","","","","3.00","15.50"
"GF","Gault Clay Formation","GF_UW","Undefined","202","Silty CLAY","Stiff becoming very stiff dark grey very silty micaceous CLAY, very closely fissured. Fissures occasionally open (<1mm) with soft clay infill. Occasional shell fragments. (Gault Clay)","Gault Clay Formation","","","EA4","15.00","U","80","","15.45","15.00","","","","21.00","No","","","","","","","","","","","","","","","","","","","","","","","","","","","","","","","","","","","","","","","","","","","","","3.00","15.50"
"GF","Gault Clay Formation","GF_W","Undefined","202","Silty CLAY","Firm dark grey and dark brown very silty CLAY very closely fissured. Ocassional rootlets and plant remains. (Gault Clay)","","","","EA4","2.50","U","19","","2.95","2.50","","","","21.00","No","","","","","","","","","","","","","","","","","","","","","","","","","","","","","","","","","","","","","","","","","","","","","1.90","3.00"
"GF","Gault Clay Formation","GF_UW","Undefined","211","Silty sandy gravelly CLAY","Stiff to very stiff occasionally closely fissured dark grey very silty slightly micaceous CLAY with rare up to medium gravel sized bivalve fragments and occasional thin Laminations of grey silty fine sand. Indistinctly fissile at 10 deg. (bedding trend) (GAULT)","Gault Clay Formation","","","BH40","9.40","C","1","","","","","","","","","","","","","","","","","","","","","9.40","","","","","0.00","88.00","11.00","1.00","","","","","","","","","","","","","","","","","","","","","","","","4.80","10.50"
"GF","Gault Clay Formation","GF_W","Undefined","201","CLAY","Stiff to very stiff very closely fissured orange brown grey mottled light brown CLAY with frequent sand and fine gravel size selenite crystals in pockets <5mm and along fissures, with trace ammonite shell fragments. Above 1.40m with pockets <25mm of yellow silt. Many fissures sub-vertical smooth persistance >0.3m. (GAULT)","Gault Clay Formation","","","TP08","1.50","B","2","","","1.50","","","","23.00","","1.50","","","","56.00","31.00","25","25.00","100.00","","","","","","","","","","","","","","","1.50","","","","2.72","","","","","","","","1.50","1","","","","2.02","","","","1.20","2.00"
"GF","Gault Clay Formation","GF_W","Undefined","201","CLAY","Stiff to very stiff very closely fissured orange brown grey mottled light brown CLAY with frequent sand and fine gravel size selenite crystals in pockets <5mm and along fissures, with trace ammonite shell fragments. Above 1.40m with pockets <25mm of yellow silt. Many fissures sub-vertical smooth persistance >0.3m. (GAULT)","Gault Clay Formation","","","TP08","1.50","B","2","","","1.50","","","","23.00","","1.50","","","","56.00","31.00","25","25.00","100.00","","","","","","","","","","","","","","","1.50","","","","2.72","","","","","","","","1.50","2","","","","2.03","","","","1.20","2.00"
"GF","Gault Clay Formation","GF_W","Undefined","201","CLAY","Stiff to very stiff very closely fissured orange brown grey mottled light brown CLAY with frequent sand and fine gravel size selenite crystals in pockets <5mm and along fissures, with trace ammonite shell fragments. Above 1.40m with pockets <25mm of yellow silt. Many fissures sub-vertical smooth persistance >0.3m. (GAULT)","Gault Clay Formation","","","TP08","1.50","B","2","","","1.50","","","","23.00","","1.50","","","","56.00","31.00","25","25.00","100.00","","","","","","","","","","","","","","","1.50","","","","2.72","","","","","","","","1.50","3","","","","2.04","","","","1.20","2.00"
"GF","Gault Clay Formation","GF_W","Undefined","202","Silty CLAY","Firm to stiff extremely to very closely fissured dark grey CLAY with rare shell fragments and trace silty fine sand lenses <0.5mm thick. Fissures sub-horizontal and random irregular smooth. (GAULT)","Gault Clay Formation","","","TP07","3.50","B","3","","","3.50","","","","29.00","","3.50","","","","61.00","40.00","21","21.00","","","","","","","","","","","","","","","","","","","","","","","","","","","","3.50","1","","","","1.95","","","","3.40","4.00"
"GF","Gault Clay Formation","GF_W","Undefined","202","Silty CLAY","Firm to stiff extremely to very closely fissured dark grey CLAY with rare shell fragments and trace silty fine sand lenses <0.5mm thick. Fissures sub-horizontal and random irregular smooth. (GAULT)","Gault Clay Formation","","","TP07","3.50","B","3","","","3.50","","","","29.00","","3.50","","","","61.00","40.00","21","21.00","","","","","","","","","","","","","","","","","","","","","","","","","","","","3.50","2","","","","1.94","","","","3.40","4.00"
"GF","Gault Clay Formation","GF_W","Undefined","202","Silty CLAY","Firm to stiff extremely to very closely fissured dark grey CLAY with rare shell fragments and trace silty fine sand lenses <0.5mm thick. Fissures sub-horizontal and random irregular smooth. (GAULT)","Gault Clay Formation","","","TP07","3.50","B","3","","","3.50","","","","29.00","","3.50","","","","61.00","40.00","21","21.00","","","","","","","","","","","","","","","","","","","","","","","","","","","","3.50","3","","","","1.95","","","","3.40","4.00"
"GF","Gault Clay Formation","GF_UW","Undefined","201","CLAY","Stiff extremely closely (irregularly) fissured dark grey micaceous CLAY with traced blue grey discolouration on fissures, trace to frequent bioturbation and trace to rare shell fragments. (GAULT)","Gault Clay Formation","","","BH43","6.00","D","7","","","6.00","","","","25.00","","6.00","","","","66.00","50.00","16","16.00","","","","","","","","","","","","","","","","6.00","","","","2.65","","","","","","","","","","","","","","","","","5.30","6.45"
"GF","Gault Clay Formation","GF_UW","Undefined","201","CLAY","Very stiff extremely closely irregularly fissured grey brown with some dark grey mottles CLAY with trace shell fragments occasionally infilled with pyrite and irridescent. Extremely close horizontal to 10 deg fissility (bedding trend). (GAULT) ","Gault Clay Formation","","","BH43","23.00","D","23","","","23.00","","","","23.00","","23.00","","","","46.00","24.00","22","22.00","","","","","","","","","","","","","","","","","","","","","","","","","","","","","","","","","","","","","22.70","25.00"
"GF","Gault Clay Formation","GF_UW","Undefined","201","CLAY","Very stiff extremely closely irregularly fissured grey brown with some dark grey mottles CLAY with trace shell fragments occasionally infilled with pyrite and irridescent. Extremely close horizontal to 10 deg fissility (bedding trend). (GAULT) ","Gault Clay Formation","","","BH43","24.00","D","24","","","24.00","","","","23.00","","24.00","","","","47.00","26.00","21","21.00","","","","","","","","","","","","","","","","","","","","","","","","","","","","","","","","","","","","","22.70","25.00"
"GF","Gault Clay Formation","GF_UW","Undefined","201","CLAY","Veryustiff extremely closely (irregularly) with irridescent shell fragments (ammonite and bivalve) and rare bioturbation and extremely close horizontal fissility (bedding trend).  (GAULT)","Gault Clay Formation","","","BH43","18.00","D","19","","","18.00","","","","23.00","","18.00","","","","49.00","34.00","15","15.00","","","","","","","","","","","","","","","","18.00","","","","2.66","","","","","","","","","","","","","","","","","17.73","18.35"
"GF","Gault Clay Formation","GF_UW","Undefined","202","Silty CLAY","Very stiff very closely to closely ( 45 deg to vertically) fissured dark grey very silty micaceous CLAY with rare to trace bioturbation, rare shell fragments. Extremely close horizontal fissility (bedding trend). (GAULT) ","Gault Clay Formation","","","BH43","11.00","D","12","","","11.00","","","","21.00","","11.00","","","","60.00","40.00","20","20.00","","","","","","","","","","","","","","","","","","","","","","","","","","","","","","","","","","","","","10.65","13.25"
"GF","Gault Clay Formation","GF_UW","Undefined","202","Silty CLAY","Very stiff very closely to closely ( 45 deg to vertically) fissured dark grey very silty micaceous CLAY with rare to trace bioturbation, rare shell fragments. Extremely close horizontal fissility (bedding trend). (GAULT) ","Gault Clay Formation","","","BH43","12.00","D","13","","","12.00","","","","22.00","","12.00","","","","55.00","35.00","20","20.00","","","","","","","","","","","","","","","","12.00","","","","2.67","","","","","","","","","","","","","","","","","10.65","13.25"
"GF","Gault Clay Formation","GF_UW","Undefined","202","Silty CLAY","Very stiff very closely to closely ( 45 deg to vertically) fissured dark grey very silty micaceous CLAY with rare to trace bioturbation, rare shell fragments. Extremely close horizontal fissility (bedding trend). (GAULT) ","Gault Clay Formation","","","BH43","13.00","D","14","","","13.00","","","","20.00","","13.00","","","","55.00","35.00","20","20.00","","","","","","","","","","","","","","","","","","","","","","","","","","","","","","","","","","","","","10.65","13.25"
"GF","Gault Clay Formation","GF_UW","Undefined","202","Silty CLAY","Very stiff very closely to extremely closely (irregularly) fissured dark grey very very silty micaceous CLAY with frequent bioturbation and trace bivalve fragmenets. Becoming less silty with depth. (GAULT) ","Gault Clay Formation","","","BH43","16.00","D","17","","","16.00","","","","23.00","","16.00","","","","50.00","29.00","21","21.00","","","","","","","","","","","","","","","","","","","","","","","","","","","","","","","","","","","","","15.30","17.73"
"GF","Gault Clay Formation","GF_UW","Undefined","202","Silty CLAY","Very stiff very closely to extremely closely (irregularly) fissured dark grey very very silty micaceous CLAY with frequent bioturbation and trace bivalve fragmenets. Becoming less silty with depth. (GAULT) ","Gault Clay Formation","","","BH43","17.00","D","18","","","17.00","","","","21.00","","17.00","","","","50.00","30.00","20","20.00","","","","","","","","","","","","","","","","","","","","","","","","","","","","","","","","","","","","","15.30","17.73"
"GF","Gault Clay Formation","GF_UW","Undefined","204","Gravelly CLAY","Stiff very closely (20? to vertically) fissured dark grey micaceous CLAY with trace bioturbation rare shell fragments and rare fine gravel sized pyrite nodules. (GAULT)","Gault Clay Formation","","","BH43","10.00","D","11","","","10.00","","","","26.00","","10.00","","","","69.00","51.00","18","18.00","","","","","10.00","","","","","20.00","78.00","2.00","0.00","","","","","","","","","","","","","","","","","","","","","","","","9.50","10.65"
"GF","Gault Clay Formation","GF_UW","Undefined","207","Silty sandy CLAY","Firm to stiff very closely vertically to sub- vertically fissured with frequent bioturbation dark green grey very silty fine sandy micaceous CLAY. (GAULT)","Gault Clay Formation","","","BH43","5.00","D","6","","","5.00","","","","20.00","","5.00","","","","43.00","28.00","15","15.00","","","","","","","","","","","","","","","","","","","","","","","","","","","","","","","","","","","","","4.90","5.30"
"GF","Gault Clay Formation","GF_UW","Undefined","207","Silty sandy CLAY","Very stiff extremely closely ( 30 deg to 45?) fissured dark grey micaceous CLAY with frequent bivalve and ammonite fragments occasionally irridescent with associated silt and sand sized pyrite and rare to trace bioturbation. Indistinct 10 deg fissility (bedding trend). (GAULT) ","Gault Clay Formation","","","BH43","22.00","D","22","","","22.00","","","","25.00","","22.00","","","","51.00","29.00","22","22.00","","","","","","","","","","","","","","","","22.00","","","","2.65","","","","","","","","","","","","","","","","","21.30","22.70"
"GF","Gault Clay Formation","GF_UW","Undefined","207","Silty sandy CLAY","Very stiff extremely closely (irregularly) fissured dark grey brown very silty micaceous CLAY with frequent bioturbation and occasional silt and fine sand partings and extremely close 5? fissility (bedding trend). (GAULT)","Gault Clay Formation","","","BH43","19.00","D","20","","","19.00","","","","21.00","","19.00","","","","43.00","25.00","18","18.00","","","","","","","","","","","","","","","","","","","","","","","","","","","","","","","","","","","","","18.35","21.30"
"GF","Gault Clay Formation","GF_UW","Undefined","207","Silty sandy CLAY","Very stiff extremely closely (irregularly) fissured dark grey brown very silty micaceous CLAY with frequent bioturbation and occasional silt and fine sand partings and extremely close 5? fissility (bedding trend). (GAULT)","Gault Clay Formation","","","BH43","20.00","D","21","","","20.00","","","","22.00","","20.00","","","","48.00","29.00","19","19.00","","","","","","","","","","","","","","","","","","","","","","","","","","","","","","","","","","","","","18.35","21.30"
"GF","Gault Clay Formation","GF_UW","Undefined","207","Silty sandy CLAY","Very stiff extremely closely irregularly fissured dark blue grey with occasional orange mottles slightly micaceous CLAY with grey brown discolouration along fissures, rare shell fragments and silty fine sand pockets. (GAULT)","Gault Clay Formation","","","BH43","3.00","D","3","","","3.00","","","","26.00","","3.00","","","","57.00","35.00","22","22.00","","","","","","","","","","","","","","","","3.00","","","","2.60","","","","","","","","","","","","","","","","","2.45","4.90"
"GF","Gault Clay Formation","GF_UW","Undefined","207","Silty sandy CLAY","Very stiff extremely closely irregularly fissured dark blue grey with occasional orange mottles slightly micaceous CLAY with grey brown discolouration along fissures, rare shell fragments and silty fine sand pockets. (GAULT)","Gault Clay Formation","","","BH43","4.00","D","4","","","4.00","","","","28.00","","4.00","","","","60.00","35.00","25","25.00","","","","","","","","","","","","","","","","","","","","","","","","","","","","","","","","","","","","","2.45","4.90"
"GF","Gault Clay Formation","GF_UW","Undefined","207","Silty sandy CLAY","Very stiff extremely closely irregularly fissured dark blue grey with occasional orange mottles slightly micaceous CLAY with grey brown discolouration along fissures, rare shell fragments and silty fine sand pockets. (GAULT)","Gault Clay Formation","","","BH43","4.05","C","5","","4.44","","","","","","","4.05","","","","64.00","46.00","18","18.00","","","","","4.05","","","","","8.00","91.00","1.00","0.00","","","4.05","","","","2.57","","","","","","","","","","","","","","","","","2.45","4.90"
"GF","Gault Clay Formation","GF_UW","Undefined","207","Silty sandy CLAY","Very stiff very closely (30? to vertically) fissured dark green grey mottled grey brown CLAY with abundant bioturbation and trace to frequent fine sand and silt partings (dip horizontal to 5? bedding trend). (GAULT)","Gault Clay Formation","","","BH43","7.00","D","8","","","7.00","","","","23.00","","7.00","","","","56.00","38.00","18","18.00","","","","","","","","","","","","","","","","","","","","","","","","","","","","","","","","","","","","","6.85","7.35"
"GF","Gault Clay Formation","GF_UW","Undefined","207","Silty sandy CLAY","Very stiff very closely (45? to vertically) fissured dark rey very silty fine sandy micaceous CLAY, with trace bioturbation and trace to rare bivalve shells. (GAULT)","Gault Clay Formation","","","BH43","8.00","D","9","","","8.00","","","","21.00","","8.00","","","","51.00","31.00","20","20.00","","","","","","","","","","","","","","","","","","","","","","","","","","","","","","","","","","","","","7.35","9.50"
"GF","Gault Clay Formation","GF_UW","Undefined","207","Silty sandy CLAY","Very stiff very closely (45? to vertically) fissured dark rey very silty fine sandy micaceous CLAY, with trace bioturbation and trace to rare bivalve shells. (GAULT)","Gault Clay Formation","","","BH43","9.00","D","10","","","9.00","","","","24.00","","9.00","","","","59.00","38.00","21","21.00","","","","","","","","","","","","","","","","9.00","","","","2.65","","","","","","","","","","","","","","","","","7.35","9.50"
"GF","Gault Clay Formation","GF_UW","Undefined","207","Silty sandy CLAY","Very stiff very closely 45 deg to vertically, occasionally irregularlyfissured dark grey very silty fine sandy micaceous CLAY with frequent thin lenses and partings of silty fine sand, rare bioturbation and shell fragments. Extremely close horizontal to 5 deg fissility (bedding trend). (GAULT)        ","Gault Clay Formation","","","BH43","14.00","D","15","","","14.00","","","","21.00","","14.00","","","","49.00","28.00","21","21.00","","","","","","","","","","","","","","","","","","","","","","","","","","","","","","","","","","","","","13.25","15.30"
"GF","Gault Clay Formation","GF_UW","Undefined","207","Silty sandy CLAY","Very stiff very closely 45 deg to vertically, occasionally irregularlyfissured dark grey very silty fine sandy micaceous CLAY with frequent thin lenses and partings of silty fine sand, rare bioturbation and shell fragments. Extremely close horizontal to 5 deg fissility (bedding trend). (GAULT)        ","Gault Clay Formation","","","BH43","15.00","D","16","","","15.00","","","","20.00","","15.00","","","","49.00","30.00","19","19.00","","","","","","","","","","","","","","","","15.00","","","","2.67","","","","","","","","","","","","","","","","","13.25","15.30"
"GF","Gault Clay Formation","GF_UW","Undefined","211","Silty sandy gravelly CLAY","Very stiff dark grey extremely closely to very closely irregularly fissured very silty micaceous CLAY with trace bioturbation (occasional pyritized burrows) trace shells (bivalve), trace pockets of green silt and fine sand sized pyrite and rare medium gravel sized nodules and extremely close horizontal to 5? fissility (bedding trend). (GAULT) ","Gault Clay Formation","","","BH43","25.00","D","25","","","25.00","","","","22.00","","25.00","","","","54.00","34.00","20","20.00","","","","","","","","","","","","","","","","25.00","","","","2.63","","","","","","","","","","","","","","","","","25.00","29.00"
"GF","Gault Clay Formation","GF_UW","Undefined","211","Silty sandy gravelly CLAY","Very stiff dark grey extremely closely to very closely irregularly fissured very silty micaceous CLAY with trace bioturbation (occasional pyritized burrows) trace shells (bivalve), trace pockets of green silt and fine sand sized pyrite and rare medium gravel sized nodules and extremely close horizontal to 5? fissility (bedding trend). (GAULT) ","Gault Clay Formation","","","BH43","26.00","D","26","","","26.00","","","","22.00","","26.00","","","","64.00","43.00","21","21.00","","","","","","","","","","","","","","","","","","","","","","","","","","","","","","","","","","","","","25.00","29.00"
"GF","Gault Clay Formation","GF_UW","Undefined","211","Silty sandy gravelly CLAY","Very stiff dark grey extremely closely to very closely irregularly fissured very silty micaceous CLAY with trace bioturbation (occasional pyritized burrows) trace shells (bivalve), trace pockets of green silt and fine sand sized pyrite and rare medium gravel sized nodules and extremely close horizontal to 5? fissility (bedding trend). (GAULT) ","Gault Clay Formation","","","BH43","27.00","D","27","","","27.00","","","","21.00","","27.00","","","","49.00","30.00","19","19.00","","","","","","","","","","","","","","","","","","","","","","","","","","","","","","","","","","","","","25.00","29.00"
"GF","Gault Clay Formation","GF_UW","Undefined","211","Silty sandy gravelly CLAY","Very stiff dark grey extremely closely to very closely irregularly fissured very silty micaceous CLAY with trace bioturbation (occasional pyritized burrows) trace shells (bivalve), trace pockets of green silt and fine sand sized pyrite and rare medium gravel sized nodules and extremely close horizontal to 5? fissility (bedding trend). (GAULT) ","Gault Clay Formation","","","BH43","28.00","D","28","","","28.00","","","","22.00","","","","","","","","","","","","","","","","","","","","","","","","","28.00","","","","2.66","","","","","","","","","","","","","","","","","25.00","29.00"
"GF","Gault Clay Formation","GF_UW","Undefined","211","Silty sandy gravelly CLAY","Very stiff dark grey extremely closely to very closely irregularly fissured very silty micaceous CLAY with trace bioturbation (occasional pyritized burrows) trace shells (bivalve), trace pockets of green silt and fine sand sized pyrite and rare medium gravel sized nodules and extremely close horizontal to 5? fissility (bedding trend). (GAULT) ","Gault Clay Formation","","","BH43","28.80","D","29","","","28.80","","","","24.00","","28.80","","","","64.00","42.00","22","22.00","","","","","","","","","","","","","","","","","","","","","","","","","","","","","","","","","","","","","25.00","29.00"
"GF","Gault Clay Formation","GF_UW","Undefined","211","Silty sandy gravelly CLAY","Very stiff dark grey very closely (irregularly) fissured very silty CLAY with frequent lenses and partings of dark green and orange fine to medium sand and rare rounded fine quartz gravel. (GAULT)","Lower Greensand","","","BH43","29.00","D","30","","","29.00","","","","19.00","","","","","","","","","","","","","","","","","","","","","","","","","","","","","","","","","","","","","","","","","","","","","","29.00","29.77"
"GF","Gault Clay Formation","GF_W","Undefined","201","CLAY","Stiff to very stiff desiccated very closely fissured becoming firm orange brown mottled grey CLAY with trace rootlets. Fissures sub-vertical smooth, inclined smooth polished, trace rootlets and silt and sand size selenite on fissures, also indistinct sub-horizontal fissility (bedding trend). (Periglacially Disturbed Kimmeridge Clay)","Head Deposits","","","TP13","1.20","B","1","","","1.20","","","","27.00","","","","","","","","","","","","","","","","","","","","","","","","","1.20","","","","2.67","","","","","","","","","","","","","","","","","1.10","1.60"
"GF","Gault Clay Formation","GF_W","Undefined","201","CLAY","Stiff to very stiff desiccated very closely fissured becoming firm orange brown mottled grey CLAY with trace rootlets. Fissures sub-vertical smooth, inclined smooth polished, trace rootlets and silt and sand size selenite on fissures, also indistinct sub-horizontal fissility (bedding trend). (Periglacially Disturbed Kimmeridge Clay)","Head Deposits","","","TP13","1.20","BLK","2","","1.50","1.20","","","","26.00","","1.20","","","","65.00","43.00","22","22.00","","","","","1.20","","","","","5.00","86.00","8.00","1.00","","","","","","","","","","","","","","","1.20","1","","","","1.88","","","","1.10","1.60"
"GF","Gault Clay Formation","GF_W","Undefined","201","CLAY","Stiff to very stiff desiccated very closely fissured becoming firm orange brown mottled grey CLAY with trace rootlets. Fissures sub-vertical smooth, inclined smooth polished, trace rootlets and silt and sand size selenite on fissures, also indistinct sub-horizontal fissility (bedding trend). (Periglacially Disturbed Kimmeridge Clay)","Head Deposits","","","TP13","1.20","BLK","2","","1.50","1.20","","","","26.00","","1.20","","","","65.00","43.00","22","22.00","","","","","1.20","","","","","5.00","86.00","8.00","1.00","","","","","","","","","","","","","","","1.20","2","","","","1.92","","","","1.10","1.60"
"GF","Gault Clay Formation","GF_W","Undefined","201","CLAY","Stiff to very stiff desiccated very closely fissured becoming firm orange brown mottled grey CLAY with trace rootlets. Fissures sub-vertical smooth, inclined smooth polished, trace rootlets and silt and sand size selenite on fissures, also indistinct sub-horizontal fissility (bedding trend). (Periglacially Disturbed Kimmeridge Clay)","Head Deposits","","","TP13","1.20","BLK","2","","1.50","1.20","","","","26.00","","1.20","","","","65.00","43.00","22","22.00","","","","","1.20","","","","","5.00","86.00","8.00","1.00","","","","","","","","","","","","","","","1.20","3","","","","1.87","","","","1.10","1.60"
"GF","Gault Clay Formation","GF_UW","Undefined","211","Silty sandy gravelly CLAY","Firm to stiff dark grey green very silty sandy becoming very sandy CLAY with a little to some fine to medium rounded gravel. (GAULT) ","Lower Greensand","","","BH35","4.00","D","2","","","4.00","","","","19.00","","4.00","","","","33.00","17.00","16","16.00","","","","","","","","","","","","","","","","","","","","","","","","","","","","","","","","","","","","","3.50","4.20"
"GF","Gault Clay Formation","GF_UW","Undefined","211","Silty sandy gravelly CLAY","Soft grey green very silty slightly sandy CLAY with some fine to coarse angular flint gravel (drill flushings) (GAULT)","Gault Clay Formation","","","BH35","3.00","D","1","","","3.00","","","","22.00","","3.00","","","","42.00","22.00","20","20.00","","","","","","","","","","","","","","","","","","","","","","","","","","","","","","","","","","","","","3.00","3.20"
"GF","Gault Clay Formation","GF_UW","Undefined","202","Silty CLAY","Stiff. very closely irregularly fissured dark grey very silty CLAY with trace shell fragments and faint horizontal extremely close fissility (bedding trend). (GAULT) ","Gault Clay Formation","","","BH45","9.40","C","1","","10.40","9.40","","","","27.00","","9.40","","","","65.00","40.00","25","25.00","","","","","9.40","","","","","0.00","88.00","11.00","1.00","","","9.40","","","","2.43","","","","","","","","9.40","1","","","","2.17","","","","7.60","11.35"
"GF","Gault Clay Formation","GF_UW","Undefined","202","Silty CLAY","Stiff. very closely irregularly fissured dark grey very silty CLAY with trace shell fragments and faint horizontal extremely close fissility (bedding trend). (GAULT) ","Gault Clay Formation","","","BH45","9.40","C","1","","10.40","9.40","","","","27.00","","9.40","","","","65.00","40.00","25","25.00","","","","","9.40","","","","","0.00","88.00","11.00","1.00","","","9.40","","","","2.43","","","","","","","","9.40","2","","","","2.13","","","","7.60","11.35"
"GF","Gault Clay Formation","GF_UW","Undefined","202","Silty CLAY","Stiff. very closely irregularly fissured dark grey very silty CLAY with trace shell fragments and faint horizontal extremely close fissility (bedding trend). (GAULT) ","Gault Clay Formation","","","BH45","9.40","C","1","","10.40","9.40","","","","27.00","","9.40","","","","65.00","40.00","25","25.00","","","","","9.40","","","","","0.00","88.00","11.00","1.00","","","9.40","","","","2.43","","","","","","","","9.40","3","","","","2.15","","","","7.60","11.35"
"GF","Gault Clay Formation","GF_UW","Undefined","207","Silty sandy CLAY","Stiff very closely irregularly fissured very silty slightly sandy dark grey CLAY with extremely close horizontal fissility (bedding trend) trace shell fragments and frequent silt filled burrows. (GAULT)","Gault Clay Formation","","","BH45","24.35","C","2","","25.35","","","","","","","24.35","","","","48.00","29.00","19","19.00","","","","","","","","","","","","","","","","","","","","","","","","","","","","24.35","1","","","","2.10","","","","23.10","27.20"
"GF","Gault Clay Formation","GF_UW","Undefined","207","Silty sandy CLAY","Stiff very closely irregularly fissured very silty slightly sandy dark grey CLAY with extremely close horizontal fissility (bedding trend) trace shell fragments and frequent silt filled burrows. (GAULT)","Gault Clay Formation","","","BH45","24.35","C","2","","25.35","","","","","","","24.35","","","","48.00","29.00","19","19.00","","","","","","","","","","","","","","","","","","","","","","","","","","","","24.35","2","","","","2.09","","","","23.10","27.20"
"GF","Gault Clay Formation","GF_UW","Undefined","207","Silty sandy CLAY","Stiff very closely irregularly fissured very silty slightly sandy dark grey CLAY with extremely close horizontal fissility (bedding trend) trace shell fragments and frequent silt filled burrows. (GAULT)","Gault Clay Formation","","","BH45","24.35","C","2","","25.35","","","","","","","24.35","","","","48.00","29.00","19","19.00","","","","","","","","","","","","","","","","","","","","","","","","","","","","24.35","3","","","","2.11","","","","23.10","27.20"
"GF","Gault Clay Formation","GF_UW","Undefined","202","Silty CLAY","Stiff to very stiff dark grey very silty CLAY very closely fissured with occasional shell fragments. (Gault Clay)","Gault Clay Formation","","","EA3","4.50","U","34","","4.95","4.50","","","","17.00","No","","","","","","","","","","","","","","","","","","","","","","","","","","","","","","","","","","","","","","","","","","","","","3.70","14.50"
"GF","Gault Clay Formation","GF_UW","Undefined","202","Silty CLAY","Stiff to very stiff dark grey very silty CLAY very closely fissured with occasional shell fragments. (Gault Clay)","Gault Clay Formation","","","EA3","5.50","U","40","","5.95","5.50","","","","18.00","No","","","","","","","","","","","","","","","","","","","","","","","","","","","","","","","","","","","","","","","","","","","","","3.70","14.50"
"GF","Gault Clay Formation","GF_UW","Undefined","202","Silty CLAY","Stiff to very stiff dark grey very silty CLAY very closely fissured with occasional shell fragments. (Gault Clay)","Gault Clay Formation","","","EA3","6.50","U","37","","6.95","6.50","","","","18.00","No","","","","","","","","","","","","","","","","","","","","","","","","","","","","","","","","","","","","","","","","","","","","","3.70","14.50"
"GF","Gault Clay Formation","GF_UW","Undefined","202","Silty CLAY","Stiff to very stiff dark grey very silty CLAY very closely fissured with occasional shell fragments. (Gault Clay)","Gault Clay Formation","","","EA3","7.50","U","40","","7.95","7.50","","","","19.00","No","","","","","","","","","","","","","","","","","","","","","","","","","","","","","","","","","","","","","","","","","","","","","3.70","14.50"
"GF","Gault Clay Formation","GF_UW","Undefined","202","Silty CLAY","Stiff to very stiff dark grey very silty CLAY very closely fissured with occasional shell fragments. (Gault Clay)","Gault Clay Formation","","","EA3","8.50","U","35","","8.95","8.50","","","","19.00","No","","","","","","","","","","","","","","","","","","","","","","","","","","","","","","","","","","","","","","","","","","","","","3.70","14.50"
"GF","Gault Clay Formation","GF_UW","Undefined","202","Silty CLAY","Stiff to very stiff dark grey very silty CLAY very closely fissured with occasional shell fragments. (Gault Clay)","Gault Clay Formation","","","EA3","9.50","U","51","","9.95","9.50","","","","20.00","No","","","","","","","","","","","","","","","","","","","","","","","","","","","","","","","","","","","","","","","","","","","","","3.70","14.50"
"GF","Gault Clay Formation","GF_UW","Undefined","202","Silty CLAY","Stiff to very stiff dark grey very silty CLAY very closely fissured with occasional shell fragments. (Gault Clay)","Gault Clay Formation","","","EA3","10.50","U","53","","10.95","10.50","","","","17.00","No","","","","","","","","","","","","","","","","","","","","","","","","","","","","","","","","","","","","","","","","","","","","","3.70","14.50"
"GF","Gault Clay Formation","GF_UW","Undefined","202","Silty CLAY","Stiff to very stiff dark grey very silty CLAY very closely fissured with occasional shell fragments. (Gault Clay)","Gault Clay Formation","","","EA3","12.00","U","51","","12.45","12.00","","","","22.00","No","","","","","","","","","","","","","","","","","","","","","","","","","","","","","","","","","","","","","","","","","","","","","3.70","14.50"
"GF","Gault Clay Formation","GF_UW","Undefined","202","Silty CLAY","Stiff to very stiff dark grey very silty CLAY very closely fissured with occasional shell fragments. (Gault Clay)","Gault Clay Formation","","","EA3","13.50","U","59","","13.95","13.50","","","","21.00","No","","","","","","","","","","","","","","","","","","","","","","","","","","","","","","","","","","","","","","","","","","","","","3.70","14.50"
"GF","Gault Clay Formation","GF_W","Undefined","202","Silty CLAY","Firm dark grey and dark brown very silty micaceous CLAY very closely fissured. Occasional shell fragments. (Gault Clay)","","","","EA3","2.50","U","20","","2.95","2.50","","","","25.00","No","","","","","","","","","","","","","","","","","","","","","","","","","","","","","","","","","","","","","","","","","","","","","1.70","3.00"
"GF","Gault Clay Formation","GF_W","Undefined","202","Silty CLAY","Firm to stiff dark grey green very silty CLAY very closely fissured with occasional polished fissure surfaces. (Gault Clay)","","","","EA3","3.50","U","23","","3.95","3.50","","","","18.00","No","","","","","","","","","","","","","","","","","","","","","","","","","","","","","","","","","","","","","","","","","","","","","3.00","3.70"
"GF","Gault Clay Formation","GF_W","Undefined","201","CLAY","4) Firm brownish grey CLAY with occasional orangish brown staining, rare shell fragments (upto 4mm) and rare phosphate nodules (upto 35mm). (REWORKED GAULT CLAY FORMATION)","Reworked Kimmeridge Clay","","","TP392","1.50","LB","004","","","","","","","","","","","","","","","","","","","","","1.50","01","","","","","","","","","","","","","","","","","","","","","","","","","","","","","","","1.40","2.42"
"GF","Gault Clay Formation","GF_W","Undefined","201","CLAY","4) Firm brownish grey CLAY with occasional orangish brown staining, rare shell fragments (upto 4mm) and rare phosphate nodules (upto 35mm). (REWORKED GAULT CLAY FORMATION)","Reworked Kimmeridge Clay","","","TP392","1.90","D","005","","","1.90","01","","Natural","26.00","","1.90","01","","","72.00","48.00","24","24.00","100.00","","","BS1377: Part 2: 1990: Clause 4.3 and 5","","","","","","","","","","","","","","","","","","","","","","","","","","","","","","","","","1.40","2.42"
"GF","Gault Clay Formation","GF_W","Undefined","201","CLAY","4) Firm brownish grey CLAY with occasional orangish brown staining, rare shell fragments (upto 4mm) and rare phosphate nodules (upto 35mm). (REWORKED GAULT CLAY FORMATION)","Reworked Kimmeridge Clay","","","TP392","2.00","LB","006","","","","","","","","","","","","","","","","","","","","","2.00","01","","","","","","","","","","","","","","","","","","","","","","","","","","","","","","","1.40","2.42"
"GF","Gault Clay Formation","GF_W","Undefined","201","CLAY","4) Firm indistinctly fissured indistinctly thinly laminated dark grey CLAY with occasional brown staining. Fissures are extremely closely to very closely spaced randomly orientated. (REWORKED GAULT CLAY FORMATION)","Reworked Kimmeridge Clay","","","TP324","1.50","D","003","","","1.50","01","","Natural","28.00","","1.50","01","","","72.00","52.00","20","20.00","100.00","","","BS1377: Part 2: 1990: Clause 4.3 and 5","","","","","","","","","","","","","","","","","","","","","","","","","","","","","","","","","1.40","3.00"
"GF","Gault Clay Formation","GF_W","Undefined","201","CLAY","4) Firm indistinctly fissured indistinctly thinly laminated dark grey CLAY with occasional brown staining. Fissures are extremely closely to very closely spaced randomly orientated. (REWORKED GAULT CLAY FORMATION)","Reworked Kimmeridge Clay","","","TP324","1.80","LB","004","","","","","","","","","","","","","","","","","","","","","1.80","01","","","","","","","","","","","","","","","","","","","","","","","","","","","","","","","1.40","3.00"
"GF","Gault Clay Formation","GF_UW","Undefined","201","CLAY","Stiff fissured thinly laminated dark grey CLAY with occasional partings of fine sand and silt. Fissures are extremely closely spaced randomly orientated. (GAULT CLAY FORMATION)","Gault Clay","","","BH330","2.60","D","001","","","2.60","01","","Natural","30.00","","2.60","01","","","71.00","48.00","23","23.00","100.00","","","","","","","","","","","","","","","","","","","","","","","","","","","","","","","","","","","","2.10","5.57"
"GF","Gault Clay Formation","GF_UW","Undefined","201","CLAY","Stiff fissured thinly laminated dark grey CLAY with occasional partings of fine sand and silt. Fissures are extremely closely spaced randomly orientated. (GAULT CLAY FORMATION)","Gault Clay","","","BH330","4.50","D","003","","","4.50","01","","Natural","27.00","","4.50","01","","","68.00","43.00","25","25.00","100.00","","","","","","","","","","","","","","","","","","","","","","","","","","","","","","","","","","","","2.10","5.57"
"GF","Gault Clay Formation","GF_UW","Undefined","201","CLAY","Stiff and very stiff fissured thinly laminated dark grey CLAY with rare partings of silt and occasional shell fragments. Fissures are extremely closely spaced randomly orientated. (GAULT CLAY FORMATION)","Gault Clay","","","BH331","6.74","CS","011","","6.84","6.74","01","","","27.00","","","","","","","","","","","","","","","","","","","","","","","","","6.74","02","","","2.65","Measured","","","","","","","","","","","","","","","","6.50","8.00"
"GF","Gault Clay Formation","GF_UW","Undefined","201","CLAY","Stiff and very stiff fissured thinly laminated dark grey CLAY with rare partings of silt and occasional shell fragments. Fissures are extremely closely spaced randomly orientated. (GAULT CLAY FORMATION)","Gault Clay","","","BH331","7.14","D","013","","","7.14","01","","Natural","27.00","","7.14","01","","","70.00","46.00","24","24.00","100.00","","","","","","","","","","","","","","","","","","","","","","","","","","","","","","","","","","","","6.50","8.00"
"GF","Gault Clay Formation","GF_UW","Undefined","201","CLAY","Stiff fissured thinly laminated dark grey CLAY with rare partings of silt and rare shell fragments. Fissures are extremely closely spaced randomly orientated. (GAULT CLAY FORMATION)","Gault Clay","","","BH331","2.90","D","001","","","2.90","01","","Natural","29.00","","2.90","01","","","67.00","44.00","23","23.00","100.00","","","","","","","","","","","","","","","","","","","","","","","","","","","","","","","","","","","","2.80","3.78"
"GF","Gault Clay Formation","GF_UW","Undefined","997","Undetermined","Samples removed for testing","Gault Clay","","","BH331","4.18","D","004","","","4.18","01","","Natural","25.00","","4.18","01","","","62.00","39.00","23","23.00","100.00","","","","","","","","","","","","","","","","","","","","","","","","","","","","","","","","","","","","3.78","4.29"
"GF","Gault Clay Formation","GF_UW","Undefined","997","Undetermined","Samples removed for testing","Gault Clay","","","BH331","5.14","CS","006","","5.24","5.14","01","","","28.00","","","","","","","","","","","","","","","","","","","","","","","","","5.14","02","","","2.72","Measured","","","","","","","","","","","","","","","","4.84","5.35"
"GF","Gault Clay Formation","GF_UW","Undefined","997","Undetermined","Samples removed for testing","Gault Clay","","","BH331","5.24","D","007","","","5.24","01","","Natural","28.00","","5.24","01","","","61.00","37.00","24","24.00","100.00","","","","","","","","","","","","","","","","","","","","","","","","","","","","","","","","","","","","4.84","5.35"
"GF","Gault Clay Formation","GF_UW","Undefined","997","Undetermined","Samples removed for testing","Gault Clay","","","BH331","6.39","D","010","","","6.39","01","","Natural","25.00","","6.39","01","","","57.00","35.00","22","22.00","100.00","","","","","","","","","","","","","","","","","","","","","","","","","","","","","","","","","","","","6.00","6.50"
"GF","Gault Clay Formation","GF_UW","Undefined","997","Undetermined","Samples removed for testing","Gault Clay","","","BH331","8.40","D","016","","","8.40","01","","Natural","25.00","","8.40","01","","","69.00","47.00","22","22.00","100.00","","","","","","","","","","","","","","","","","","","","","","","","","","","","","","","","","","","","8.00","8.50"
"GF","Gault Clay Formation","GF_UW","Undefined","997","Undetermined","Samples removed for testing","Gault Clay","","","BH331","9.30","CS","018","","9.40","9.30","01","","","27.00","","","","","","","","","","","","","","","","","","","","","","","","","9.30","02","","","2.67","Measured","","","","","","","","","","","","","","","","9.00","9.50"
"GF","Gault Clay Formation","GF_UW","Undefined","997","Undetermined","Samples removed for testing","Gault Clay","","","BH331","9.40","D","019","","","9.40","01","","Natural","27.00","","9.40","01","","","71.00","49.00","22","22.00","100.00","","","","","","","","","","","","","","","","","","","","","","","","","","","","","","","","","","","","9.00","9.50"
"GF","Gault Clay Formation","GF_UW","Undefined","997","Undetermined","Samples removed for testing","Gault Clay","","","BH331","10.35","D","022","","","10.35","01","","Natural","27.00","","10.35","01","","","73.00","50.00","23","23.00","100.00","","","","","","","","","","","","","","","","","","","","","","","","","","","","","","","","","","","","9.95","10.50"
"GF","Gault Clay Formation","GF_UW","Undefined","997","Undetermined","Samples removed for testing","Gault Clay","","","BH331","12.20","CS","023","","12.30","12.20","01","","","26.00","","","","","","","","","","","","","","","","","","","","","","","","","12.20","02","","","2.73","Measured","","","","","","","","","","","","","","","","12.20","12.70"
"GF","Gault Clay Formation","GF_UW","Undefined","997","Undetermined","Samples removed for testing","Gault Clay","","","BH331","12.60","D","025","","","12.60","01","","Natural","24.00","","12.60","01","","","54.00","31.00","23","23.00","98.00","","","","","","","","","","","","","","","","","","","","","","","","","","","","","","","","","","","","12.20","12.70"
"GF","Gault Clay Formation","GF_UW","Undefined","201","CLAY","CLAY (Drillers description)","Topsoil","","","BH358","4.08","CS","003","","","4.08","01","","","28.00","","","","","","","","","","","","","","","","","","","","","","","","","4.08","02","","","2.63","Measured","","","","","","","","","","","","","","","","3.00","10.00"
"GF","Gault Clay Formation","GF_UW","Undefined","201","CLAY","CLAY (Drillers description)","Topsoil","","","BH358","5.16","CS","005","","5.41","5.20","01","","","28.00","","","","","","","","","","","","","","","","","","","","","","","","","","","","","","","","","","","","","","","","","","","","","","3.00","10.00"
"GF","Gault Clay Formation","GF_UW","Undefined","201","CLAY","CLAY (Drillers description)","Topsoil","","","BH358","7.15","CS","009","","","7.15","01","","","28.00","","","","","","","","","","","","","","","","","","","","","","","","","7.15","02","","","2.58","Measured","","","","","","","","","","","","","","","","3.00","10.00"
"GF","Gault Clay Formation","GF_UW","Undefined","201","CLAY","CLAY (Drillers description)","Topsoil","","","BH358","8.55","CS","012","","8.85","8.60","01","","","26.00","","","","","","","","","","","","","","","","","","","","","","","","","","","","","","","","","","","","","","","","","","","","","","3.00","10.00"
"GF","Gault Clay Formation","GF_UW","Undefined","201","CLAY","Stiff and very stiff fissured locally indistinctly thinly laminated dark grey CLAY with abundant shell fragments. Fissures are closely spaced to very closely spaced randomly orientated GAULT FORMATION). (7)","Gault Clay","","","OS03","9.50","D","019","","","9.50","01","","Natural","25.00","","9.50","01","","","69.00","45.00","24","24.00","100.00","","","","","","","","","","","","","","","","","","","","","","","","","","","","","","","","","","","","9.00","11.00"
"GF","Gault Clay Formation","GF_UW","Undefined","201","CLAY","Stiff and very stiff fissured locally indistinctly thinly laminated dark grey CLAY with abundant shell fragments. Fissures are closely spaced to very closely spaced randomly orientated GAULT FORMATION). (7)","Gault Clay","","","OS03","9.50","LB","020","","","9.50","01","","","24.00","","","","","","","","","","","","","","","","","","","","","","","","","9.50","03","","","2.65","Measured","","","","","","","","","","","","","","","","9.00","11.00"
"GF","Gault Clay Formation","GF_UW","Undefined","201","CLAY","Stiff and very stiff fissured locally indistinctly thinly laminated dark grey CLAY with abundant shell fragments. Fissures are closely spaced to very closely spaced randomly orientated GAULT FORMATION). (7)","Gault Clay","","","OS03","10.50","D","021","","","10.50","01","","Natural","26.00","","10.50","01","","","66.00","43.00","23","23.00","100.00","","","","","","","","","","","","","","","","","","","","","","","","","","","","","","","","","","","","9.00","11.00"
"GF","Gault Clay Formation","GF_UW","Undefined","201","CLAY","Stiff and very stiff fissured locally indistinctly thinly laminated dark grey CLAY with abundant shell fragments. Fissures are closely spaced to very closely spaced randomly orientated GAULT FORMATION). (7)","Gault Clay","","","OS03","10.50","LB","022","","","10.50","02","","","24.00","","","","","","","","","","","","","","10.50","01","","","","","","","","","","10.50","04","","","2.65","Measured","","","","","","","","","","","","","","","","9.00","11.00"
"GF","Gault Clay Formation","GF_UW","Undefined","201","CLAY","Stiff and very stiff fissured locally indistinctly thinly laminated dark grey CLAY with occasional shell fragments. Fissures are very closely spaced randomly orientated with occasional thin silt partings (GAULT FORMATION). (6)","Gault Clay","","","OS03","8.50","D","017","","","8.50","01","","Natural","24.00","","8.50","01","","","70.00","48.00","22","22.00","100.00","","","","","","","","","","","","","","","","","","","","","","","","","","","","","","","","","","","","7.81","9.00"
"GF","Gault Clay Formation","GF_UW","Undefined","201","CLAY","Stiff and very stiff fissured locally indistinctly thinly laminated dark grey CLAY with occasional shell fragments. Fissures are very closely spaced randomly orientated with occasional thin silt partings (GAULT FORMATION). (6)","Gault Clay","","","OS03","8.50","LB","018","","","8.50","01","","","25.00","","","","","","","","","","","","","","","","","","","","","","","","","8.50","03","","","2.64","Measured","","","","","","","","","","","","","","","","7.81","9.00"
"GF","Gault Clay Formation","GF_UW","Undefined","201","CLAY","Stiff and very stiff locally indistinctly thinly laminated CLAY with occasional shell fragments. Fissures are very closely spaced randomly orientated with occasional discontinuous polishing on surfaces (GAULT FORMATION). (4)","Gault Clay","","","OS03","2.50","D","005","","","2.50","01","","Natural","25.00","","2.50","01","","","62.00","41.00","21","21.00","100.00","","","","","","","","","","","","","","","","","","","","","","","","","","","","","","","","","","","","2.00","5.20"
"GF","Gault Clay Formation","GF_UW","Undefined","201","CLAY","Stiff and very stiff locally indistinctly thinly laminated CLAY with occasional shell fragments. Fissures are very closely spaced randomly orientated with occasional discontinuous polishing on surfaces (GAULT FORMATION). (4)","Gault Clay","","","OS03","3.50","D","007","","","3.50","01","","Natural","26.00","","3.50","01","","","68.00","44.00","24","24.00","100.00","","","","","","","","","","","","","","","","","","","","","","","","","","","","","","","","","","","","2.00","5.20"
"GF","Gault Clay Formation","GF_UW","Undefined","201","CLAY","Stiff and very stiff locally indistinctly thinly laminated CLAY with occasional shell fragments. Fissures are very closely spaced randomly orientated with occasional discontinuous polishing on surfaces (GAULT FORMATION). (4)","Gault Clay","","","OS03","3.50","LB","008","","","3.50","02","","","23.00","","","","","","","","","","","","","","3.50","01","","","","","","","","","","3.50","06","","","2.62","Measured","","","","","","","","","","","","","","","","2.00","5.20"
"GF","Gault Clay Formation","GF_UW","Undefined","201","CLAY","Stiff and very stiff locally indistinctly thinly laminated CLAY with occasional shell fragments. Fissures are very closely spaced randomly orientated with occasional discontinuous polishing on surfaces (GAULT FORMATION). (4)","Gault Clay","","","OS03","4.50","D","009","","","4.50","01","","Natural","20.00","","4.50","01","","","53.00","33.00","20","20.00","100.00","","","","","","","","","","","","","","","","","","","","","","","","","","","","","","","","","","","","2.00","5.20"
"GF","Gault Clay Formation","GF_UW","Undefined","201","CLAY","Stiff and very stiff locally indistinctly thinly laminated CLAY with occasional shell fragments. Fissures are very closely spaced randomly orientated with occasional discontinuous polishing on surfaces (GAULT FORMATION). (4)","Gault Clay","","","OS03","4.50","LB","010","","","4.50","01","","","23.00","","","","","","","","","","","","","","","","","","","","","","","","","4.50","03","","","2.75","Measured","","","","","","","","","","","","","","","","2.00","5.20"
"GF","Gault Clay Formation","GF_UW","Undefined","201","CLAY","Stiff locally firm to stiff fissured locally indistinctly thinly laminated CLAY. Fissures are very closely locally extremely closely spaced with occasional discontinuous thin silt partings (GAULT FORMATION). (5)","Gault Clay","","","OS03","5.50","D","011","","","5.50","01","","Natural","47.00","","5.50","01","","","61.00","39.00","22","22.00","100.00","","","","","","","","","","","","","","","","","","","","","","","","","","","","","","","","","","","","5.20","7.81"
"GF","Gault Clay Formation","GF_UW","Undefined","201","CLAY","Stiff locally firm to stiff fissured locally indistinctly thinly laminated CLAY. Fissures are very closely locally extremely closely spaced with occasional discontinuous thin silt partings (GAULT FORMATION). (5)","Gault Clay","","","OS03","5.50","LB","012","","","5.50","01","","","33.00","","","","","","","","","","","","","","","","","","","","","","","","","5.50","06","","","2.73","Measured","","","","","","","","","","","","","","","","5.20","7.81"
"GF","Gault Clay Formation","GF_UW","Undefined","201","CLAY","Stiff locally firm to stiff fissured locally indistinctly thinly laminated CLAY. Fissures are very closely locally extremely closely spaced with occasional discontinuous thin silt partings (GAULT FORMATION). (5)","Gault Clay","","","OS03","5.50","LB","012","","","5.50","03","","","32.00","","","","","","","","","","","","","","","","","","","","","","","","","5.50","06","","","2.73","Measured","","","","","","","","","","","","","","","","5.20","7.81"
"GF","Gault Clay Formation","GF_UW","Undefined","201","CLAY","Stiff locally firm to stiff fissured locally indistinctly thinly laminated CLAY. Fissures are very closely locally extremely closely spaced with occasional discontinuous thin silt partings (GAULT FORMATION). (5)","Gault Clay","","","OS03","6.50","D","013","","","6.50","01","","Natural","24.00","","6.50","01","","","69.00","46.00","23","23.00","100.00","","","","","","","","","","","","","","","","","","","","","","","","","","","","","","","","","","","","5.20","7.81"
"GF","Gault Clay Formation","GF_UW","Undefined","201","CLAY","Stiff locally firm to stiff fissured locally indistinctly thinly laminated CLAY. Fissures are very closely locally extremely closely spaced with occasional discontinuous thin silt partings (GAULT FORMATION). (5)","Gault Clay","","","OS03","6.50","LB","014","","","6.50","01","","","24.00","","","","","","","","","","","","","","","","","","","","","","","","","6.50","09","","","2.64","Measured","","","","","","","","","","","","","","","","5.20","7.81"
"GF","Gault Clay Formation","GF_UW","Undefined","201","CLAY","Stiff locally firm to stiff fissured locally indistinctly thinly laminated CLAY. Fissures are very closely locally extremely closely spaced with occasional discontinuous thin silt partings (GAULT FORMATION). (5)","Gault Clay","","","OS03","7.50","D","015","","","7.50","01","","Natural","25.00","","7.50","01","","","61.00","39.00","22","22.00","100.00","","","","","","","","","","","","","","","","","","","","","","","","","","","","","","","","","","","","5.20","7.81"
"GF","Gault Clay Formation","GF_UW","Undefined","201","CLAY","Stiff locally firm to stiff fissured locally indistinctly thinly laminated CLAY. Fissures are very closely locally extremely closely spaced with occasional discontinuous thin silt partings (GAULT FORMATION). (5)","Gault Clay","","","OS03","7.50","LB","016","","","7.50","02","","","25.00","","","","","","","","","","","","","","7.50","01","","","","","","","","","","7.50","06","","","2.64","Measured","","","","","","","","","","","","","","","","5.20","7.81"
"GF","Gault Clay Formation","GF_UW","Undefined","201","CLAY","Very stiff fissured thinly laminated grey CLAY with occasional shell fragments. Fissures are closely to very closely spaced randomly orientated with occasional silt partings GAULT FORMATION). (9)","Gault Clay","","","OS03","11.50","D","023","","","11.50","01","","Natural","27.00","","11.50","01","","","68.00","44.00","24","24.00","100.00","","","","","","","","","","","","","","","","","","","","","","","","","","","","","","","","","","","","11.20","12.30"
"GF","Gault Clay Formation","GF_UW","Undefined","201","CLAY","Very stiff fissured thinly laminated grey CLAY with occasional shell fragments. Fissures are closely to very closely spaced randomly orientated with occasional silt partings GAULT FORMATION). (9)","Gault Clay","","","OS03","11.50","LB","024","","","11.50","01","","","21.00","","","","","","","","","","","","","","","","","","","","","","","","","11.50","05","","","2.64","Measured","","","","","","","","","","","","","","","","11.20","12.30"
"GF","Gault Clay Formation","GF_UW","Undefined","201","CLAY","Stiff and very stiff fissured locally thinly laminated grey CLAY with occasional roots and rootlets. Fissures are very closely spaced randomly orientated locally polished locally with orangish brown staining on some surfaces, locally with thin partings of white calcareous silt. (GAULT CLAY FORMATION). (5)","Gault Clay","","","TP332","2.50","D","005","","","2.50","01","","Natural","23.00","","2.50","01","","","71.00","45.00","26","26.00","100.00","","","","","","","","","","","","","","","","","","","","","","","","","","","","","","","","","","","","1.60","2.75"
"GF","Gault Clay Formation","GF_W","Undefined","201","CLAY","Stiff fissured indistinctly thinly laminated brownish grey slightly sandyCLAY. Fissures are closely to very closely spaced randomly orientated. (REWORKED GAULT CLAY FORMATION) (4).","Reworked Gault","","","TP332","1.50","D","003","","","1.50","01","","Natural","22.00","","1.50","01","","","67.00","46.00","21","21.00","98.00","","","","","","","","","","","","","","","","","","","","","","","","","","","","","","","","","","","","1.20","1.60"
"GF","Gault Clay Formation","GF_W","Undefined","201","CLAY","Stiff fissured indistinctly thinly laminated brownish grey slightly sandyCLAY. Fissures are closely to very closely spaced randomly orientated. (REWORKED GAULT CLAY FORMATION) (4).","Reworked Gault","","","TP332","1.50","LB","004","","","","","","","","","","","","","","","","","","","","","1.50","01","","","","","","","","","","","","","","","","","","","","","","","","","","","","","","","1.20","1.60"
"GF","Gault Clay Formation","GF_UW","Undefined","201","CLAY","Stiff and very stiff fissured locally indistinctly thinly laminated CLAY. Fissures are very closely spaced and randomly orientated (GAULT CLAY FORMATION). (6)","Gault Clay","","","TP335","2.50","D","005","","","2.50","01","","Natural","30.00","","2.50","01","","","65.00","44.00","21","21.00","100.00","","","","","","","","","","","","","","","","","","","","","","","","","","","","","","","","","","","","1.64","4.37"
"GF","Gault Clay Formation","GF_UW","Undefined","201","CLAY","Stiff and very stiff fissured locally indistinctly thinly laminated CLAY. Fissures are very closely spaced and randomly orientated (GAULT CLAY FORMATION). (6)","Gault Clay","","","TP335","3.50","D","006","","","3.50","01","","Natural","30.00","","3.50","01","","","69.00","46.00","23","23.00","100.00","","","","","","","","","","","","","","","","","","","","","","","","","","","","","","","","","","","","1.64","4.37"
"GF","Gault Clay Formation","GF_UW","Undefined","203","Sandy CLAY","Stiff brownish grey and greenish grey locally indistinctly thinly laminated very sandy CLAY (LOWER GREENSAND GROUP). (7)","Lower Greensand Formation","","","TP335","4.50","D","007","","","4.50","01","","Natural","22.00","","4.50","01","","","43.00","23.00","20","20.00","100.00","","","","","","","","","","","","","","","","","","","","","","","","","","","","","","","","","","","","4.37","4.80"
"GF","Gault Clay Formation","GF_UW","Undefined","201","CLAY","Stiff and very stiff fissured locally indistinctly thinly laminated dark grey CLAY with some shell fragments. Fissures are very closely spaced randomly orientated with occasional thin discontinuous partings of silt. (GAULT CLAY FORMATION) (8).","Gault Clay","","","TP323","2.80","D","007","","","2.80","01","","Natural","28.00","","2.80","01","","","69.00","46.00","23","23.00","100.00","","","","","","","","","","","","","","","","","","","","","","","","","","","","","","","","","","","","2.30","3.80"
"GF","Gault Clay Formation","GF_UW","Undefined","201","CLAY","Stiff and very stiff fissured locally indistinctly thinly laminated dark grey CLAY with some shell fragments. Fissures are very closely spaced randomly orientated with occasional thin discontinuous partings of silt. (GAULT CLAY FORMATION) (8).","Gault Clay","","","TP323","2.80","LB","008","","","","","","","","","","","","","","","","","","","","","2.80","01","","","","","","","","","","","","","","","","","","","","","","","","","","","","","","","2.30","3.80"
"GF","Gault Clay Formation","GF_W","Undefined","203","Sandy CLAY","Stiff and very stiff fissured indistinctly thinly laminated brown slightly sandy CLAY with occasional fossil fragments. Fissures are very closely spaced randomly orientated. (REWORKED GAULT CLAY FORMATION) (6).","Reworked Kimmeridge Clay","","","TP334","2.50","D","005","","","2.50","01","","Natural","26.00","","2.50","01","","","53.00","33.00","20","20.00","100.00","","","","","","","","","","","","","","","","","","","","","","","","","","","","","","","","","","","","1.84","5.00"
"GF","Gault Clay Formation","GF_W","Undefined","203","Sandy CLAY","Stiff and very stiff fissured indistinctly thinly laminated brown slightly sandy CLAY with occasional fossil fragments. Fissures are very closely spaced randomly orientated. (REWORKED GAULT CLAY FORMATION) (6).","Reworked Kimmeridge Clay","","","TP334","3.50","D","006","","","3.50","01","","Natural","32.00","","3.50","01","","","52.00","33.00","19","19.00","99.00","","","","","","","","","","","","","","","","","","","","","","","","","","","","","","","","","","","","1.84","5.00"
"GF","Gault Clay Formation","GF_W","Undefined","203","Sandy CLAY","Stiff and very stiff fissured indistinctly thinly laminated brown slightly sandy CLAY with occasional fossil fragments. Fissures are very closely spaced randomly orientated. (REWORKED GAULT CLAY FORMATION) (6).","Reworked Kimmeridge Clay","","","TP334","4.50","D","007","","","4.50","01","","Natural","25.00","","4.50","01","","","56.00","33.00","23","23.00","100.00","","","","","","","","","","","","","","","","","","","","","","","","","","","","","","","","","","","","1.84","5.00"
"GF","Gault Clay Formation","GF_UW","Undefined","203","Sandy CLAY","Firm and stiff becoming stiff fissured locally indistinctly thinly laminated grey slightly sandy CLAY. Fissures are extremely closely spaced becoming very closely spaced randomly orientated (REWORKED GAULT CLAY FORMATION) (4).","Reworked Kimmeridge Clay","","","TP330","2.50","D","005","","","2.50","01","","Natural","27.00","","2.50","01","","","68.00","43.00","25","25.00","100.00","","","","","","","","","","","","","","","","","","","","","","","","","","","","","","","","","","","","2.01","5.00"
"GF","Gault Clay Formation","GF_UW","Undefined","203","Sandy CLAY","Firm and stiff becoming stiff fissured locally indistinctly thinly laminated grey slightly sandy CLAY. Fissures are extremely closely spaced becoming very closely spaced randomly orientated (REWORKED GAULT CLAY FORMATION) (4).","Reworked Kimmeridge Clay","","","TP330","2.50","LB","006","","","","","","","","","","","","","","","","","","","","","2.50","01","","","","","","","","","","2.50","05","","","2.69","Measured","","","","","","","","","","","","","","","","2.01","5.00"
"GF","Gault Clay Formation","GF_UW","Undefined","203","Sandy CLAY","Firm and stiff becoming stiff fissured locally indistinctly thinly laminated grey slightly sandy CLAY. Fissures are extremely closely spaced becoming very closely spaced randomly orientated (REWORKED GAULT CLAY FORMATION) (4).","Reworked Kimmeridge Clay","","","TP330","3.50","D","007","","","3.50","01","","Natural","27.00","","3.50","01","","","67.00","47.00","20","20.00","100.00","","","","","","","","","","","","","","","","","","","","","","","","","","","","","","","","","","","","2.01","5.00"
"GF","Gault Clay Formation","GF_UW","Undefined","203","Sandy CLAY","Firm and stiff becoming stiff fissured locally indistinctly thinly laminated grey slightly sandy CLAY. Fissures are extremely closely spaced becoming very closely spaced randomly orientated (REWORKED GAULT CLAY FORMATION) (4).","Reworked Kimmeridge Clay","","","TP330","3.50","LB","008","","","","","","","","","","","","","","","","","","","","","3.50","01","","","","","","","","","","3.50","05","","","2.62","Measured","","","","","","","","","","","","","","","","2.01","5.00"
"GF","Gault Clay Formation","GF_UW","Undefined","203","Sandy CLAY","Firm and stiff becoming stiff fissured locally indistinctly thinly laminated grey slightly sandy CLAY. Fissures are extremely closely spaced becoming very closely spaced randomly orientated (REWORKED GAULT CLAY FORMATION) (4).","Reworked Kimmeridge Clay","","","TP330","4.50","D","009","","","4.50","01","","Natural","26.00","","4.50","01","","","68.00","45.00","23","23.00","100.00","","","","","","","","","","","","","","","","","","","","","","","","","","","","","","","","","","","","2.01","5.00"
"GF","Gault Clay Formation","GF_UW","Undefined","203","Sandy CLAY","Firm and stiff becoming stiff fissured locally indistinctly thinly laminated grey slightly sandy CLAY. Fissures are extremely closely spaced becoming very closely spaced randomly orientated (REWORKED GAULT CLAY FORMATION) (4).","Reworked Kimmeridge Clay","","","TP330","4.50","LB","010","","","","","","","","","","","","","","","","","","","","","4.50","01","","","","","","","","","","0.00","05","","","2.61","Measured","","","","","","","","","","","","","","","","2.01","5.00"
"GF","Gault Clay Formation","GF_UW","Undefined","201","CLAY","Firm to stiff fissured locally indistinctly thinly laminated grey CLAY. Fissures are extremely closely spaced locally very closely spaced randomly orientated. (GAULT CLAY FORMATION) (5).","Gault Clay","","","TP342","2.50","D","005","","","2.50","01","","Natural","30.00","","2.50","01","","","62.00","40.00","22","22.00","100.00","","","","","","","","","","","","","","","","","","","","","","","","","","","","","","","","","","","","1.80","5.00"
"GF","Gault Clay Formation","GF_UW","Undefined","201","CLAY","Firm to stiff fissured locally indistinctly thinly laminated grey CLAY. Fissures are extremely closely spaced locally very closely spaced randomly orientated. (GAULT CLAY FORMATION) (5).","Gault Clay","","","TP342","3.50","D","006","","","3.50","01","","Natural","30.00","","3.50","01","","","57.00","35.00","22","22.00","100.00","","","","","","","","","","","","","","","","","","","","","","","","","","","","","","","","","","","","1.80","5.00"
"GF","Gault Clay Formation","GF_UW","Undefined","201","CLAY","Firm to stiff fissured locally indistinctly thinly laminated grey CLAY. Fissures are extremely closely spaced locally very closely spaced randomly orientated. (GAULT CLAY FORMATION) (5).","Gault Clay","","","TP342","4.50","D","007","","","4.50","01","","Natural","27.00","","4.50","01","","","61.00","39.00","22","22.00","100.00","","","","","","","","","","","","","","","","","","","","","","","","","","","","","","","","","","","","1.80","5.00"
"GF","Gault Clay Formation","GF_UW","Undefined","201","CLAY","Very stiff fissured locally indistinctly laminated dark grey CLAY with occasional shell fragments. fissures are extremely closely to very closely spaced randomly orientated (GAULT FORMATION). (6)","Gault Clay","","","TP338","3.50","D","006","","","3.50","01","","Natural","27.00","","3.50","01","","","62.00","38.00","24","24.00","100.00","","","","","","","","","","","","","","","","","","","","","","","","","","","","","","","","","","","","2.80","4.20"
"GF","Gault Clay Formation","GF_UW","Undefined","201","CLAY","Very stiff to hard fissured thinly laminated dark grey CLAY. fissures are very closely spaced randomly orientated (GAULT FORMATION). (7)","Gault Clay","","","TP338","4.50","D","007","","","4.50","01","","Natural","26.00","","4.50","01","","","62.00","38.00","24","24.00","100.00","","","","","","","","","","","","","","","","","","","","","","","","","","","","","","","","","","","","4.20","5.00"
"GF","Gault Clay Formation","GF_W","Undefined","203","Sandy CLAY","Stiff fissured grey locally brown mottled grey slightly sandy CLAY with occasional shell fragments. Fissures are very closely spaced randomly orientated. (REWORKED GAULT CLAY FORMATION). (5)","Reworked Kimmeridge Clay","","","TP338","2.50","D","005","","","2.50","01","","Wet sieve","23.00","","2.50","01","","","59.00","37.00","22","22.00","99.00","","","","","","","","","","","","","","","","","","","","","","","","","","","","","","","","","","","","2.20","2.80"
"GF","Gault Clay Formation","GF_W","Undefined","201","CLAY","Firm dark greyish brown slightly gravelly CLAY. Gravel is subrounded medium of claystone.","Partially Weathered GAULT CLAY FORMATION, Zone IIb","","","BH406","1.80","B","","#7204972173640004","2.40","","","","","","","","","","","","","","","","","","","1.80","","","","","26.00","18.00","47.00","9.00","0.00","43.70","","","","","","","","","","","","","","","","","","","","","","1.80","2.70"
"GF","Gault Clay Formation","GF_W","Undefined","201","CLAY","Firm dark greyish brown slightly gravelly CLAY. Gravel is subrounded medium of claystone.","Partially Weathered GAULT CLAY FORMATION, Zone IIb","","","BH406","2.60","D","","#7204972173640003","2.70","2.60","","","","25.00","","2.60","","","","53.00","29.00","24","24.00","90.00","","","","","","","","","","","","","","","","","","","","","","","","","","","","","","","","","","","","1.80","2.70"
"GF","Gault Clay Formation","GF_W","Undefined","203","Sandy CLAY","Soft to firm dark greenish brown sandy CLAY with occasional very fine selenite crystals and occasional subangular fine gravels of sandstone. Sand is fine to coarse.","Partially Weathered GAULT CLAY FORMATION, Zone IIa","","","BH406","3.00","D","","#7204972173640008","3.10","3.00","","","","17.00","","3.00","","","","48.00","33.00","15","15.00","83.00","","","","","","","","","","","","","","","","","","","","","","","","","","","","","","","","","","","","2.70","3.35"
"GF","Gault Clay Formation","GF_UW","Undefined","202","Silty CLAY","Firm becoming very stiff thinly laminated occasionally fissured dark greenish grey silty micaceous CLAY. Fissures are rough stepped between 10 degree and 30 degree from horizontal.","Partially Weathered GAULT CLAY FORMATION, Zone IIa","","","BH407","6.70","L","26","","","","","","","","","","","","","","","","","","","","","6.70","","","","","30.00","18.00","48.00","4.00","0.00","47.90","","","","","","","","","","","","","","","","","","","","","","5.70","6.90"
"GF","Gault Clay Formation","GF_UW","Undefined","207","Silty sandy CLAY","Very stiff very dark greenish grey slightly silty very sandy CLAY with occasional subangular gravel sized claystones. Sand is fine to coarse.","LOWER GREENSAND, Weathering Grade IV","","","BH407","7.20","D","21","","","7.20","","","","14.00","","7.20","","","","39.00","23.00","16","16.00","74.00","","","","","","","","","","","","","","","","","","","","","","","","","","","","","","","","","","","","6.90","8.20"
"GF","Gault Clay Formation","GF_W","Undefined","202","Silty CLAY","Firm becoming very stiff thinly laminated occasionally fissured dark greenish grey silty micaceous CLAY. Fissures are rough stepped between 10 degree and 30 degree from horizontal.","Partially Weathered GAULT CLAY FORMATION, Zone IIa","","","BH407","2.60","D","11","","","2.60","","","","28.00","","2.60","","","","66.00","42.00","24","24.00","89.00","","","","","","","","","","","","","","","","","","","","","","","","","","","","","","","","","","","","2.50","5.70"
"GF","Gault Clay Formation","GF_W","Undefined","202","Silty CLAY","Firm becoming very stiff thinly laminated occasionally fissured dark greenish grey silty micaceous CLAY. Fissures are rough stepped between 10 degree and 30 degree from horizontal.","Partially Weathered GAULT CLAY FORMATION, Zone IIa","","","BH407","2.80","D","9","","","2.80","","","","29.00","","","","","","","","","","","","","","","","","","","","","","","","","","","","","","","","","","","","","","","","","","","","","","2.50","5.70"
"GF","Gault Clay Formation","GF_W","Undefined","202","Silty CLAY","Firm becoming very stiff thinly laminated occasionally fissured dark greenish grey silty micaceous CLAY. Fissures are rough stepped between 10 degree and 30 degree from horizontal.","Partially Weathered GAULT CLAY FORMATION, Zone IIa","","","BH407","2.90","B","12","","","","","","","","","","","","","","","","","","","","","2.90","","","","","82.00","11.00","7.00","0.00","0.00","93.20","","","","","","","","","","","","","","","","","","","","","","2.50","5.70"
"GF","Gault Clay Formation","GF_W","Undefined","202","Silty CLAY","Firm becoming very stiff thinly laminated occasionally fissured dark greenish grey silty micaceous CLAY. Fissures are rough stepped between 10 degree and 30 degree from horizontal.","Partially Weathered GAULT CLAY FORMATION, Zone IIa","","","BH407","4.70","D","14","","","4.70","","","","31.00","","4.70","","","","73.00","50.00","23","23.00","70.00","","","","","","","","","","","","","","","","","","","","","","","","","","","","","","","","","","","","2.50","5.70"
"GF","Gault Clay Formation","GF_UW","Undefined","207","Silty sandy CLAY","Stiff becoming very stiff thinly laminated dark grey very silty sandy CLAY with closely spaced very thin laminae of fine sand and occasional lenses of light grey fine to coarse sand and occasional shells and shell fragments. Sand is fine to coarse.","Unweathered GAULT CLAY FORMATION, Zone Ia","","","BH401","5.70","L","35","","","","","","","","","","","","","","","","","","","","","5.70","","","","","79.00","16.00","4.00","1.00","0.00","94.50","","","","","","","","","","","","","","","","","","","","","","5.70","7.70"
"GF","Gault Clay Formation","GF_UW","Undefined","207","Silty sandy CLAY","Stiff becoming very stiff thinly laminated dark grey very silty sandy CLAY with closely spaced very thin laminae of fine sand and occasional lenses of light grey fine to coarse sand and occasional shells and shell fragments. Sand is fine to coarse.","Unweathered GAULT CLAY FORMATION, Zone Ia","","","BH401","6.70","D","40","","","6.70","","","","23.00","","6.70","","","","52.00","31.00","21","21.00","100.00","","","","","","","","","","","","","","","","","","","","","","","","","","","","","","","","","","","","5.70","7.70"
"GF","Gault Clay Formation","GF_W","Undefined","202","Silty CLAY","Firm thinly laminated fissured dark grey silty CLAY with occasional shells and shell fragments. Fissures are very closely spaced subhorizontal undulating rough and stepped striated.","Unweathered GAULT CLAY FORMATION, Zone Ib","","","BH401","4.70","D","29","","","4.70","","","","16.00","","4.70","","","","43.00","25.00","18","18.00","100.00","","","","","","","","","","","","","","","","","","","","","","","","","","","","","","","","","","","","3.70","5.70"
"GF","Gault Clay Formation","GF_W","Undefined","202","Silty CLAY","Firm thinly laminated fissured dark grey silty CLAY with occasional shells and shell fragments. Fissures are very closely spaced subhorizontal undulating rough and stepped striated.","Unweathered GAULT CLAY FORMATION, Zone Ib","","","BH401","4.70","L","31","","","","","","","","","","","","","","","","","","","","","4.70","","","","","61.00","22.00","16.00","1.00","0.00","83.00","","","","","","","","","","","","","","","","","","","","","","3.70","5.70"
"GF","Gault Clay Formation","GF_W","Undefined","207","Silty sandy CLAY","Firm dark grey silty very sandy CLAY. Sand is fine to coarse.","Unweathered GAULT CLAY FORMATION, Zone Ib","","","BH401","3.20","D","23","","","3.20","","","","22.00","","3.20","","","","54.00","34.00","20","20.00","85.00","","","","","","","","","","","","","","","","","","","","","","","","","","","","","","","","","","","","2.80","3.70"
"GF","Gault Clay Formation","GF_UW","Undefined","201","CLAY","Firm becoming stiff locally soft thinly to very thinly closely laminated fissured dark grey micaceous very fossiliferous CLAY. Fissures are closely spaced undulating smooth and stepped rough. Fossils are composed of bivalves and ammonites shells and fragments. ","Unweathered GAULT CLAY FORMATION, Zone Ib","","","BH408","6.70","L","38","","","","","","","","","","","","","","","","","","","","","6.70","","","","","82.00","14.00","3.00","1.00","0.00","96.00","","","","","","","","","","","","","","","","","","","","","","6.70","15.70"
"GF","Gault Clay Formation","GF_UW","Undefined","201","CLAY","Firm becoming stiff locally soft thinly to very thinly closely laminated fissured dark grey micaceous very fossiliferous CLAY. Fissures are closely spaced undulating smooth and stepped rough. Fossils are composed of bivalves and ammonites shells and fragments. ","Unweathered GAULT CLAY FORMATION, Zone Ib","","","BH408","8.20","D","39","","","8.20","","","","25.00","","8.20","","","","51.00","29.00","22","22.00","100.00","","","","","","","","","","","","","","","","","","","","","","","","","","","","","","","","","","","","6.70","15.70"
"GF","Gault Clay Formation","GF_UW","Undefined","201","CLAY","Firm becoming stiff locally soft thinly to very thinly closely laminated fissured dark grey micaceous very fossiliferous CLAY. Fissures are closely spaced undulating smooth and stepped rough. Fossils are composed of bivalves and ammonites shells and fragments. ","Unweathered GAULT CLAY FORMATION, Zone Ib","","","BH408","13.50","D","50","","","13.50","","","","25.00","","13.50","","","","55.00","35.00","20","20.00","100.00","","","","","","","","","","","","","","","","","","","","","","","","","","","","","","","","","","","","6.70","15.70"
"GF","Gault Clay Formation","GF_UW","Undefined","220","Sandy gravelly CLAY","Very stiff dark grey sandy slightly gravelly CLAY. Gravel is subrounded fine of flint. Sand is fine to coarse.","Unweathered GAULT CLAY FORMATION, Zone Ia","","","BH408","15.70","L","54","","","","","","","","","","","","","","","","","","","","","15.70","","","","","0.00","1.00","3.00","3.00","93.00","1.00","","","","","","","","","","","","","","","","","","","","","","15.70","16.30"
"GF","Gault Clay Formation","GF_W","Undefined","201","CLAY","Firm becoming stiff locally soft thinly to very thinly closely laminated fissured dark grey micaceous very fossiliferous CLAY. Fissures are closely spaced undulating smooth and stepped rough. Fossils are composed of bivalves and ammonites shells and fragments. ","Unweathered GAULT CLAY FORMATION, Zone Ib","","","BH408","2.10","D","28","","","2.10","","","","45.00","","2.10","","","","70.00","34.00","36","36.00","100.00","","","","","","","","","","","","","","","","","","","","","","","","","","","","","","","","","","","","2.00","6.70"
"GF","Gault Clay Formation","GF_W","Undefined","201","CLAY","Firm becoming stiff locally soft thinly to very thinly closely laminated fissured dark grey micaceous very fossiliferous CLAY. Fissures are closely spaced undulating smooth and stepped rough. Fossils are composed of bivalves and ammonites shells and fragments. ","Unweathered GAULT CLAY FORMATION, Zone Ib","","","BH408","2.70","D","","#8174389041100017","3.15","2.70","","","","23.00","","2.70","","","","67.00","46.00","21","21.00","100.00","","","","","","","","","","","","","","","","","","","","","","","","","","","","","","","","","","","","2.00","6.70"
"GF","Gault Clay Formation","GF_W","Undefined","201","CLAY","Firm becoming stiff locally soft thinly to very thinly closely laminated fissured dark grey micaceous very fossiliferous CLAY. Fissures are closely spaced undulating smooth and stepped rough. Fossils are composed of bivalves and ammonites shells and fragments. ","Unweathered GAULT CLAY FORMATION, Zone Ib","","","BH408","2.80","B","33","","","","","","","","","","","","","","","","","","","","","2.80","","","","","69.00","21.00","7.00","3.00","0.00","89.70","","","","","","","","","","","","","","","","","","","","","","2.00","6.70"
"GF","Gault Clay Formation","GF_W","Undefined","201","CLAY","Firm becoming stiff locally soft thinly to very thinly closely laminated fissured dark grey micaceous very fossiliferous CLAY. Fissures are closely spaced undulating smooth and stepped rough. Fossils are composed of bivalves and ammonites shells and fragments. ","Unweathered GAULT CLAY FORMATION, Zone Ib","","","BH408","5.50","D","24","","","5.50","","","","24.00","","5.50","","","","53.00","31.00","22","22.00","100.00","","","","","","","","","","","","","","","","","","","","","","","","","","","","","","","","","","","","2.00","6.70"
"GF","Gault Clay Formation","GF_W","Undefined","201","CLAY","Firm becoming stiff locally soft thinly to very thinly closely laminated fissured dark grey micaceous very fossiliferous CLAY. Fissures are closely spaced undulating smooth and stepped rough. Fossils are composed of bivalves and ammonites shells and fragments. ","Unweathered GAULT CLAY FORMATION, Zone Ib","","","BH408","5.70","L","15","","","","","","","","","","","","","","","","","","","","","","","","","","","","","","","","5.70","","","","","","","","","","","","5.70","","","","","2.03","1.65","23.00","","2.00","6.70"
"GF","Gault Clay Formation","GF_UW","Undefined","201","CLAY","Stiff laminated fissured grey micaceous fossiliferous CLAY. Fissures are extremely closely spaced stepped rough and undulating rough randomly orientated. Fossils of bivalves and ammonites layered between laminae. ","Unweathered GAULT CLAY FORMATION, Zone Ib","","","BH414","9.20","B","35","","","","","","","","","","","","","","","","","","","","","9.20","","","","","75.00","22.00","3.00","0.00","0.00","97.00","","","","","","","","","","","","","","","","","","","","","","6.70","12.95"
"GF","Gault Clay Formation","GF_UW","Undefined","201","CLAY","Stiff laminated fissured grey micaceous fossiliferous CLAY. Fissures are extremely closely spaced stepped rough and undulating rough randomly orientated. Fossils of bivalves and ammonites layered between laminae. ","Unweathered GAULT CLAY FORMATION, Zone Ib","","","BH414","9.60","D","24","","","9.60","","","","32.00","","9.60","","","","69.00","39.00","30","30.00","100.00","","","","","","","","","","","","","","","","","","","","","","","","","","","","","","","","","","","","6.70","12.95"
"GF","Gault Clay Formation","GF_W","Undefined","201","CLAY","Firm laminated fissured grey micaceous fossiliferous CLAY with rare selenite crystals (10x10x10mm). Fissures are extremely closely spaced stepped rough and undulating rough randomly orientated. Fossils of bivalves and ammonites layered between laminae. ","Partially Weathered GAULT CLAY FORMATION, Zone IIa","","","BH414","4.13","D","23","","","4.13","","","","32.00","","4.13","","","","63.00","37.00","26","26.00","100.00","","","","","","","","","","","","","","","","","","","","","","","","","","","","","","","","","","","","3.70","6.70"
"GF","Gault Clay Formation","GF_W","Undefined","201","CLAY","Firm laminated fissured grey micaceous fossiliferous CLAY with rare selenite crystals (10x10x10mm). Fissures are extremely closely spaced stepped rough and undulating rough randomly orientated. Fossils of bivalves and ammonites layered between laminae. ","Partially Weathered GAULT CLAY FORMATION, Zone IIa","","","BH414","4.35","B","37","","","","","","","","","","","","","","","","","","","","","4.35","","","","","82.00","12.00","1.00","5.00","0.00","94.20","","","","","","","","","","","","","","","","","","","","","","3.70","6.70"
"GF","Gault Clay Formation","GF_W","Undefined","202","Silty CLAY","Soft thinly laminated fissured grey mottled brown slightly micaceous slightly silty CLAY. Fissures are very closely spaced stepped rough randomly orientated.","Partially Weathered GAULT CLAY FORMATION, Zone IIa","","","BH414","2.60","D","26","","","2.60","","","","26.00","","2.60","","","","57.00","36.00","21","21.00","83.00","","","","","","","","","","","","","","","","","","","","","","","","","","","","","","","","","","","","2.38","3.70"
"GF","Gault Clay Formation","GF_W","Undefined","202","Silty CLAY","Soft thinly laminated fissured grey mottled brown slightly micaceous slightly silty CLAY. Fissures are very closely spaced stepped rough randomly orientated.","Partially Weathered GAULT CLAY FORMATION, Zone IIa","","","BH414","3.30","B","34","","","","","","","","","","","","","","","","","","","","","","","","","","","","","","","","3.30","","","","","","","","","","","","3.30","","","","","2.02","1.61","25.00","","2.38","3.70"
"GF","Gault Clay Formation","GF_W","Undefined","202","Silty CLAY","Soft thinly laminated fissured grey mottled brown slightly micaceous slightly silty CLAY. Fissures are very closely spaced stepped rough randomly orientated.","Partially Weathered GAULT CLAY FORMATION, Zone IIa","","","BH414","3.60","D","","#2909345092670021","3.70","3.60","","","","29.00","","3.60","","","","66.00","44.00","22","22.00","100.00","","","","","","","","","","","","","","","","","","","","","","","","","","","","","","","","","","","","2.38","3.70"
"GF","Gault Clay Formation","GF_W","Undefined","201","CLAY","Firm becoming stiff locally soft  laminated highly fissured grey mottled brown slightly micaceous CLAY with occasional shell fragments. Fissures are extremely closely spaced stepped rough and undulating rough.","Partially Weathered GAULT CLAY FORMATION, Zone IIb","","","BH409","2.60","D","","#2449369338540008","2.70","2.60","","","","24.00","","2.60","","","","67.00","47.00","20","20.00","100.00","","","","","","","","","","","","","","","","","","","","","","","","","","","","","","","","","","","","1.75","7.70"
"GF","Gault Clay Formation","GF_W","Undefined","201","CLAY","Firm becoming stiff locally soft  laminated highly fissured grey mottled brown slightly micaceous CLAY with occasional shell fragments. Fissures are extremely closely spaced stepped rough and undulating rough.","Partially Weathered GAULT CLAY FORMATION, Zone IIb","","","BH409","3.50","D","","#2449369338540019","3.60","3.50","","","","27.00","","3.50","","","","","","","","","","","","","","","","","","","","","","","","","","","","","","","","","","","","","","","","","","","","1.75","7.70"
"GF","Gault Clay Formation","GF_W","Undefined","201","CLAY","Firm becoming stiff locally soft  laminated highly fissured grey mottled brown slightly micaceous CLAY with occasional shell fragments. Fissures are extremely closely spaced stepped rough and undulating rough.","Partially Weathered GAULT CLAY FORMATION, Zone IIb","","","BH409","5.70","L","23","","","","","","","","","","","","","","","","","","","","","5.70","","","","","30.00","12.00","28.00","30.00","0.00","42.40","","","","","","","","","","","","","","","","","","","","","","1.75","7.70"
"GF","Gault Clay Formation","GF_W","Undefined","201","CLAY","Firm becoming stiff locally soft  laminated highly fissured grey mottled brown slightly micaceous CLAY with occasional shell fragments. Fissures are extremely closely spaced stepped rough and undulating rough.","Partially Weathered GAULT CLAY FORMATION, Zone IIb","","","BH409","6.70","D","32","","","6.70","","","","21.00","","6.70","","","","51.00","28.00","23","23.00","100.00","","","","","","","","","","","","","","","","","","","","","","","","","","","","","","","","","","","","1.75","7.70"
"GF","Gault Clay Formation","GF_UW","Undefined","202","Silty CLAY","Stiff thinly laminated fissured grey micaceous silty CLAY with occasional shell and shell fragments. Fissures are closely spaced stepped and rough.","Unweathered GAULT CLAY FORMATION, Zone Ib","","","BH415A","4.70","B","14","","","","","","","","","","","","","","","","","","","","","4.70","","","","","73.00","18.00","9.00","0.00","0.00","91.20","","","","","","","","","","","","","","","","","","","","","","4.70","17.65"
"GF","Gault Clay Formation","GF_UW","Undefined","202","Silty CLAY","Stiff thinly laminated fissured grey micaceous silty CLAY with occasional shell and shell fragments. Fissures are closely spaced stepped and rough.","Unweathered GAULT CLAY FORMATION, Zone Ib","","","BH415A","4.70","D","9","","","4.70","","","","20.00","","4.70","","","","51.00","34.00","17","17.00","100.00","","","","","","","","","","","","","","","","","","","","","","","","","","","","","","","","","","","","4.70","17.65"
"GF","Gault Clay Formation","GF_UW","Undefined","202","Silty CLAY","Stiff thinly laminated fissured grey micaceous silty CLAY with occasional shell and shell fragments. Fissures are closely spaced stepped and rough.","Unweathered GAULT CLAY FORMATION, Zone Ib","","","BH415A","7.48","B","29","","","","","","","","","","","","","","","","","","","","","","","","","","","","","","","","7.48","","","","","","","","","","","","7.48","","","","","2.04","1.61","26.00","","4.70","17.65"
"GF","Gault Clay Formation","GF_UW","Undefined","202","Silty CLAY","Stiff thinly laminated fissured grey micaceous silty CLAY with occasional shell and shell fragments. Fissures are closely spaced stepped and rough.","Unweathered GAULT CLAY FORMATION, Zone Ib","","","BH415A","9.60","D","25","","","9.60","","","","27.00","","9.60","","","","57.00","36.00","21","21.00","100.00","","","","","","","","","","","","","","","","","","","","","","","","","","","","","","","","","","","","4.70","17.65"
"GF","Gault Clay Formation","GF_UW","Undefined","202","Silty CLAY","Stiff thinly laminated fissured grey micaceous silty CLAY with occasional shell and shell fragments. Fissures are closely spaced stepped and rough.","Unweathered GAULT CLAY FORMATION, Zone Ib","","","BH415A","12.00","B","30","","","","","","","","","","","","","","","","","","","","","12.00","","","","","82.00","17.00","1.00","0.00","0.00","98.60","","","","","","","","","","","","","","","","","","","","","","4.70","17.65"
"GF","Gault Clay Formation","GF_UW","Undefined","202","Silty CLAY","Stiff thinly laminated fissured grey micaceous silty CLAY with occasional shell and shell fragments. Fissures are closely spaced stepped and rough.","Unweathered GAULT CLAY FORMATION, Zone Ib","","","BH415A","15.70","D","36","","","15.70","","","","27.00","","15.70","","","","57.00","33.00","24","24.00","100.00","","","","","","","","","","","","","","","","","","","","","","","","","","","","","","","","","","","","4.70","17.65"
"GF","Gault Clay Formation","GF_UW","Undefined","202","Silty CLAY","Very stiff grey thinly interlaminated closely spaced SILT, SAND and CLAY with occasional shells and shell fragments. Sand is fine to coarse.","LOWER GREENSAND, Weathering Grade V","","","BH415A","18.70","D","33","","","18.70","","","","22.00","","18.70","","","","49.00","29.00","20","20.00","100.00","","","","","","","","","","","","","","","","","","","","","","","","","","","","","","","","","","","","17.65","19.87"
"GF","Gault Clay Formation","GF_UW","Undefined","202","Silty CLAY","Very stiff grey thinly interlaminated closely spaced SILT, SAND and CLAY with occasional shells and shell fragments. Sand is fine to coarse.","LOWER GREENSAND, Weathering Grade V","","","BH415A","19.45","B","54","","","","","","","","","","","","","","","","","","","","","19.45","","","","","70.00","19.00","11.00","0.00","0.00","89.30","","","","","","","","","","","","","","","","","","","","","","17.65","19.87"
"GF","Gault Clay Formation","GF_W","Undefined","201","CLAY","Very soft to firm thinly laminated to very thinly laminated  fissured grey CLAY. Fissures are extremely closely spaced stepped rough and undulating rough orientated between 0 degree and 10 degree from horizontal.","Unweathered GAULT CLAY FORMATION, Zone Ib","","","BH410","2.60","D","","#9082339750160018","2.70","2.60","","","","31.00","","2.60","","","","64.00","38.00","26","26.00","100.00","","","","","","","","","","","","","","","","","","","","","","","","","","","","","","","","","","","","1.80","6.05"
"GF","Gault Clay Formation","GF_W","Undefined","201","CLAY","Very soft to firm thinly laminated to very thinly laminated  fissured grey CLAY. Fissures are extremely closely spaced stepped rough and undulating rough orientated between 0 degree and 10 degree from horizontal.","Unweathered GAULT CLAY FORMATION, Zone Ib","","","BH410","3.70","D","13","","","3.70","","","","33.00","","3.70","","","","77.00","48.00","29","29.00","100.00","","","","","","","","","","","","","","","","","","","","","","","","","","","","","","","","","","","","1.80","6.05"
"GF","Gault Clay Formation","GF_W","Undefined","201","CLAY","Very soft to firm thinly laminated to very thinly laminated  fissured grey CLAY. Fissures are extremely closely spaced stepped rough and undulating rough orientated between 0 degree and 10 degree from horizontal.","Unweathered GAULT CLAY FORMATION, Zone Ib","","","BH410","5.21","B","28","","","","","","","","","","","","","","","","","","","","","5.21","","","","","91.00","6.00","3.00","0.00","0.00","96.50","","","","","","","","","","","","","","","","","","","","","","1.80","6.05"
"GF","Gault Clay Formation","GF_W","Undefined","207","Silty sandy CLAY","Firm to stiff very thinly to thinly laminated dark grey silty sandy fissured slightly micaceous CLAY. Fissures are extremely closely spaced stepped rough orientated between 0 degree and 110 degree from horizontal. Sand is fine to coarse.","Unweathered GAULT CLAY FORMATION, Zone Ib","","","BH410","6.20","D","15","","","6.20","","","","16.00","","6.20","","","","40.00","27.00","13","13.00","100.00","","","","","","","","","","","","","","","","","","","","","","","","","","","","","","","","","","","","6.05","6.60"
"GF","Gault Clay Formation","GF_UW","Undefined","202","Silty CLAY","firm thinly laminated fissured dark grey silty slightly micaceous CLAY with occasional fossils. Fissures are very closely spaced stepped smooth orientated between 0 degrees and 30 degrees from horizontal.","Unweathered GAULT CLAY FORMATION, Zone Ib","","","BH416","6.70","D","26","","","6.70","","","","21.00","","6.70","","","","53.00","30.00","23","23.00","100.00","","","","","","","","","","","","","","","","","","","","","","","","","","","","","","","","","","","","4.77","10.38"
"GF","Gault Clay Formation","GF_W","Undefined","202","Silty CLAY","Soft to firm thinly laminated fissured dark grey silty slightly micaceous CLAY with occasional fossils. Fissures are very closely spaced stepped smooth orientated between 0 degree and 30 degree from horizontal.","Unweathered GAULT CLAY FORMATION, Zone Ib","","","BH416","2.65","D","","#6238125626100016","2.70","2.65","","","","31.00","","2.65","","","","64.00","38.00","26","26.00","100.00","","","","","","","","","","","","","","","","","","","","","","","","","","","","","","","","","","","","2.55","4.77"
"GF","Gault Clay Formation","GF_W","Undefined","202","Silty CLAY","Soft to firm thinly laminated fissured dark grey silty slightly micaceous CLAY with occasional fossils. Fissures are very closely spaced stepped smooth orientated between 0 degree and 30 degree from horizontal.","Unweathered GAULT CLAY FORMATION, Zone Ib","","","BH416","3.60","D","17","","","3.60","","","","23.00","","3.60","","","","51.00","29.00","22","22.00","100.00","","","","","","","","","","","","","","","","","","","","","","","","","","","","","","","","","","","","2.55","4.77"
"GF","Gault Clay Formation","GF_UW","Undefined","201","CLAY","Firm thinly laminated fissured dark bluish grey CLAY with rare shell fragments (<5mm diameter). Fissures are: fissure set 1 is extremely closely spaced subhorizontal planar smooth; fissure set 2 is very closely spaced subvertical planar smooth.","Partially Weathered GAULT CLAY FORMATION, Zone IIa","","","BH412","5.60","D","19","","","5.60","","","","28.00","","5.60","","","","98.00","71.00","27","27.00","100.00","","","","","","","","","","","","","","","","","","","","","","","","","","","","","","","","","","","","4.70","6.60"
"GF","Gault Clay Formation","GF_W","Undefined","201","CLAY","Firm thinly laminated fissured dark bluish grey CLAY with rare shell fragments (<5mm diameter). Fissures are: fissure set 1 is extremely closely spaced subhorizontal planar smooth; fissure set 2 is very closely spaced subvertical planar smooth.","Partially Weathered GAULT CLAY FORMATION, Zone IIa","","","BH412","2.65","D","11","","","2.65","","","","21.00","","2.65","","","","53.00","33.00","20","20.00","100.00","","","","","","","","","","","","","","","","","","","","","","","","","","","","","","","","","","","","2.10","4.70"
"GF","Gault Clay Formation","GF_W","Undefined","201","CLAY","Firm thinly laminated fissured dark bluish grey CLAY with rare shell fragments (<5mm diameter). Fissures are: fissure set 1 is extremely closely spaced subhorizontal planar smooth; fissure set 2 is very closely spaced subvertical planar smooth.","Partially Weathered GAULT CLAY FORMATION, Zone IIa","","","BH412","3.30","B","14","","","","","","","","","","","","","","","","","","","","","3.30","","","","","64.00","23.00","13.00","0.00","0.00","87.30","","","","","","","","","","","","","","","","","","","","","","2.10","4.70"
"GF","Gault Clay Formation","GF_W","Undefined","201","CLAY","Firm thinly laminated fissured dark bluish grey CLAY with rare shell fragments (<5mm diameter). Fissures are: fissure set 1 is extremely closely spaced subhorizontal planar smooth; fissure set 2 is very closely spaced subvertical planar smooth.","Partially Weathered GAULT CLAY FORMATION, Zone IIa","","","BH412","3.65","D","","#1695430018790015","","3.65","","","","31.00","","3.65","","","","73.00","50.00","23","23.00","100.00","","","","","","","","","","","","","","","","","","","","","","","","","","","","","","","","","","","","2.10","4.70"
"GF","Gault Clay Formation","GF_W","Undefined","201","CLAY","Firm thinly laminated fissured dark bluish grey CLAY with rare shell fragments (<5mm diameter). Fissures are: fissure set 1 is extremely closely spaced subhorizontal planar smooth; fissure set 2 is very closely spaced subvertical planar smooth.","Partially Weathered GAULT CLAY FORMATION, Zone IIa","","","BH412","4.60","B","17","","","","","","","","","","","","","","","","","","","","","","","","","","","","","","","","4.60","","","","","","","","","","","","4.60","","","","","2.05","1.68","22.00","","2.10","4.70"
"GF","Gault Clay Formation","GF_W","Undefined","201","CLAY","Soft becoming stiff thinly to very thinly extremely closely continuously laminated fissured dark grey micasious CLAY with occasional fossil shells and fragments. Fissure interchange between stepped and undulating throughout.","","","","BH524","2.70","D","","#7869156001990012","3.15","2.70","","","","26.00","","2.70","","","","66.00","42.00","24","24.00","95.00","","","","","","","","","","","","","","","","","","","","","","","","","","","","","","","","","","","","2.45","10.65"
"GF","Gault Clay Formation","GF_W","Undefined","201","CLAY","Soft becoming stiff thinly to very thinly extremely closely continuously laminated fissured dark grey micasious CLAY with occasional fossil shells and fragments. Fissure interchange between stepped and undulating throughout.","","","","BH524","3.00","D","","#7869156001990015","3.10","","","","","","","","","","","","","","","","","","","","","","","","","","","","","","3.00","","","","","","","","","","","","3.00","","","","","2.34","1.88","24.00","","2.45","10.65"
"GF","Gault Clay Formation","GF_W","Undefined","201","CLAY","Soft becoming stiff thinly to very thinly extremely closely continuously laminated fissured dark grey micasious CLAY with occasional fossil shells and fragments. Fissure interchange between stepped and undulating throughout.","","","","BH524","3.10","B","","#7869156001990018","3.50","","","","","","","","","","","","","","","","","","","3.10","","","","","76.00","19.00","5.00","0.00","0.00","94.50","","","","","","","","","","","","","","","","","","","","","","2.45","10.65"
"GF","Gault Clay Formation","GF_W","Undefined","201","CLAY","Soft becoming stiff thinly to very thinly extremely closely continuously laminated fissured dark grey micasious CLAY with occasional fossil shells and fragments. Fissure interchange between stepped and undulating throughout.","","","","BH524","4.20","D","","#7869156001990024","4.30","4.20","","","","31.00","","4.20","","","","55.00","31.00","24","24.00","83.00","","","","","","","","","","","","","","","","","","","","","","","","","","","","","","","","","","","","2.45","10.65"
"GF","Gault Clay Formation","GF_W","Undefined","201","CLAY","Soft becoming stiff thinly to very thinly extremely closely continuously laminated fissured dark grey micasious CLAY with occasional fossil shells and fragments. Fissure interchange between stepped and undulating throughout.","","","","BH524","5.70","L","","#7869156001990035","6.70","","","","","","","","","","","","","","","","","","","5.70","","","","","89.00","8.00","3.00","0.00","0.00","97.20","","","","","","","","","","","","","","","","","","","","","","2.45","10.65"
"GF","Gault Clay Formation","GF_W","Undefined","201","CLAY","Soft becoming stiff thinly to very thinly extremely closely continuously laminated fissured dark grey micasious CLAY with occasional fossil shells and fragments. Fissure interchange between stepped and undulating throughout.","","","","BH524","6.35","D","","#7869156001990023","6.45","6.35","","","","30.00","","6.35","","","","65.00","40.00","25","25.00","85.00","","","","","","","","","","","","","","","","","","","","","","","","","","","","","","","","","","","","2.45","10.65"
"GF","Gault Clay Formation","GF_W","Undefined","201","CLAY","Soft becoming stiff thinly to very thinly extremely closely continuously laminated fissured dark grey micasious CLAY with occasional fossil shells and fragments. Fissure interchange between stepped and undulating throughout.","","","","BH524","7.70","D","","#7869156001990028","8.15","7.70","","","","26.00","","7.70","","","","71.00","47.00","24","24.00","89.00","","","","","","","","","","","","","","","","","","","","","","","","","","","","","","","","","","","","2.45","10.65"
"GF","Gault Clay Formation","GF_W","Undefined","201","CLAY","Soft becoming stiff thinly to very thinly extremely closely continuously laminated fissured dark grey micasious CLAY with occasional fossil shells and fragments. Fissure interchange between stepped and undulating throughout.","","","","BH524","7.70","L","","#7869156001990038","8.70","","","","","","","","","","","","","","","","","","","7.70","","","","","94.00","5.00","1.00","0.00","0.00","98.50","","","","","","","","","","","","","","","","","","","","","","2.45","10.65"
"GF","Gault Clay Formation","GF_W","Undefined","201","CLAY","Soft becoming stiff thinly to very thinly extremely closely continuously laminated fissured dark grey micasious CLAY with occasional fossil shells and fragments. Fissure interchange between stepped and undulating throughout.","","","","BH524","9.60","D","","#7869156001990031","9.70","9.60","","","","25.00","","9.60","","","","76.00","52.00","24","24.00","73.00","","","","","","","","","","","","","","","","","","","","","","","","","","","","","","","","","","","","2.45","10.65"
"GF","Gault Clay Formation","GF_UW","Undefined","201","CLAY","Firm to stiff dark grey thinly laminated fissured highly micaceous CLAY. Fissures are extremely closely spaced stepped rough orientated between 0 degree and 25 degree from horizontal.","Unweathered GAULT CLAY FORMATION, Grade Ib","","","BH411","3.10","D","","","3.20","3.10","","","","24.00","","3.10","","","","74.00","50.00","24","24.00","100.00","","","","","","","","","","","","","","","","","","","","","","","","","","","","","","","","","","","","2.20","9.10"
"GF","Gault Clay Formation","GF_UW","Undefined","201","CLAY","Firm to stiff dark grey thinly laminated fissured highly micaceous CLAY. Fissures are extremely closely spaced stepped rough orientated between 0 degree and 25 degree from horizontal.","Unweathered GAULT CLAY FORMATION, Grade Ib","","","BH411","3.20","B","","","4.00","","","","","","","","","","","","","","","","","","","3.20","","","","","65.00","15.00","18.00","2.00","0.00","79.60","","","","","","","","","","","","","","","","","","","","","","2.20","9.10"
"GF","Gault Clay Formation","GF_UW","Undefined","201","CLAY","Firm to stiff dark grey thinly laminated fissured highly micaceous CLAY. Fissures are extremely closely spaced stepped rough orientated between 0 degree and 25 degree from horizontal.","Unweathered GAULT CLAY FORMATION, Grade Ib","","","BH411","6.60","D","","","6.70","6.60","","","","44.00","","6.60","","","","64.00","32.00","32","32.00","100.00","","","","","","","","","","","","","","","","","","","","","","","","","","","","","","","","","","","","2.20","9.10"
"GF","Gault Clay Formation","GF_UW","Undefined","207","Silty sandy CLAY","Firm to stiff indistinctly thinly laminated fissured dark grey occasionally micaceous silty sandy CLAY with frequent lenses of light grey fine to coarse sand and occasional sandy beds between laminae. Fissures are closely spaced stepped rough randomly orientated. Sand is fine to coarse.","LOWER GREENSAND, Weathering Grade V","","","BH404","7.00","C","","","7.30","7.00","","","","24.00","","7.00","","","","65.00","45.00","20","20.00","98.00","","","","7.00","","","","","60.00","26.00","14.00","0.00","0.00","86.20","","","","","","","","","","","","","","","","","","","","","","6.20","8.80"
"GF","Gault Clay Formation","GF_W","Undefined","201","CLAY","Soft to firm thinly laminated fissured grey CLAY with occasional subrounded fine to medium gravels of siltstone. Fissures are closely spaced stepped rough and undulating rough orientated between 0 degree and 15 degree from horizontal.","Partially Weathered GAULT CLAY FORMATION, Zone IIa","","","BH404","2.60","D","","","2.70","2.60","","","","17.00","","2.60","","","","55.00","39.00","16","16.00","100.00","","","","","","","","","","","","","","","","","","","","","","","","","","","","","","","","","","","","2.30","6.20"
"GF","Gault Clay Formation","GF_W","Undefined","201","CLAY","Soft to firm thinly laminated fissured grey CLAY with occasional subrounded fine to medium gravels of siltstone. Fissures are closely spaced stepped rough and undulating rough orientated between 0 degree and 15 degree from horizontal.","Partially Weathered GAULT CLAY FORMATION, Zone IIa","","","BH404","3.50","D","","","3.60","3.50","","","","18.00","","3.50","","","","","","","","","","","","","","","","","","","","","","","","","","","","","","","","","","","","","","","","","","","","2.30","6.20"
"GF","Gault Clay Formation","GF_W","Undefined","201","CLAY","Soft to firm thinly laminated fissured grey CLAY with occasional subrounded fine to medium gravels of siltstone. Fissures are closely spaced stepped rough and undulating rough orientated between 0 degree and 15 degree from horizontal.","Partially Weathered GAULT CLAY FORMATION, Zone IIa","","","BH404","4.60","D","","","4.70","4.60","","","","17.00","","4.60","","","","45.00","31.00","14","14.00","100.00","","","","","","","","","","","","","","","","","","","","","","","","","","","","","","","","","","","","2.30","6.20"
"GF","Gault Clay Formation","GF_W","Undefined","201","CLAY","Soft to firm thinly laminated fissured grey CLAY with occasional subrounded fine to medium gravels of siltstone. Fissures are closely spaced stepped rough and undulating rough orientated between 0 degree and 15 degree from horizontal.","Partially Weathered GAULT CLAY FORMATION, Zone IIa","","","BH404","5.70","C","","","6.00","5.70","","","","24.00","","5.70","","","","45.00","24.00","21","21.00","100.00","","","","5.70","","","","","78.00","19.00","3.00","0.00","0.00","97.10","","","","","","","","","","","","","","","","","","","","","","2.30","6.20"
"GF","Gault Clay Formation","GF_W","Undefined","202","Silty CLAY","Soft to firm grey mottled orange and brown slightly gravelly silty CLAY. Gravel is subrounded fine of siltstone.","Partially Weathered GAULT CLAY FORMATION, Zone IIb","","","BH404","1.40","D","","","1.50","1.40","","","","19.00","","1.40","","","","51.00","36.00","15","15.00","100.00","","","","","","","","","","","","","","","","","","","","","","","","","","","","","","","","","","","","1.20","2.30"
"GF","Gault Clay Formation","GF_W","Undefined","203","Sandy CLAY","Soft to firm very dark brownish grey very sandy CLAY. Sand is multicoloured and fine to coarse. ","Reworked GAULT CLAY FORMATION, Zone V","","","BH405","3.80","D","","","3.90","3.80","","","","19.00","","3.80","","","","56.00","35.00","21","21.00","100.00","","","","","","","","","","","","","","","","","","","","","","","","","","","","","","","","","","","","2.75","4.00"
"GF","Gault Clay Formation","GF_W","Undefined","203","Sandy CLAY","Firm dark grey mottled orangish brown occasionally micaceous slightly sandy silty CLAY. Sand is fine to coarse.","","","","BH522","2.20","B","","","2.70","","","","","","","","","","","","","","","","","","","2.20","","","","","65.00","18.00","15.00","2.00","0.00","82.80","","","","","","","","","","","","","","","","","","","","","","2.20","4.90"
"GF","Gault Clay Formation","GF_W","Undefined","203","Sandy CLAY","Firm dark grey mottled orangish brown occasionally micaceous slightly sandy silty CLAY. Sand is fine to coarse.","","","","BH522","3.65","D","","","3.70","3.65","","","","20.00","","3.65","","","","53.00","35.00","18","18.00","100.00","","","","","","","","","","","","","","","","","","","","","","","","","","","","","","","","","","","","2.20","4.90"
"GF","Gault Clay Formation","GF_W","Undefined","203","Sandy CLAY","Firm dark grey mottled orangish brown slightly sandy silty CLAY. Sand is fine to coarse.","","","","BH522","5.50","B","","","5.70","","","","","","","","","","","","","","","","","","","5.50","","","","","42.00","19.00","32.00","7.00","0.00","61.00","","","","","","","","","","","","","","","","","","","","","","5.30","6.20"
"GF","Gault Clay Formation","GF_W","Undefined","203","Sandy CLAY","Firm dark grey mottled orangish brown slightly sandy silty CLAY. Sand is fine to coarse.","","","","BH522","5.70","D","","","","5.70","","","","18.00","","5.70","","","","45.00","26.00","19","19.00","100.00","","","","","","","","","","","","","","","","","","","","","","","","","","","","","","","","","","","","5.30","6.20"
"GF","Gault Clay Formation","GF_UW","Undefined","203","Sandy CLAY","Stiff brown mottled grey slightly fine sandy micaceous CLAY. (GAULT FORMATION)","","","","TP5","2.40","D","","","","","","","","28.00","","","","","","56.00","35.00","21","21.00","0.00","","","","","","","","","","","","","","","","","","","","","","","","","","","","","","","","","","","","2.20","3.40"
"GF","Gault Clay Formation","GF_UW","Undefined","203","Sandy CLAY","Stiff laminated brown mottled grey slightly sandy slightly micaceous CLAY with rare shell fragments. (GAULT FORMATION)","","","","DCS4","1.70","D","","","","","","","","24.00","","","","","","56.00","36.00","20","20.00","0.00","","","","","","","","","","","","","","","","","","","","","","","","","","","","","","","","","","","","1.55","5.45"
"GF","Gault Clay Formation","GF_UW","Undefined","207","Silty sandy CLAY","Firm laminated brown and grey slightly fine sandy silty slightly micaceuous CLAY with rare shell fragments. (GAULT FORMATION)","","","","DCS1","1.70","D","","","","","","","","27.00","","","","","","61.00","39.00","22","22.00","0.00","","","","","","","","","","","","","","","","","","","","","","","","","","","","","","","","","","","","1.30","5.45"
"GF","Gault Clay Formation","GF_UW","Undefined","203","Sandy CLAY","Stiff laminated grey mottled brown slightly sandy slightly micaceous CLAY with rare shell fragments. (GAULT FORMATION)","","","","CP6","3.40","D","","","3.60","","","","","28.00","","","","","","53.00","33.00","20","20.00","14.00","","","","","","","","","","","","","","","","","","","","","","","","","","","","","","","","","","","","3.40","10.25"
"GF","Gault Clay Formation","GF_UW","Undefined","203","Sandy CLAY","Stiff laminated grey slightly sandy slightly micaceous CLAY with rare shell fragments. (GAULT FORMATION)","","","","DCS10","3.90","D","","","","","","","","25.00","","","","","","61.00","39.00","22","22.00","0.00","","","","","","","","","","","","","","","","","","","","","","","","","","","","","","","","","","","","3.40","4.45"
"GF","Gault Clay Formation","GF_UW","Undefined","203","Sandy CLAY","Firm to stiff laminated brown mottled grey slightly fine sandy CLAY with rare shell fragments. (GAULT FORMATION)","","","","DCS7","2.00","D","","","2.45","","","","","29.00","","","","","","62.00","39.00","23","23.00","0.00","","Test sheet shows at 1.8m but no sample shown on log at this depth","","","","","","","","","","","","","","","","","","","","","","","","","","","","","","","","","","0.85","3.45"
"GF","Gault Clay Formation","GF_UW","Undefined","997","Undetermined","Sample Taken for Testing, Clayey Greensand [Gault?] ","Lower Greensand","","","BH25","7.33","C","1","","7.54","","","","","","","","","","","","","","","","","","","","","","","","","","","","","","7.33","","","","2.84","","","","","","","","","","","","","","","","","7.33","7.54"
"GF","Gault Clay Formation","GF_UW","Undefined","202","Silty CLAY","Firm to stiff becoming very stiff dark grey very silty CLAY very closely fissured with occasional polished fissure surfaces. Occasional selenite crystals and rare shell fragments. (Gault Clay)","","","","EA1","3.50","U","21","","3.95","3.50","","","","31.00","No","","","","","","","","","","","","","","","","","","","","","","","","","","","","","","","","","","","","","","","","","","","","","3.50","5.00"
"GF","Gault Clay Formation","GF_UW","Undefined","202","Silty CLAY","Firm to stiff becoming very stiff dark grey very silty CLAY very closely fissured with occasional polished fissure surfaces. Occasional selenite crystals and rare shell fragments. (Gault Clay)","","","","EA1","4.50","U","30","","4.95","4.50","","","","19.00","No","","","","","","","","","","","","","","","","","","","","","","","","","","","","","","","","","","","","","","","","","","","","","3.50","5.00"
"GF","Gault Clay Formation","GF_W","Undefined","202","Silty CLAY","Firm dark grey mottled orange brown very closely fissured very silty slightly micaceous CLAY. (Gault Clay)","Gault Clay Formation","","","EA1","2.50","U","17","","2.95","2.50","","","","30.00","No","","","","","","","","","","","","","","","","","","","","","","","","","","","","","","","","","","","","","","","","","","","","","1.95","3.50"
"GF","Gault Clay Formation","GF_UW","Undefined","202","Silty CLAY","Stiff becoming very stiff extremely to very closely fissured dark grey very silty CLAY with a little firm matrix at top of stratum. Fissures mainly sub-horizontal and sub-vertical giving irregular fissure blocks 20- 60mm thick, many damp. (GAULT)","Gault Clay Formation","","","TP09","2.90","B","6","","","2.90","","","","29.00","","2.90","","","","71.00","35.00","36","36.00","","","","","","","","","","","","","","","","","","","","","","","","","","","","2.90","1","","","","1.94","","","","2.70","4.50"
"GF","Gault Clay Formation","GF_UW","Undefined","202","Silty CLAY","Stiff becoming very stiff extremely to very closely fissured dark grey very silty CLAY with a little firm matrix at top of stratum. Fissures mainly sub-horizontal and sub-vertical giving irregular fissure blocks 20- 60mm thick, many damp. (GAULT)","Gault Clay Formation","","","TP09","2.90","B","6","","","2.90","","","","29.00","","2.90","","","","71.00","35.00","36","36.00","","","","","","","","","","","","","","","","","","","","","","","","","","","","2.90","2","","","","1.95","","","","2.70","4.50"
"GF","Gault Clay Formation","GF_UW","Undefined","202","Silty CLAY","Stiff becoming very stiff extremely to very closely fissured dark grey very silty CLAY with a little firm matrix at top of stratum. Fissures mainly sub-horizontal and sub-vertical giving irregular fissure blocks 20- 60mm thick, many damp. (GAULT)","Gault Clay Formation","","","TP09","2.90","B","6","","","2.90","","","","29.00","","2.90","","","","71.00","35.00","36","36.00","","","","","","","","","","","","","","","","","","","","","","","","","","","","2.90","3","","","","1.94","","","","2.70","4.50"
"GF","Gault Clay Formation","GF_UW","Undefined","202","Silty CLAY","Stiff becoming very stiff extremely to very closely fissured dark grey very silty CLAY with a little firm matrix at top of stratum. Fissures mainly sub-horizontal and sub-vertical giving irregular fissure blocks 20- 60mm thick, many damp. (GAULT)","Gault Clay Formation","","","TP09","4.00","B","7","","","4.00","","","","34.00","","4.00","","","","72.00","48.00","24","24.00","","","","","4.00","","","","","17.00","81.00","2.00","0.00","","","4.00","","","","2.59","","","","","","","","4.00","1","","","","1.86","","","","2.70","4.50"
"GF","Gault Clay Formation","GF_UW","Undefined","202","Silty CLAY","Stiff becoming very stiff extremely to very closely fissured dark grey very silty CLAY with a little firm matrix at top of stratum. Fissures mainly sub-horizontal and sub-vertical giving irregular fissure blocks 20- 60mm thick, many damp. (GAULT)","Gault Clay Formation","","","TP09","4.00","B","7","","","4.00","","","","34.00","","4.00","","","","72.00","48.00","24","24.00","","","","","4.00","","","","","17.00","81.00","2.00","0.00","","","4.00","","","","2.59","","","","","","","","4.00","2","","","","1.84","","","","2.70","4.50"
"GF","Gault Clay Formation","GF_UW","Undefined","202","Silty CLAY","Stiff becoming very stiff extremely to very closely fissured dark grey very silty CLAY with a little firm matrix at top of stratum. Fissures mainly sub-horizontal and sub-vertical giving irregular fissure blocks 20- 60mm thick, many damp. (GAULT)","Gault Clay Formation","","","TP09","4.00","B","7","","","4.00","","","","34.00","","4.00","","","","72.00","48.00","24","24.00","","","","","4.00","","","","","17.00","81.00","2.00","0.00","","","4.00","","","","2.59","","","","","","","","4.00","3","","","","1.86","","","","2.70","4.50"
"GF","Gault Clay Formation","GF_UW","Undefined","202","Silty CLAY","Stiff dark grey brown blocky lithorelicts of very silty CLAY with some firm clay matrix, some brown staining. (GAULT)","Gault Clay Formation","","","TP09","2.00","B","5","","","2.00","","","","35.00","","2.00","","","","82.00","52.00","30","30.00","","","","","","","","","","","","","","","","2.00","","","","2.65","","","","","","","","","","","","","","","","","2.00","2.70"
"HD","Head Deposits","HD_C","Undefined","201","CLAY","Firm cryoturbated extremely closely fissured light grey with some orange brown mottling CLAY with some rounded fine to medium chalk gravel. [Alluvium]","Alluvium","","","TP01","1.00","B","1","","","1.00","","","","19.00","","","","","","","","","","","","","","1.00","","","","","16.00","12.00","40.00","32.00","","","1.00","","","","2.28","","","","","","","","","","","","","","","","","0.70","1.30"
"HD","Head Deposits","HD_C","Undefined","207","Silty sandy CLAY","Soft to firm and firm light green grey and light brown sandy clayey SILT and very silty CLAY with much sub-rounded to rounded fine to medium chalk and flint gravel. [Alluvium]","Alluvium","","","TP01","1.50","B","2","","","1.50","","","","29.00","","1.50","","","","54.00","28.00","26","26.00","","","","","","","","","","","","","","","","","","","","","","","","","","","","","","","","","","","","","1.30","2.00"
"HD","Head Deposits","HD_C","Undefined","207","Silty sandy CLAY","Soft to firm and firm light green grey and light brown sandy clayey SILT and very silty CLAY with much sub-rounded to rounded fine to medium chalk and flint gravel. [Alluvium]","Alluvium","","","TP01","1.90","B","3","","","1.90","","","","24.00","","","","","","","","","","","","","","1.90","","","","","44.00","55.00","0.00","1.00","","","","","","","","","","","","","","","","","","","","","","","","1.30","2.00"
"HD","Head Deposits","HD_C","Undefined","207","Silty sandy CLAY","Soft to firm and firm light green grey and light brown sandy clayey SILT and very silty CLAY with much sub-rounded to rounded fine to medium chalk and flint gravel. [Alluvium]","Alluvium","","","TP01","1.90","BLK","4","","","1.90","","","","29.00","","1.90","","","","58.00","32.00","26","26.00","100.00","","","","1.90","","","","","25.00","74.00","1.00","0.00","","","","","","","","","","","","","","","","","","","","","","","","1.30","2.00"
"HD","Head Deposits","HD_G","Undefined","404","Gravelly SAND","Green grey fine to coarse SAND and fine to coarse sub-angular to angular flint and chalk GRAVEL.","Terrace Deposits","","","BH32","1.20","B","1","","1.45","1.20","","","","14.00","","","","","","","","","","","","","","1.20","","","","","1.00","9.00","38.00","52.00","","","","","","","","","","","","","","","","","","","","","","","","0.75","2.10"
"HD","Head Deposits","HD_C","Undefined","201","CLAY","Firm extremely closely fissured (<5mm) grey and grey brown with some orange brown mottling CLAY with occasional fine chalk and sub-angular medium to coarse flint gravel. (Soliflucted Gault)","Terrace Deposits","","","TP12","1.80","B","2","","","","","","","","","","","","","","","","","","","","","1.80","","","","","0.00","23.00","34.00","43.00","","","","","","","","","","","","","","","","","","","","","","","","1.20","2.20"
"HD","Head Deposits","HD_C","Undefined","802","SILTSTONE","Firm to stiff and stiff very closely fissured grey mottled brown CLAY with trace fine to coarse gravel size cream calcareous silt and siltstone. concretions and rare rootlets. Many fissures curviplanar smooth polished dip 10-45 at 100-160N and 300-340N persistance >0.20m. [Periglacially Disturbed Gault]","Head","","","TP06","1.00","B","1","","","1.00","","","","25.00","","1.00","","","","69.00","47.00","22","22.00","","","","","","","","","","","","","","","","","","","","","","","","","","","","","","","","","","","","","0.90","1.60"
"HD","Head Deposits","HD_C","Undefined","203","Sandy CLAY","Stiff to very stiff extremely closely fissured (random) grey brown with some orange brown mottling slightly sandy CLAY with some angular fine to. medium occasionally coarse flint gravel and rare rootlets. [Head]","Head Deposits","","","TP08","0.50","B","1","","","0.50","","","","26.00","","0.50","","","","54.00","32.00","22","22.00","82.00","","","","0.50","","","","","24.00","55.00","19.00","2.00","","","0.50","","","","2.67","","","","","","","","0.50","1","","","","1.94","","","","0.15","0.80"
"HD","Head Deposits","HD_C","Undefined","203","Sandy CLAY","Stiff to very stiff extremely closely fissured (random) grey brown with some orange brown mottling slightly sandy CLAY with some angular fine to. medium occasionally coarse flint gravel and rare rootlets. [Head]","Head Deposits","","","TP08","0.50","B","1","","","0.50","","","","26.00","","0.50","","","","54.00","32.00","22","22.00","82.00","","","","0.50","","","","","24.00","55.00","19.00","2.00","","","0.50","","","","2.67","","","","","","","","0.50","2","","","","1.91","","","","0.15","0.80"
"HD","Head Deposits","HD_C","Undefined","203","Sandy CLAY","Stiff to very stiff extremely closely fissured (random) grey brown with some orange brown mottling slightly sandy CLAY with some angular fine to. medium occasionally coarse flint gravel and rare rootlets. [Head]","Head Deposits","","","TP08","0.50","B","1","","","0.50","","","","26.00","","0.50","","","","54.00","32.00","22","22.00","82.00","","","","0.50","","","","","24.00","55.00","19.00","2.00","","","0.50","","","","2.67","","","","","","","","0.50","3","","","","1.92","","","","0.15","0.80"
"HD","Head Deposits","HD_C","Undefined","201","CLAY","Firm.extremely closely fissured (<5mm) grey brown CLAY. [Cryoturbated Gault]","Gault Clay Formation","","","TP07","2.50","B","3","","","2.50","","","","26.00","","2.50","","","","63.00","43.00","20","20.00","","","","","","","","","","","","","","","","","","","","","","","","","","","","2.50","1","","","","1.96","","","","2.50","2.80"
"HD","Head Deposits","HD_C","Undefined","201","CLAY","Firm.extremely closely fissured (<5mm) grey brown CLAY. [Cryoturbated Gault]","Gault Clay Formation","","","TP07","2.50","B","3","","","2.50","","","","26.00","","2.50","","","","63.00","43.00","20","20.00","","","","","","","","","","","","","","","","","","","","","","","","","","","","2.50","2","","","","1.96","","","","2.50","2.80"
"HD","Head Deposits","HD_C","Undefined","201","CLAY","Firm.extremely closely fissured (<5mm) grey brown CLAY. [Cryoturbated Gault]","Gault Clay Formation","","","TP07","2.50","B","3","","","2.50","","","","26.00","","2.50","","","","63.00","43.00","20","20.00","","","","","","","","","","","","","","","","","","","","","","","","","","","","2.50","3","","","","1.96","","","","2.50","2.80"
"HD","Head Deposits","HD_C","Undefined","220","Sandy gravelly CLAY","3) Firm sheared fissured grey and brownish grey slightly sandy slightly gravelly CLAY with many calcareous nodules (up to 30mm). Fissures are closely to very closely spaced randomly orientated. (HEAD DEPOSITS)","Head","","","TP392","1.30","D","003","","","1.30","01","","Natural","22.00","","1.30","01","","","74.00","49.00","25","25.00","100.00","","","BS1377: Part 2: 1990: Clause 4.3 and 5","","","","","","","","","","","","","","","","","","","","","","","","","","","","","","","","","1.10","1.40"
"HD","Head Deposits","HD_C","Undefined","220","Sandy gravelly CLAY","2) Stiff and very stiff light brown locally orangish brown slightly gravelly sandy CLAY. Gravel is angular to subrounded fine to coarse of chalk and flint. (ALLUVIUM)","Alluvium","","","TP322","0.35","D","001","","","0.35","01","","Wet sieve","17.00","","0.35","01","","","51.00","35.00","16","16.00","75.00","","","BS1377: Part 2: 1990: Clause 4.3 and 5","","","","","","","","","","","","","","","","","","","","","","","","","","","","","","","","","0.35","0.65"
"HD","Head Deposits","HD_C","Undefined","220","Sandy gravelly CLAY","2) Stiff and very stiff light brown locally orangish brown slightly gravelly sandy CLAY. Gravel is angular to subrounded fine to coarse of chalk and flint. (ALLUVIUM)","Alluvium","","","TP322","0.40","LB","002","","","","","","","","","","","","","","","","","","","","","0.40","01","","","","","","","","","","","","","","","","","","","","","","","","","","","","","","","0.35","0.65"
"HD","Head Deposits","HD_C","Undefined","220","Sandy gravelly CLAY","5) Stiff locally firm grey mottled orange slightly gravelly slightly sandy locally sandy CLAY with occasional pockets of light grey calcareous silt and much orange staining. Gravel is subrounded fine of chalk. (HEAD DEPOSITS)","Head","","","TP322","1.20","D","003","","","1.20","01","","Wet sieve","16.00","","1.20","01","","","34.00","20.00","14","14.00","93.00","","","BS1377: Part 2: 1990: Clause 4.3 and 5","","","","","","","","","","","","","","","","","","","","","","","","","","","","","","","","","1.10","1.80"
"HD","Head Deposits","HD_C","Undefined","220","Sandy gravelly CLAY","5) Stiff locally firm grey mottled orange slightly gravelly slightly sandy locally sandy CLAY with occasional pockets of light grey calcareous silt and much orange staining. Gravel is subrounded fine of chalk. (HEAD DEPOSITS)","Head","","","TP322","1.40","LB","004","","","","","","","","","","","","","","","","","","","","","1.40","01","","","","","","","","","","","","","","","","","","","","","","","","","","","","","","","1.10","1.80"
"HD","Head Deposits","HD_C","Undefined","203","Sandy CLAY","4) Firm sheared indistinctly fissured brownish grey locally mottled orange slightly sandy CLAY. Shears are closely spaced randomly orientated. Fissures are extremely closely to closely spaced randomly orientated. (HEAD DEPOSITS)","Head","","","TP392G","1.30","D","003","","","1.30","01","","Natural","27.00","","1.30","01","","","65.00","42.00","23","23.00","100.00","","","BS1377: Part 2: 1990: Clause 4.3 and 5","","","","","","","","","","","","","","","","","","","","","","","","","","","","","","","","","1.25","1.50"
"HD","Head Deposits","HD_C","Undefined","997","Undetermined","Samples removed for testing.","Terrace Deposits","","","BH333A","3.14","D","002","","","3.14","01","","Natural","31.00","","3.14","01","","","64.00","40.00","24","24.00","100.00","","","","","","","","","","","","","","","","","","","","","","","","","","","","","","","","","","","","2.88","3.23"
"HD","Head Deposits","HD_C","Undefined","220","Sandy gravelly CLAY","Firm light brown slightly gravelly sandy CLAY. Gravel is subrounded to subangular fine to medium occasionally coarse of flint and chalk. (HEAD DEPOSITS) (2).","Head","","","OS02","0.50","D","001","","","0.50","01","","Natural","30.00","","0.50","01","","","48.00","22.00","26","26.00","90.00","","","","","","","","","","","","","","","","","","","","","","","","","","","","","","","","","","","","0.25","0.60"
"HD","Head Deposits","HD_C","Undefined","220","Sandy gravelly CLAY","Firm orangish brown mottled brown slightly sandy slightly gravelly CLAY with some roots and rootlets. Gravel is subangular to subrounded fine to medium of flint and chalk. (HEAD DEPOSITS) (3).","Head","","","OS02","1.50","D","003","","","1.50","01","","Natural","18.00","","1.50","01","","","47.00","29.00","18","18.00","100.00","","","","","","","","","","","","","","","","","","","","","","","","","","","","","","","","","","","","0.60","1.65"
"HD","Head Deposits","HD_C","Undefined","220","Sandy gravelly CLAY","Firm orangish brown mottled brown slightly sandy slightly gravelly CLAY with some roots and rootlets. Gravel is subangular to subrounded fine to medium of flint and chalk. (HEAD DEPOSITS) (3).","Head","","","OS02","1.50","LB","004","","","","","","","","","","","","","","","","","","","","","1.50","01","","","","","","","","","","","","","","","","","","","","","","","","","","","","","","","0.60","1.65"
"HD","Head Deposits","HD_C","Undefined","220","Sandy gravelly CLAY","Firm sheared fissured grey slightly sandy slightly gravelly CLAY. Gravel is subrounded fine of flint. Shears are closely to widely spaced. Fissures are closely to very closely spaced randomly orientated (HEAD DEPOSITS) (4).","Head","","","TP301","1.35","D","003","","","1.35","01","","Wet sieve","33.00","","1.35","01","","","64.00","40.00","24","24.00","95.00","","","","","","","","","","","","","","","","","","","","","","","","","","","","","","","","","","","","0.65","1.45"
"HD","Head Deposits","HD_C","Undefined","220","Sandy gravelly CLAY","Firm sheared fissured grey slightly sandy slightly gravelly CLAY. Gravel is subrounded fine of flint. Shears are closely to widely spaced. Fissures are closely to very closely spaced randomly orientated (HEAD DEPOSITS) (4).","Head","","","TP301","1.35","LB","004","","","","","","","","","","","","","","","","","","","","","1.35","01","","","","","","","","","","","","","","","","","","","","","","","","","","","","","","","0.65","1.45"
"HD","Head Deposits","HD_C","Undefined","220","Sandy gravelly CLAY","Stiff locally sheared orange mottled grey and grey mottled orange slightly sandy slightly gravelly CLAY. Gravel is subangular to subrounded fine to coarse of chalk and flint. Shears are widely spaced 26 to 30 deg. (HEAD DEPOSITS) (4).","Head","","","OS01","1.40","D","003","","","1.40","01","","Natural","22.00","","1.40","01","","","46.00","30.00","16","16.00","100.00","","","","","","","","","","","","","","","","","","","","","","","","","","","","","","","","","","","","0.85","1.50"
"HD","Head Deposits","HD_C","Undefined","802","SILTSTONE","Firm to stiff sheared locally fissured orange mottled light grey slightly gravelly sandy CLAY. Gravel is subangular to subrounded fine to medium of flint chalk and calcareous siltstone. Shears are closely spaced occasionally arcuate. Fissures are very closely spaced randomly orientated. (HEAD DEPOSIT) (4).","Head","","","TP303","1.50","D","003","","","1.50","01","","Natural","28.00","","1.50","01","","","67.00","46.00","21","21.00","100.00","","","","","","","","","","","","","","","","","","","","","","","","","","","","","","","","","","","","0.67","1.55"
"HD","Head Deposits","HD_C","Undefined","802","SILTSTONE","Firm to stiff sheared locally fissured orange mottled light grey slightly gravelly sandy CLAY. Gravel is subangular to subrounded fine to medium of flint chalk and calcareous siltstone. Shears are closely spaced occasionally arcuate. Fissures are very closely spaced randomly orientated. (HEAD DEPOSIT) (4).","Head","","","TP303","1.50","LB","004","","","","","","","","","","","","","","","","","","","","","1.50","01","","","","","","","","","","","","","","","","","","","","","","","","","","","","","","","0.67","1.55"
"HD","Head Deposits","HD_C","Undefined","203","Sandy CLAY","Stiff light brown sandy CLAY with occasional subrounded medium to coarse gravel of flint (ALLUVIUM). (2)","Alluvium","","","TP309","0.50","D","001","","","0.50","01","","Wet sieve","19.00","","0.50","01","","","60.00","34.00","26","26.00","94.00","","","","","","","","","","","","","","","","","","","","","","","","","","","","","","","","","","","","0.26","0.55"
"HD","Head Deposits","HD_C","Undefined","203","Sandy CLAY","Firm orangeish brown sandy CLAY with occasional subrounded fine to medium gravel sized fragments of flint and chalk (ALLUVIUM) (2).","Alluvium","","","TP310","0.50","D","001","","","0.50","01","","Natural","20.00","","0.50","01","","","54.00","34.00","20","20.00","96.00","","","","","","","","","","","","","","","","","","","","","","","","","","","","","","","","","","","","0.26","0.60"
"HD","Head Deposits","HD_C","Undefined","802","SILTSTONE","Firm sheared grey slightly sandy slightly gravelly CLAY. Gravel is subangular to subrounded fine to coarse gravel of flint and chalk and calcareous siltstone. Shears are closely spaced randomly orientated (HEAD DEPOSITS) (4).","Head","","","TP318","1.50","D","003","","","1.50","01","","Wet sieve","15.00","","1.50","01","","","59.00","37.00","22","22.00","92.00","","","","","","","","","","","","","","","","","","","","","","","","","","","","","","","","","","","","0.70","2.00"
"HD","Head Deposits","HD_C","Undefined","802","SILTSTONE","Firm sheared grey slightly sandy slightly gravelly CLAY. Gravel is subangular to subrounded fine to coarse gravel of flint and chalk and calcareous siltstone. Shears are closely spaced randomly orientated (HEAD DEPOSITS) (4).","Head","","","TP318","1.50","LB","004","","","","","","","","","","","","","","","","","","","","","1.50","01","","","","","","","","","","","","","","","","","","","","","","","","","","","","","","","0.70","2.00"
"HD","Head Deposits","HD_C","Undefined","220","Sandy gravelly CLAY","Stiff grey slightly sandy slightly gravelly CLAY. Gravel is subangular to subrounded fine to coarse of chalk. (HEAD DEPOSITS) (4).","Head","","","TP329","1.80","D","003","","","1.80","01","","Natural","25.00","","1.80","01","","","69.00","45.00","24","24.00","100.00","","","","","","","","","","","","","","","","","","","","","","","","","","","","","","","","","","","","1.20","2.50"
"HD","Head Deposits","HD_C","Undefined","220","Sandy gravelly CLAY","Stiff grey slightly sandy slightly gravelly CLAY. Gravel is subangular to subrounded fine to coarse of chalk. (HEAD DEPOSITS) (4).","Head","","","TP329","1.80","LB","004","","","","","","","","","","","","","","","","","","","","","1.80","01","","","","","","","","","","","","","","","","","","","","","","","","","","","","","","","1.20","2.50"
"HD","Head Deposits","HD_C","Undefined","220","Sandy gravelly CLAY","Soft to firm locally firm orange fissured thinly laminated slightly gravelly sandy CLAY. Gravel is subangular to rounded fine to medium occasionally coarse of flint, chalk and quartz. Fissures are closely spaced randomly orientated (HEAD DEPOSITS). (4)","Head","","","TP328","1.50","D","003","","","1.50","01","","Natural","25.00","","1.50","01","","","58.00","38.00","20","20.00","98.00","","","","","","","","","","","","","","","","","","","","","","","","","","","","","","","","","","","","0.90","1.80"
"HD","Head Deposits","HD_C","Undefined","201","CLAY","Stiff fissured orange mottled grey CLAY. Fissures are very closely spaced randomly orientated (REWORKED KIMMERIDGE CLAY FORMATION) (5).","Reworked Kimmeridge Clay","","","TP327","1.50","D","003","","","1.50","01","","Natural","23.00","","1.50","01","","","51.00","29.00","22","22.00","100.00","","","","","","","","","","","","","","","","","","","","","","","","","","","","","","","","","","","","1.40","1.60"
"HD","Head Deposits","HD_C","Undefined","201","CLAY","Stiff fissured orange mottled grey CLAY. Fissures are very closely spaced randomly orientated (REWORKED KIMMERIDGE CLAY FORMATION) (5).","Reworked Kimmeridge Clay","","","TP327","1.50","LB","004","","","","","","","","","","","","","","","","","","","","","1.50","01","","","","","","","","","","","","","","","","","","","","","","","","","","","","","","","1.40","1.60"
"HD","Head Deposits","HD_C","Undefined","201","CLAY","Stiff and very stiff fissured locally indistinctly thinly laminated grey CLAY. Fissures are very closely to closely spaced randomly orientated. (REWORKED GAULT CLAY FORMATION) (4)","Reworked Kimmeridge Clay","","","TP333","2.50","D","005","","","2.50","01","","Natural","29.00","","2.50","01","","","65.00","43.00","22","22.00","100.00","","","","","","","","","","","","","","","","","","","","","","","","","","","","","","","","","","","","1.75","5.00"
"HD","Head Deposits","HD_C","Undefined","201","CLAY","Stiff and very stiff fissured locally indistinctly thinly laminated grey CLAY. Fissures are very closely to closely spaced randomly orientated. (REWORKED GAULT CLAY FORMATION) (4)","Reworked Kimmeridge Clay","","","TP333","3.50","D","006","","","3.50","01","","Natural","26.00","","3.50","01","","","54.00","","","","100.00","0.43","","","","","","","","","","","","","","","","","","","","","","","","","","","","","","","","","","","1.75","5.00"
"HD","Head Deposits","HD_C","Undefined","201","CLAY","Stiff and very stiff fissured locally indistinctly thinly laminated grey CLAY. Fissures are very closely to closely spaced randomly orientated. (REWORKED GAULT CLAY FORMATION) (4)","Reworked Kimmeridge Clay","","","TP333","4.50","D","007","","","4.50","01","","Natural","23.00","","4.50","01","","","57.00","35.00","22","22.00","100.00","","","","","","","","","","","","","","","","","","","","","","","","","","","","","","","","","","","","1.75","5.00"
"HD","Head Deposits","HD_C","Undefined","318","Sandy organic SILT","Light greenish grey locally orangish grey very silty very sandy subangular to subrounded fine to coarse GRAVEL of chalk and flint. (TERRACE GRAVELS) (2)","Terrace Deposits","","","TP333","0.50","D","001","","","0.50","01","","Wet sieve","16.00","","0.50","01","","","25.00","","N/P","","35.00","","","","","","","","","","","","","","","","","","","","","","","","","","","","","","","","","","","","0.35","1.16"
"HD","Head Deposits","HD_C","Undefined","318","Sandy organic SILT","Light greenish grey locally orangish grey very silty very sandy subangular to subrounded fine to coarse GRAVEL of chalk and flint. (TERRACE GRAVELS) (2)","Terrace Deposits","","","TP333","0.50","LB","002","","","","","","","","","","","","","","","","","","","","","0.50","01","","","","","","","","","","","","","","","","","","","","","","","","","","","","","","","0.35","1.16"
"HD","Head Deposits","HD_G","Undefined","301","SILT","Grey and white silty fine to coarse SAND and subrounded to rounded fine to coarse GRAVEL of chalk and flint. (TERRACE GRAVELS) (3)","Terrace Deposits","","","TP333","1.50","D","003","","","1.50","01","","Wet sieve","37.00","","1.50","01","","","25.00","8.00","17","17.00","31.00","","","","","","","","","","","","","","","","","","","","","","","","","","","","","","","","","","","","1.16","1.75"
"HD","Head Deposits","HD_G","Undefined","301","SILT","Grey and white silty fine to coarse SAND and subrounded to rounded fine to coarse GRAVEL of chalk and flint. (TERRACE GRAVELS) (3)","Terrace Deposits","","","TP333","1.50","LB","004","","","","","","","","","","","","","","","","","","","","","1.50","01","","","","","","","","","","","","","","","","","","","","","","","","","","","","","","","1.16","1.75"
"HD","Head Deposits","HD_C","Undefined","203","Sandy CLAY","Firm orange mottled grey and grey mottled orange sandy CLAY with abundant rootlets (ALLUVIUM). (2)","Alluvium","","","TP319","0.40","D","004","","","0.40","01","","","22.00","","","","","","","","","","","","","","","","","","","","","","","","","","","","","","","","","","","","","","","","","","","","","","0.40","1.30"
"HD","Head Deposits","HD_C","Undefined","203","Sandy CLAY","Firm orange mottled grey and grey mottled orange sandy CLAY with abundant rootlets (ALLUVIUM). (2)","Alluvium","","","TP319","0.40","D","005","","0.60","0.40","01","","Natural","17.00","","0.40","01","","","45.00","27.00","18","18.00","100.00","","","","","","","","","","","","","","","","","","","","","","","","","","","","","","","","","","","","0.40","1.30"
"HD","Head Deposits","HD_C","Undefined","203","Sandy CLAY","Firm orange mottled grey and grey mottled orange sandy CLAY with abundant rootlets (ALLUVIUM). (2)","Alluvium","","","TP319","0.40","LB","006","","0.60","","","","","","","","","","","","","","","","","","","0.40","01","","","","","","","","","","","","","","","","","","","","","","","","","","","","","","","0.40","1.30"
"HD","Head Deposits","HD_C","Undefined","203","Sandy CLAY","Firm orange mottled grey and grey mottled orange sandy CLAY with abundant rootlets (ALLUVIUM). (2)","Alluvium","","","TP319","0.50","D","007","","","0.50","01","","","18.00","","","","","","","","","","","","","","","","","","","","","","","","","","","","","","","","","","","","","","","","","","","","","","0.40","1.30"
"HD","Head Deposits","HD_C","Undefined","203","Sandy CLAY","Firm orange mottled grey and grey mottled orange sandy CLAY with abundant rootlets (ALLUVIUM). (2)","Alluvium","","","TP319","0.60","D","008","","","0.60","01","","","17.00","","","","","","","","","","","","","","","","","","","","","","","","","","","","","","","","","","","","","","","","","","","","","","0.40","1.30"
"HD","Head Deposits","HD_C","Undefined","203","Sandy CLAY","Firm orange mottled grey and grey mottled orange sandy CLAY with abundant rootlets (ALLUVIUM). (2)","Alluvium","","","TP319","0.70","D","009","","","0.70","01","","","16.00","","","","","","","","","","","","","","","","","","","","","","","","","","","","","","","","","","","","","","","","","","","","","","0.40","1.30"
"HD","Head Deposits","HD_C","Undefined","203","Sandy CLAY","Firm orange mottled grey and grey mottled orange sandy CLAY with abundant rootlets (ALLUVIUM). (2)","Alluvium","","","TP319","0.80","D","010","","","0.80","01","","","16.00","","","","","","","","","","","","","","","","","","","","","","","","","","","","","","","","","","","","","","","","","","","","","","0.40","1.30"
"HD","Head Deposits","HD_C","Undefined","203","Sandy CLAY","Firm orange mottled grey and grey mottled orange sandy CLAY with abundant rootlets (ALLUVIUM). (2)","Alluvium","","","TP319","0.90","D","011","","","0.90","01","","","15.00","","","","","","","","","","","","","","","","","","","","","","","","","","","","","","","","","","","","","","","","","","","","","","0.40","1.30"
"HD","Head Deposits","HD_C","Undefined","203","Sandy CLAY","Firm orange mottled grey and grey mottled orange sandy CLAY with abundant rootlets (ALLUVIUM). (2)","Alluvium","","","TP319","1.00","D","012","","","1.00","01","","","14.00","","","","","","","","","","","","","","","","","","","","","","","","","","","","","","","","","","","","","","","","","","","","","","0.40","1.30"
"HD","Head Deposits","HD_C","Undefined","203","Sandy CLAY","Firm orange mottled grey and grey mottled orange sandy CLAY with abundant rootlets (ALLUVIUM). (2)","Alluvium","","","TP319","1.10","D","013","","","1.10","01","","","15.00","","","","","","","","","","","","","","","","","","","","","","","","","","","","","","","","","","","","","","","","","","","","","","0.40","1.30"
"HD","Head Deposits","HD_C","Undefined","203","Sandy CLAY","Firm orange mottled grey and grey mottled orange sandy CLAY with abundant rootlets (ALLUVIUM). (2)","Alluvium","","","TP319","1.20","D","014","","","1.20","01","","","20.00","","","","","","","","","","","","","","","","","","","","","","","","","","","","","","","","","","","","","","","","","","","","","","0.40","1.30"
"HD","Head Deposits","HD_C","Undefined","220","Sandy gravelly CLAY","Firm locally stiff sheared greyish brown slightly sandy slightly gravelly CLAY. Gravel is subangular fine to coarse of flint and chalk (HEAD DEPOSITS) (3)","","","","TP325","0.50","D","003","","","0.50","01","","Wet sieve","24.00","","0.50","01","","","59.00","41.00","18","18.00","93.00","","","","","","","","","","","","","","","","","","","","","","","","","","","","","","","","","","","","0.40","1.80"
"HD","Head Deposits","HD_C","Undefined","220","Sandy gravelly CLAY","Firm locally stiff sheared greyish brown slightly sandy slightly gravelly CLAY. Gravel is subangular fine to coarse of flint and chalk (HEAD DEPOSITS) (3)","","","","TP325","0.50","LB","004","","","","","","","","","","","","","","","","","","","","","0.50","01","","","","","","","","","","","","","","","","","","","","","","","","","","","","","","","0.40","1.80"
"HD","Head Deposits","HD_G","Undefined","404","Gravelly SAND","Light brown gravelly very clayey fine to coarse SAND. Gravel is subangular to subrounded fine to medium occasionally coarse of flint and occasionally chalk (ALLUVIUM) (2).","Alluvium","","","TP311","0.50","D","001","","","0.50","01","","Wet sieve","21.00","","0.50","01","","","48.00","29.00","19","19.00","80.00","","","","","","","","","","","","","","","","","","","","","","","","","","","","","","","","","","","","0.38","0.65"
"HD","Head Deposits","HD_G","Undefined","404","Gravelly SAND","Light brown gravelly very clayey fine to coarse SAND. Gravel is subangular to subrounded fine to medium occasionally coarse of flint and occasionally chalk (ALLUVIUM) (2).","Alluvium","","","TP311","0.50","LB","002","","","","","","","","","","","","","","","","","","","","","0.50","01","","","","","","","","","","","","","","","","","","","","","","","","","","","","","","","0.38","0.65"
"HD","Head Deposits","HD_G","Undefined","404","Gravelly SAND","Light greenish grey clayey very gravelly fine to coarse SAND. Gravel is subangular to subrounded fine to medium occasionally coarse of flint and chalk (TERRACE GRAVELS) (3).","Terrace Deposits","","","TP311","1.50","D","003","","","1.50","01","","Wet sieve","24.00","","1.50","01","","","35.00","18.00","17","17.00","51.00","","","","","","","","","","","","","","","","","","","","","","","","","","","","","","","","","","","","0.65","1.60"
"HD","Head Deposits","HD_G","Undefined","404","Gravelly SAND","Light greenish grey clayey very gravelly fine to coarse SAND. Gravel is subangular to subrounded fine to medium occasionally coarse of flint and chalk (TERRACE GRAVELS) (3).","Terrace Deposits","","","TP311","1.50","LB","004","","","","","","","","","","","","","","","","","","","","","1.50","01","","","","","","","","","","","","","","","","","","","","","","","","","","","","","","","0.65","1.60"
"HD","Head Deposits","HD_C","Undefined","220","Sandy gravelly CLAY","Firm sheared fissured thinly laminated light brownish grey slightly sandy slightly gravelly CLAY. Gravel is subrounded occasionally subangular fine to medium of flint and quartz. Shears are closely spaced randomly orientated. Fissures are extremely to very closely spaced randomly orientated (HEAD DEPOSITS). (5)","Head","","","TP335","1.50","D","003","","","1.50","01","","Natural","24.00","","1.50","01","","","57.00","38.00","19","19.00","98.00","","","","","","","","","","","","","","","","","","","","","","","","","","","","","","","","","","","","1.10","1.64"
"HD","Head Deposits","HD_C","Undefined","220","Sandy gravelly CLAY","Firm sheared fissured thinly laminated light brownish grey slightly sandy slightly gravelly CLAY. Gravel is subrounded occasionally subangular fine to medium of flint and quartz. Shears are closely spaced randomly orientated. Fissures are extremely to very closely spaced randomly orientated (HEAD DEPOSITS). (5)","Head","","","TP335","1.50","LB","004","","","","","","","","","","","","","","","","","","","","","1.50","01","","","","","","","","","","","","","","","","","","","","","","","","","","","","","","","1.10","1.64"
"HD","Head Deposits","HD_C","Undefined","220","Sandy gravelly CLAY","Stiff brown slightly sandy slightly gravelly CLAY. Gravel is subangular to subrounded fine to medium occasionally coarse of flint and chalk. (ALLUVIUM) (2).","Terrace Deposits","","","TP323","0.50","D","001","","","0.50","01","","Wet sieve","19.00","","0.50","01","","","48.00","31.00","17","17.00","56.00","","","","","","","","","","","","","","","","","","","","","","","","","","","","","","","","","","","","0.35","0.55"
"HD","Head Deposits","HD_C","Undefined","220","Sandy gravelly CLAY","Stiff sheared brown mottled grey slightly sandy slightly gravelly CLAY with occasional pockets of calcareous silt (<20mm). Gravel is subangular fine to medium of flint. Shears are widely spaced subhorizontal (HEAD DEPOSITS) (6).","Head","","","TP323","1.80","D","005","","","1.80","01","","Natural","29.00","","1.80","01","","","71.00","47.00","24","24.00","100.00","","","","","","","","","","","","","","","","","","","","","","","","","","","","","","","","","","","","1.10","1.90"
"HD","Head Deposits","HD_C","Undefined","220","Sandy gravelly CLAY","Stiff sheared brown mottled grey slightly sandy slightly gravelly CLAY with occasional pockets of calcareous silt (<20mm). Gravel is subangular fine to medium of flint. Shears are widely spaced subhorizontal (HEAD DEPOSITS) (6).","Head","","","TP323","1.80","LB","006","","","","","","","","","","","","","","","","","","","","","1.80","01","","","","","","","","","","","","","","","","","","","","","","","","","","","","","","","1.10","1.90"
"HD","Head Deposits","HD_G","Undefined","401","SAND","Light greenish grey locally orangish grey clayey very sandy subangular to subrounded fine to medium occasionally coarse GRAVEL of flint and chalk. (TERRACE GRAVELS) (3).","Terrace Deposits","","","TP323","0.90","D","003","","","0.90","01","","Wet sieve","21.00","","0.90","01","","","67.00","45.00","22","22.00","67.00","","","","","","","","","","","","","","","","","","","","","","","","","","","","","","","","","","","","0.55","1.10"
"HD","Head Deposits","HD_G","Undefined","401","SAND","Light greenish grey locally orangish grey clayey very sandy subangular to subrounded fine to medium occasionally coarse GRAVEL of flint and chalk. (TERRACE GRAVELS) (3).","Terrace Deposits","","","TP323","0.90","LB","004","","","","","","","","","","","","","","","","","","","","","0.90","01","","","","","","","","","","","","","","","","","","","","","","","","","","","","","","","0.55","1.10"
"HD","Head Deposits","HD_C","Undefined","802","SILTSTONE","Stiff sheared slightly sandy slightly gravelly grey CLAY. Gravel is subangular to subrounded fine to medium occasionally coarse of chalk and calcareous siltstone. Shears are widely spaced randomly orientated polished (HEAD DEPOSITS) (4).","Head","","","TP391","0.60","D","001","","","0.60","01","","Natural","25.00","","0.60","01","","","68.00","38.00","30","30.00","100.00","","","","","","","","","","","","","","","","","","","","","","","","","","","","","","","","","","","","0.50","1.70"
"HD","Head Deposits","HD_C","Undefined","802","SILTSTONE","Stiff sheared slightly sandy slightly gravelly grey CLAY. Gravel is subangular to subrounded fine to medium occasionally coarse of chalk and calcareous siltstone. Shears are widely spaced randomly orientated polished (HEAD DEPOSITS) (4).","Head","","","TP391","0.60","LB","002","","","","","","","","","","","","","","","","","","","","","0.60","01","","","","","","","","","","","","","","","","","","","","","","","","","","","","","","","0.50","1.70"
"HD","Head Deposits","HD_C","Undefined","203","Sandy CLAY","Firm to stiff slightly sandy CLAY with occasional shell fragments (REWORKED KIMMERIDGE CLAY FORMATION) (8)","Reworked Kimmeridge Clay","","","TP395","1.30","D","016","","","1.30","01","","","23.00","","","","","","","","","","","","","","","","","","","","","","","","","","","","","","","","","","","","","","","","","","","","","","1.30","1.85"
"HD","Head Deposits","HD_C","Undefined","203","Sandy CLAY","Firm to stiff slightly sandy CLAY with occasional shell fragments (REWORKED KIMMERIDGE CLAY FORMATION) (8)","Reworked Kimmeridge Clay","","","TP395","1.40","D","017","","","1.40","01","","","22.00","","","","","","","","","","","","","","","","","","","","","","","","","","","","","","","","","","","","","","","","","","","","","","1.30","1.85"
"HD","Head Deposits","HD_C","Undefined","203","Sandy CLAY","Firm to stiff slightly sandy CLAY with occasional shell fragments (REWORKED KIMMERIDGE CLAY FORMATION) (8)","Reworked Kimmeridge Clay","","","TP395","1.50","D","018","","","1.50","01","","","19.00","","","","","","","","","","","","","","","","","","","","","","","","","","","","","","","","","","","","","","","","","","","","","","1.30","1.85"
"HD","Head Deposits","HD_C","Undefined","203","Sandy CLAY","Firm to stiff slightly sandy CLAY with occasional shell fragments (REWORKED KIMMERIDGE CLAY FORMATION) (8)","Reworked Kimmeridge Clay","","","TP395","1.50","D","020","","1.70","1.50","01","","Natural","33.00","","1.50","01","","","72.00","36.00","36","36.00","100.00","","","","","","","","","","","","","","","","","","","","","","","","","","","","","","","","","","","","1.30","1.85"
"HD","Head Deposits","HD_C","Undefined","203","Sandy CLAY","Firm to stiff slightly sandy CLAY with occasional shell fragments (REWORKED KIMMERIDGE CLAY FORMATION) (8)","Reworked Kimmeridge Clay","","","TP395","1.50","LB","019","","","","","","","","","","","","","","","","","","","","","1.50","01","","","","","","","","","","","","","","","","","","","","","","","","","","","","","","","1.30","1.85"
"HD","Head Deposits","HD_C","Undefined","203","Sandy CLAY","Firm to stiff slightly sandy CLAY with occasional shell fragments (REWORKED KIMMERIDGE CLAY FORMATION) (8)","Reworked Kimmeridge Clay","","","TP395","1.60","D","021","","","1.60","01","","","23.00","","","","","","","","","","","","","","","","","","","","","","","","","","","","","","","","","","","","","","","","","","","","","","1.30","1.85"
"HD","Head Deposits","HD_C","Undefined","203","Sandy CLAY","Firm to stiff slightly sandy CLAY with occasional shell fragments (REWORKED KIMMERIDGE CLAY FORMATION) (8)","Reworked Kimmeridge Clay","","","TP395","1.70","D","022","","","1.70","01","","","38.00","","","","","","","","","","","","","","","","","","","","","","","","","","","","","","","","","","","","","","","","","","","","","","1.30","1.85"
"HD","Head Deposits","HD_C","Undefined","203","Sandy CLAY","Firm to stiff slightly sandy CLAY with occasional shell fragments (REWORKED KIMMERIDGE CLAY FORMATION) (8)","Reworked Kimmeridge Clay","","","TP395","1.80","D","023","","","1.80","01","","","45.00","","","","","","","","","","","","","","","","","","","","","","","","","","","","","","","","","","","","","","","","","","","","","","1.30","1.85"
"HD","Head Deposits","HD_C","Undefined","220","Sandy gravelly CLAY","Stiff sheared locally fissured slightly sandy slightly gravelly grey CLAY. Gravel is subangular to subrounded fine to medium of flint and chalk. Shears are widely spaced randomly orientated. Fissures are extremely closely spaced randomly orientated. (HEAD DEPOSIT) (4).","Head","","","TP391B","1.00","D","001","","","1.00","01","","Natural","26.00","","1.00","01","","","64.00","38.00","26","26.00","100.00","","","","","","","","","","","","","","","","","","","","","","","","","","","","","","","","","","","","0.80","1.70"
"HD","Head Deposits","HD_C","Undefined","220","Sandy gravelly CLAY","Stiff sheared locally fissured slightly sandy slightly gravelly grey CLAY. Gravel is subangular to subrounded fine to medium of flint and chalk. Shears are widely spaced randomly orientated. Fissures are extremely closely spaced randomly orientated. (HEAD DEPOSIT) (4).","Head","","","TP391B","1.00","LB","002","","","","","","","","","","","","","","","","","","","","","1.00","01","","","","","","","","","","","","","","","","","","","","","","","","","","","","","","","0.80","1.70"
"HD","Head Deposits","HD_C","Undefined","802","SILTSTONE","Firm to stiff sheared locally fissured slightly sandy slightly gravelly light grey CLAY. Gravel is subangular to subrounded fine to medium of flint chalk and calcareous siltstone. Shears are closely spaced randomly orientated polished. (HEAD DEPOSIT) (4).","Head","","","TP391C","0.80","D","001","","","0.80","01","","Natural","35.00","","0.80","01","","","78.00","44.00","34","34.00","100.00","","","","","","","","","","","","","","","","","","","","","","","","","","","","","","","","","","","","0.70","1.80"
"HD","Head Deposits","HD_C","Undefined","802","SILTSTONE","Firm to stiff sheared locally fissured slightly sandy slightly gravelly light grey CLAY. Gravel is subangular to subrounded fine to medium of flint chalk and calcareous siltstone. Shears are closely spaced randomly orientated polished. (HEAD DEPOSIT) (4).","Head","","","TP391C","0.80","LB","002","","","","","","","","","","","","","","","","","","","","","0.80","01","","","","","","","","","","","","","","","","","","","","","","","","","","","","","","","0.70","1.80"
"HD","Head Deposits","HD_C","Undefined","802","SILTSTONE","Firm to stiff locally fissured grey slightly sandy slightly gravelly CLAY. Gravel is subangular to subrounded of flint and calcareous siltstone. Fissures are closely spaced randomly orientated. (HEAD DEPOSIT) (4).","Head","","","TP391A","0.60","D","001","","","0.60","01","","Natural","22.00","","0.60","01","","","65.00","46.00","19","19.00","97.00","","","","","","","","","","","","","","","","","","","","","","","","","","","","","","","","","","","","0.55","1.70"
"HD","Head Deposits","HD_C","Undefined","802","SILTSTONE","Firm to stiff locally fissured grey slightly sandy slightly gravelly CLAY. Gravel is subangular to subrounded of flint and calcareous siltstone. Fissures are closely spaced randomly orientated. (HEAD DEPOSIT) (4).","Head","","","TP391A","0.60","LB","002","","","","","","","","","","","","","","","","","","","","","0.60","01","","","","","","","","","","","","","","","","","","","","","","","","","","","","","","","0.55","1.70"
"HD","Head Deposits","HD_C","Undefined","220","Sandy gravelly CLAY","Firm sheared slightly sandy slightly gravelly grey locally orange mottled grey CLAY. Gravel is subangular fine occasionally medium of flint and chalk. Shears are closely spaced randomly orientated. (HEAD DEPOSITS) (3).","Head","","","TP390","1.20","D","003","","","1.20","01","","Wet sieve","28.00","","1.20","01","","","66.00","42.00","24","24.00","98.00","","","","","","","","","","","","","","","","","","","","","","","","","","","","","","","","","","","","0.80","1.40"
"HD","Head Deposits","HD_C","Undefined","220","Sandy gravelly CLAY","Firm sheared slightly sandy slightly gravelly grey locally orange mottled grey CLAY. Gravel is subangular fine occasionally medium of flint and chalk. Shears are closely spaced randomly orientated. (HEAD DEPOSITS) (3).","Head","","","TP390","1.20","LB","004","","","","","","","","","","","","","","","","","","","","","1.20","01","","","","","","","","","","","","","","","","","","","","","","","","","","","","","","","0.80","1.40"
"HD","Head Deposits","HD_C","Undefined","220","Sandy gravelly CLAY","Firm yellowish brown slightly gravelly sandy CLAY. Gravel is subangular to subrounded fine to coarse of flint and chalk (ALLUVIUM). (2)","Alluvium","","","TP340","0.50","D","001","","","0.50","01","","Wet sieve","27.00","","0.50","01","","","57.00","36.00","21","21.00","97.00","","","","","","","","","","","","","","","","","","","","","","","","","","","","","","","","","","","","0.38","0.83"
"HD","Head Deposits","HD_C","Undefined","220","Sandy gravelly CLAY","Firm yellowish brown slightly gravelly sandy CLAY. Gravel is subangular to subrounded fine to coarse of flint and chalk (ALLUVIUM). (2)","Alluvium","","","TP340","0.50","LB","002","","","","","","","","","","","","","","","","","","","","","0.50","01","","","","","","","","","","","","","","","","","","","","","","","","","","","","","","","0.38","0.83"
"HD","Head Deposits","HD_C","Undefined","220","Sandy gravelly CLAY","Soft greenish grey slightly sandy gravelly CLAY. Gravel is subangular to subrounded fine to coarse of flint chalk and rarely claystone. Sand is fine to coarse.","ALLUVIUM","","","BH403","0.80","D","6","","","0.80","","","","22.00","","0.80","","","","49.00","30.00","19","19.00","90.00","","","","","","","","","","","","","","","","","","","","","","","","","","","","","","","","","","","","0.30","1.00"
"HD","Head Deposits","HD_C","Undefined","203","Sandy CLAY","Very soft to soft brown mottled grey slightly sandy CLAY with occasional subrounded fine gravels of flint. Sand is fine to coarse.","Weathered GAULT CLAY FORMATION, Zone IIIb","","","BH409","1.20","B","15","","","","","","","","","","","","","","","","","","","","","1.20","","","","","15.00","11.00","61.00","13.00","0.00","25.90","","","","","","","","","","","","","","","","","","","","","","1.20","1.75"
"HD","Head Deposits","HD_C","Undefined","203","Sandy CLAY","Very soft to soft brown mottled grey slightly sandy CLAY with occasional subrounded fine gravels of flint. Sand is fine to coarse.","Weathered GAULT CLAY FORMATION, Zone IIIb","","","BH409","1.65","D","7","","","1.65","","","","27.00","","1.65","","","","51.00","28.00","23","23.00","100.00","","","","","","","","","","","","","","","","","","","","","","","","","","","","","","","","","","","","1.20","1.75"
"HD","Head Deposits","HD_C","Undefined","203","Sandy CLAY","Very soft to soft greenish grey occasionally mottled brown slightly sandy CLAY with occasional gravel sized flint limestone and pockets of grey fine sand up to 10mmx10mmx10mm in size. Sand is fine to coarse.","","","","BH410","0.70","B","3","","","","","","","","","","","","","","","","","","","","","0.70","","","","","86.00","8.00","4.00","2.00","0.00","93.90","","","","","","","","","","","","","","","","","","","","","","0.70","1.80"
"HD","Head Deposits","HD_C","Undefined","203","Sandy CLAY","Very soft to soft greenish grey occasionally mottled brown slightly sandy CLAY with occasional gravel sized flint limestone and pockets of grey fine sand up to 10mmx10mmx10mm in size. Sand is fine to coarse.","","","","BH410","1.00","D","4","","","1.00","","","","20.00","","1.00","","","","53.00","36.00","17","17.00","100.00","","","","","","","","","","","","","","","","","","","","","","","","","","","","","","","","","","","","0.70","1.80"
"HD","Head Deposits","HD_G","Undefined","403","Silty SAND","Light greyish brown silty slightly gravelly fine to coarse SAND. Gravel is angular to subrounded fine to medium of flint chalk and chert.","","","","BH416","1.00","B","6","","","","","","","","","","","","","","","","","","","","","1.00","","","","","0.00","13.00","45.00","42.00","0.00","13.30","","","","","","","","","","","","","","","","","","","","","","1.00","1.80"
"HD","Head Deposits","HD_G","Undefined","403","Silty SAND","Light greyish brown silty slightly gravelly fine to coarse SAND. Gravel is angular to subrounded fine to medium of flint chalk and chert.","","","","BH416","1.62","D","16","","","1.62","","","","23.00","","1.62","","","","","","NP","","90.00","","","","","","","","","","","","","","","","","","","","","","","","","","","","","","","","","","","","1.00","1.80"
"HD","Head Deposits","HD_C","Undefined","204","Gravelly CLAY","Firm bluish grey mottled brown slightly gravelly CLAY with subvertical relict jointing (200 mm lateral spacing) with sand-sized carbonate infill and with frequent shells (bivalve, rare ammonite). Gravel is subrounded fine to coarse of very weak mudstone and carbonate lithorelicts.","","","","TP410a","1.20","B","","#2084573876140003","1.60","","","","","","","","","","","","","","","","","","","1.20","","","","","82.00","7.00","10.00","1.00","0.00","89.20","","","","","","","","","","","","","","","","","","","","","","0.65","1.70"
"HD","Head Deposits","HD_C","Undefined","204","Gravelly CLAY","Firm bluish grey mottled brown slightly gravelly CLAY with subvertical relict jointing (200 mm lateral spacing) with sand-sized carbonate infill and with frequent shells (bivalve, rare ammonite). Gravel is subrounded fine to coarse of very weak mudstone and carbonate lithorelicts.","","","","TP410a","1.20","D","","#2084573876140002","","1.20","","","","23.00","","1.20","","","","58.00","37.00","21","21.00","100.00","","","","","","","","","","","","","","","","","","","","","","","","","","","","","","","","","","","","0.65","1.70"
"HD","Head Deposits","HD_C","Undefined","203","Sandy CLAY","Soft orangish brown mottled grey very sandy silty CLAY. Sand is fine to coarse.","Reworked GAULT CLAY FORMATION, Zone V","","","BH405","2.20","D","","","2.30","2.20","","","","25.00","","2.20","","","","70.00","48.00","22","22.00","100.00","","","","","","","","","","","","","","","","","","","","","","","","","","","","","","","","","","","","2.20","2.75"
"HD","Head Deposits","HD_C","Undefined","203","Sandy CLAY","Soft orangish brown mottled grey very sandy silty CLAY. Sand is fine to coarse.","Reworked GAULT CLAY FORMATION, Zone V","","","BH405","2.40","B","","","2.90","","","","","","","","","","","","","","","","","","","2.40","","","","","32.00","19.00","46.00","3.00","0.00","50.90","","","","","","","","","","","","","","","","","","","","","","2.20","2.75"
"HD","Head Deposits","HD_C","Undefined","201","CLAY","Soft orangish brown mottled grey slightly sandy CLAY. Sand is fine to coarse.","Reworked KIMMERIDGE CLAY FORMATION, Zone V","","","BH473","1.40","D","","","1.50","1.40","","","","39.00","","1.40","","","","71.00","45.00","26","26.00","100.00","","","","","","","","","","","","","","","","","","","","","","","","","","","","","","","","","","","","1.20","1.64"
"HD","Head Deposits","HD_C","Undefined","207","Silty sandy CLAY","Firm greyish brown mottled orange slightly sandy silty CLAY with occasional subrounded fine to medium gravels chalk. Sand is fine to coarse.","ALLUVIUM","","","BH473","0.50","B","","","0.90","0.50","","","","18.00","","0.50","","","","51.00","32.00","19","19.00","100.00","","","","","","","","","","","","","","","","","","","","","","","","","","","","","","","","","","","","0.50","0.90"
"HD","Head Deposits","HD_C","Undefined","207","Silty sandy CLAY","Soft to firm orangish brown mottled grey silty sandy CLAY with medium subangular cobble content of limestone. Sand is fine to coarse.","Reworked KIMMERIDGE CLAY FORMATION, Zone V","","","BH473","0.90","B","","","1.20","","","","","","","","","","","","","","","","","","","0.90","","","","","35.00","13.00","10.00","42.00","0.00","48.50","","","","","","","","","","","","","","","","","","","","","","0.90","1.20"
"HD","Head Deposits","HD_C","Undefined","203","Sandy CLAY","Soft to firm dark grey gravelly very sandy silty CLAY. Sand is fine to coarse. Gravel is subrounded to well rounded fine to coarse of chert, flint and shale.","","","","BH502","1.70","D","","#2535139481780010","2.15","1.70","","","","19.00","","1.70","","","","55.00","40.00","15","15.00","93.00","","","","","","","","","","","","","","","","","","","","","","","","","","","","","","","","","","","","1.60","2.70"
"HD","Head Deposits","HD_C","Undefined","204","Gravelly CLAY","Soft light brownish grey mottled orangish brown sandy gravelly CLAY. Sand is fine to coarse. Gravel is angular to well rounded fine to coarse of chalk, chert, flint and sandstone.","","","","BH502","0.40","B","","#2535139481780004","0.60","","","","","","","","","","","","","","","","","","","0.40","","","","","10.00","10.00","42.00","38.00","0.00","20.20","","","","","","","","","","","","","","","","","","","","","","0.40","1.60"
"HD","Head Deposits","HD_C","Undefined","202","Silty CLAY","Firm locally soft dark brownish grey mottled orangish brown slightly sandy gravelly silty CLAY. Sand is fine to coarse. Gravel is subangular to well rounded fine to coarse of chalk, chert, flint and shale. ","","","","BH474","1.20","B","","#1706626406730020","1.60","","","","","","","","","","","","","","","","","","","1.20","","","","","77.00","6.00","17.00","0.00","0.00","82.60","","","","","","","","","","","","","","","","","","","","","","0.40","1.90"
"HD","Head Deposits","HD_C","Undefined","202","Silty CLAY","Firm locally soft dark brownish grey mottled orangish brown slightly sandy gravelly silty CLAY. Sand is fine to coarse. Gravel is subangular to well rounded fine to coarse of chalk, chert, flint and shale. ","","","","BH474","1.60","D","","#1706626406730017","1.70","1.60","","","","23.00","","1.60","","","","47.00","28.00","19","19.00","94.00","","","","","","","","","","","","","","","","","","","","","","","","","","","","","","","","","","","","0.40","1.90"
"HD","Head Deposits","HD_C","Undefined","201","CLAY","Firm bluish grey mottled orangish brown CLAY.","Reworked KIMMERIDGE CLAY FORMATION, Zone V","","","BH437","1.00","D","","","1.10","1.00","","","","28.00","","1.00","","","","72.00","51.00","21","21.00","100.00","","","","","","","","","","","","","","","","","","","","","","","","","","","","","","","","","","","","0.85","1.70"
"HD","Head Deposits","HD_C","Undefined","220","Sandy gravelly CLAY","Soft reddish brown slightly gravelly sandy CLAY. Gravel is rounded to subangular fine to medium of mudstone, sandstone and chalk. Sand is fine to coarse.","","","","BH522","1.70","D","","","2.15","1.70","","","","22.00","","1.70","","","","77.00","57.00","20","20.00","100.00","","","","","","","","","","","","","","","","","","","","","","","","","","","","","","","","","","","","1.50","2.20"
"HD","Head Deposits","HD_C","Undefined","207","Silty sandy CLAY","Firm brown mottled grey silty slightly sandy gravelly CLAY. Sand is fine to coarse. Gravel is subangular to subrounded fine of flint and chalk.","","","","BH523","0.70","D","","","","0.70","","","","28.00","","0.70","","","","61.00","38.00","23","23.00","100.00","","","","","","","","","","","","","","","","","","","","","","","","","","","","","","","","","","","","0.70","1.10"
"HD","Head Deposits","HD_C","Undefined","203","Sandy CLAY","Firm dark bluish grey silty gravelly sandy CLAY. Sand is fine to coarse. Gravel is subangular to well rounded fine to coarse of chert, chalk and shale.","","","","BH500","1.70","D","","#7995143918310010","2.15","1.70","","","","34.00","","1.70","","","","58.00","33.00","25","25.00","81.00","","","","","","","","","","","","","","","","","","","","","","","","","","","","","","","","","","","","1.70","2.70"
"HD","Head Deposits","HD_C","Undefined","802","SILTSTONE","Stiff extremely closely fissured orange brown mottled grey brown CLAY with rare siltstone concretions up to 20mm and rare rootlets. Fissures random snooth some polished. (Periglacially Disturbed Kimmeridge Clay)","Head","","","TP05","1.30","BLK","1","","1.60","1.30","","","","19.00","","1.30","","","","41.00","24.00","17","17.00","100.00","","","","1.30","","","","","12.00","67.00","20.00","1.00","","","1.30","","","","2.67","","","","","","","","","","","","","","","","","1.05","1.60"
"HD","Head Deposits","HD_C","Undefined","802","SILTSTONE","Stiff extremely closely fissured orange brown mottled grey brown CLAY with rare siltstone concretions up to 20mm and rare rootlets. Fissures random snooth some polished. (Periglacially Disturbed Kimmeridge Clay)","Head","","","TP05","1.50","B","1","","","1.50","","","","23.00","","1.50","","","","51.00","29.00","22","22.00","","","","","","","","","","","","","","","","1.50","","","","2.61","","","","","","","","1.50","","","","","2.00","","","","1.05","1.60"
"HD","Head Deposits","HD_C","Undefined","802","SILTSTONE","Stiff extremely closely fissured orange brown mottled grey brown CLAY with rare siltstone concretions up to 20mm and rare rootlets. Fissures random snooth some polished. (Periglacially Disturbed Kimmeridge Clay)","Head","","","TP05","1.50","B","4","","","","","","","","","","","","","","","","","","","","","","","","","","","","","","","","","","","","","","","","","","","","1.50","","","","","1.99","","","","1.05","1.60"
"HD","Head Deposits","HD_C","Undefined","802","SILTSTONE","Stiff extremely closely fissured orange brown mottled grey brown CLAY with rare siltstone concretions up to 20mm and rare rootlets. Fissures random snooth some polished. (Periglacially Disturbed Kimmeridge Clay)","Head","","","TP05","1.50","B","5","","","","","","","","","","","","","","","","","","","","","","","","","","","","","","","","","","","","","","","","","","","","1.50","","","","","2.01","","","","1.05","1.60"
"HD","Head Deposits","HD_C","Undefined","220","Sandy gravelly CLAY","Firm to stiff grey mottled orange brown CLAY with occasional fine sub-rounded to rounded gravel of chalk and pockets of green grey fine sand. (Selenite?)","Alluvium","","","BH22","1.50","U","1","","1.95","1.50","","","","33.00","","1.50","","","","52.00","31.00","21","21.00","","","","","1.50","","","","","7.00","86.00","4.00","3.00","","","1.50","","","","2.18","","","","","","","","","","","","","","","","","0.80","1.60"
"KC","Kimmeridge Clay Formation","KC_UW","Undefined","201","CLAY","Stiff becoming very stiff extremely to very closely fissured dark grey poorly laminated CLAY with trace ammonite shells. With depth fissuring tends to sub-horizontal and sub-vertical tabular. (KIMMERIDGE CLAY)","Kimmeridge Clay Formation","","","TP01","3.00","B","6","","","3.00","","","","32.00","","3.00","","","","58.00","35.00","23","23.00","","","","","","","","","","","","","","","","","","","","","","","","","","","","","","","","","","","","","3.00","4.50"
"KC","Kimmeridge Clay Formation","KC_UW","Undefined","201","CLAY","Stiff becoming very stiff extremely to very closely fissured dark grey poorly laminated CLAY with trace ammonite shells. With depth fissuring tends to sub-horizontal and sub-vertical tabular. (KIMMERIDGE CLAY)","Kimmeridge Clay Formation","","","TP01","4.00","B","7","","","4.00","","","","28.00","","4.00","","","","44.00","22.00","22","22.00","","","","","","","","","","","","","","","","","","","","","","","","","","","","","","","","","","","","","3.00","4.50"
"KC","Kimmeridge Clay Formation","KC_UW","Undefined","201","CLAY","Stiff to very stiff very closely fissured dark grey slightly bituminous CLAY with trace shell fragments and faint horizontal fissility (bedding trend) (KIMMERIDGE CLAY) ","Kimmeridge Clay Formation","","","BH23","29.00","D","26","","","29.00","","","","25.00","","","","","","","","","","","","","","","","","","","","","","","","","","","","","","","","","","","","","","","","","","","","","","27.93","29.45"
"KC","Kimmeridge Clay Formation","KC_UW","Undefined","201","CLAY","Stiff to very stiff very closely fissured dark grey slightly bituminous CLAY with trace shell fragments and faint horizontal fissility (bedding trend) (KIMMERIDGE CLAY) ","Kimmeridge Clay Formation","","","BH23","29.10","D","27","","","29.10","","","","19.00","","","","","","","","","","","","","","","","","","","","","","","","","","","","","","","","","","","","","","","","","","","","","","27.93","29.45"
"KC","Kimmeridge Clay Formation","KC_UW","Undefined","201","CLAY","Stiff to very stiff very closely irregularly fissured bituminous with prominant extremely closely horizontal fissility and trace shell fragments (bedding trend) (KIMMERIDGE CLAY)","Kimmeridge Clay Formation","","","BH23","19.60","C","16","","19.80","19.60","","","","24.00","","19.60","","","","48.00","22.00","26","26.00","","","","","19.60","","","","","12.00","87.00","0.00","1.00","","","19.60","","","","2.35","","","","","","","","","","","","","","","","","19.05","20.85"
"KC","Kimmeridge Clay Formation","KC_UW","Undefined","201","CLAY","Stiff to very stiff very closely irregularly fissured dark grey bituminous CLAY with prominant horizontal fissility and medium spaced very thin beds of bituminous mudstone very weak. Fissures generaly highly polished. (KIMMERIDGE CLAY) ","Kimmeridge Clay Formation","","","BH23","23.00","D","19","","","23.00","","","","29.00","","","","","","","","","","","","","","","","","","","","","","","","","","","","","","","","","","","","","","","","","","","","","","22.75","23.85"
"KC","Kimmeridge Clay Formation","KC_UW","Undefined","201","CLAY","Stiff to very stiff very closely irregularly fissured dark grey CLAY with frequent shell fragments and faint horizontal fissility (bedding trend) (KIMMERIDGE CLAY) ","Kimmeridge Clay Formation","","","BH23","36.00","D","34","","","36.00","","","","15.00","","","","","","","","","","","","","","","","","","","","","","","","","","","","","","","","","","","","","","","","","","","","","","35.65","36.08"
"KC","Kimmeridge Clay Formation","KC_UW","Undefined","201","CLAY","Stiff very closely irregularly fissured dark grey CLAY with trace shell fragments and horizontal extremely close fissility. (KIMMERIDGE CLAY) ","Kimmeridge Clay Formation","","","BH23","17.00","D","15","","","17.00","","","","22.00","","","","","","","","","","","","","","","","","","","","","","","","","","","","","","","","","","","","","","","","","","","","","","16.10","18.20"
"KC","Kimmeridge Clay Formation","KC_UW","Undefined","201","CLAY","Stiff very closely irregularly fissured dark grey CLAY with trace shell fragments and prominant horizontal extremely close fissility and highly polished fissures. (KIMMERIDGE CLAY)","Kimmeridge Clay Formation","","","BH23","8.90","D","7","","","8.90","","","","23.00","","","","","","","","","","","","","","","","","","","","","","","","","","","","","","","","","","","","","","","","","","","","","","7.90","11.75"
"KC","Kimmeridge Clay Formation","KC_UW","Undefined","201","CLAY","Stiff very closely irregularly fissured dark grey CLAY with trace shell fragments and prominant horizontal extremely close fissility and highly polished fissures. (KIMMERIDGE CLAY)","Kimmeridge Clay Formation","","","BH23","10.00","D","8","","","10.00","","","","23.00","","","","","","","","","","","","","","","","","","","","","","","","","","","","","","","","","","","","","","","","","","","","","","7.90","11.75"
"KC","Kimmeridge Clay Formation","KC_UW","Undefined","201","CLAY","Stiff very closely irregularly fissured dark grey CLAY with trace shell fragments and prominant horizontal extremely close fissility and highly polished fissures. (KIMMERIDGE CLAY)","Kimmeridge Clay Formation","","","BH23","11.00","D","9","","","11.00","","","","25.00","","","","","","","","","","","","","","","","","","","","","","","","","","","","","","","","","","","","","","","","","","","","","","7.90","11.75"
"KC","Kimmeridge Clay Formation","KC_UW","Undefined","201","CLAY","Very stiff faintly very closely fissured dark grey bituminous CLAY with frequent shell fragments. (KIMMERIDGE CLAY)","Kimmeridge Clay Formation","","","BH23","12.00","D","10","","","12.00","","","","26.00","","","","","","","","","","","","","","","","","","","","","","","","","","","","","","","","","","","","","","","","","","","","","","11.75","12.08"
"KC","Kimmeridge Clay Formation","KC_UW","Undefined","201","CLAY","Very stiff faintly very closely fissured dark grey bituminuous CLAY with frequent shell fragments tending to bituminous mudstone in places. (KIMMERIDGE CLAY) ","Kimmeridge Clay Formation","","","BH23","13.00","D","11","","","13.00","","","","27.00","","","","","","","","","","","","","","","","","","","","","","","","","","","","","","","","","","","","","","","","","","","","","","12.39","14.45"
"KC","Kimmeridge Clay Formation","KC_UW","Undefined","201","CLAY","Very stiff faintly very closely fissured dark grey bituminuous CLAY with frequent shell fragments tending to bituminous mudstone in places. (KIMMERIDGE CLAY) ","Kimmeridge Clay Formation","","","BH23","14.00","D","12","","","14.00","","","","26.00","","","","","","","","","","","","","","","","","","","","","","","","","","","","","","","","","","","","","","","","","","","","","","12.39","14.45"
"KC","Kimmeridge Clay Formation","KC_UW","Undefined","201","CLAY","Very stiff very closely fissured dark grey bituminous CLAY with frequent to abundant shell fragments and occasional faint horizontal fissility (bedding trend) (KIMMERIDGE CLAY)","Kimmeridge Clay Formation","","","BH23","24.00","D","20","","","24.00","","","","24.00","","","","","","","","","","","","","","","","","","","","","","","","","","","","","","","","","","","","","","","","","","","","","","23.85","24.29"
"KC","Kimmeridge Clay Formation","KC_UW","Undefined","201","CLAY","Very stiff very closely fissured dark grey bituminous CLAY with frequent to abundant shell fragments and occasional faint horizontal fissility (bedding trend) (KIMMERIDGE CLAY)","Kimmeridge Clay Formation","","","BH23","24.90","D","21","","","24.90","","","","14.00","","","","","","","","","","","","","","","","","","","","","","","","","","","","","","","","","","","","","","","","","","","","","","24.46","25.22"
"KC","Kimmeridge Clay Formation","KC_UW","Undefined","201","CLAY","Very stiff very closely irregularly fissured dark grey bituminous CLAY with prominant extremely close horizontal fissilility (bedding trend) and trace to frequent shell fragments. Tending to bituminous mudstone in places. (KIMMERIDGE CLAY)","Kimmeridge Clay Formation","","","BH23","31.00","D","29","","","31.00","","","","26.00","","","","","","","","","","","","","","","","","","","","","","","","","","","","","","","","","","","","","","","","","","","","","","30.57","35.65"
"KC","Kimmeridge Clay Formation","KC_UW","Undefined","201","CLAY","Very stiff very closely irregularly fissured dark grey bituminous CLAY with prominant extremely close horizontal fissilility (bedding trend) and trace to frequent shell fragments. Tending to bituminous mudstone in places. (KIMMERIDGE CLAY)","Kimmeridge Clay Formation","","","BH23","32.00","D","30","","","32.00","","","","28.00","","","","","","","","","","","","","","","","","","","","","","","","","","","","","","","","","","","","","","","","","","","","","","30.57","35.65"
"KC","Kimmeridge Clay Formation","KC_UW","Undefined","201","CLAY","Very stiff very closely irregularly fissured dark grey bituminous CLAY with prominant extremely close horizontal fissilility (bedding trend) and trace to frequent shell fragments. Tending to bituminous mudstone in places. (KIMMERIDGE CLAY)","Kimmeridge Clay Formation","","","BH23","33.00","D","31","","","33.00","","","","35.00","","","","","","","","","","","","","","","","","","","","","","","","","","","","","","","","","","","","","","","","","","","","","","30.57","35.65"
"KC","Kimmeridge Clay Formation","KC_UW","Undefined","201","CLAY","Very stiff very closely irregularly fissured dark grey bituminous CLAY with prominant extremely close horizontal fissilility (bedding trend) and trace to frequent shell fragments. Tending to bituminous mudstone in places. (KIMMERIDGE CLAY)","Kimmeridge Clay Formation","","","BH23","34.00","D","32","","","34.00","","","","29.00","","","","","","","","","","","","","","","","","","","","","","","","","","","","","","","","","","","","","","","","","","","","","","30.57","35.65"
"KC","Kimmeridge Clay Formation","KC_UW","Undefined","201","CLAY","Very stiff very closely irregularly fissured dark grey bituminous CLAY with prominant extremely close horizontal fissilility (bedding trend) and trace to frequent shell fragments. Tending to bituminous mudstone in places. (KIMMERIDGE CLAY)","Kimmeridge Clay Formation","","","BH23","35.00","D","33","","","35.00","","","","26.00","","","","","","","","","","","","","","","","","","","","","","","","","","","","","","","","","","","","","","","","","","","","","","30.57","35.65"
"KC","Kimmeridge Clay Formation","KC_UW","Undefined","202","Silty CLAY","Stiff to very stiff very closely irregularaly fissured dark grey very silty CLAY with trace shell fragments and faint horizontal fissility. [Kimmeridge Clay","Kimmeridge Clay Formation","","","BH23","6.00","D","4","","","6.00","","","","18.00","","","","","","","","","","","","","","","","","","","","","","","","","","","","","","","","","","","","","","","","","","","","","","5.95","7.90"
"KC","Kimmeridge Clay Formation","KC_UW","Undefined","202","Silty CLAY","Stiff to very stiff very closely irregularaly fissured dark grey very silty CLAY with trace shell fragments and faint horizontal fissility. [Kimmeridge Clay","Kimmeridge Clay Formation","","","BH23","7.00","D","5","","","7.00","","","","20.00","","","","","","","","","","","","","","","","","","","","","","","","","","","","","","","","","","","","","","","","","","","","","","5.95","7.90"
"KC","Kimmeridge Clay Formation","KC_UW","Undefined","202","Silty CLAY","Stiff to very stiff very closely irregularaly fissured dark grey very silty CLAY with trace shell fragments and faint horizontal fissility. [Kimmeridge Clay","Kimmeridge Clay Formation","","","BH23","7.30","C","6","","8.30","7.30","","","","17.00","","7.30","","","","55.00","34.00","21","21.00","","","","","","","","","","","","","","","","7.30","","","","2.62","","","","","","","","7.30","1","","","","2.12","","","","5.95","7.90"
"KC","Kimmeridge Clay Formation","KC_UW","Undefined","202","Silty CLAY","Stiff to very stiff very closely irregularaly fissured dark grey very silty CLAY with trace shell fragments and faint horizontal fissility. [Kimmeridge Clay","Kimmeridge Clay Formation","","","BH23","7.30","C","6","","8.30","7.30","","","","17.00","","7.30","","","","55.00","34.00","21","21.00","","","","","","","","","","","","","","","","7.30","","","","2.62","","","","","","","","7.30","2","","","","2.08","","","","5.95","7.90"
"KC","Kimmeridge Clay Formation","KC_UW","Undefined","202","Silty CLAY","Stiff to very stiff very closely irregularaly fissured dark grey very silty CLAY with trace shell fragments and faint horizontal fissility. [Kimmeridge Clay","Kimmeridge Clay Formation","","","BH23","7.30","C","6","","8.30","7.30","","","","17.00","","7.30","","","","55.00","34.00","21","21.00","","","","","","","","","","","","","","","","7.30","","","","2.62","","","","","","","","7.30","3","","","","2.05","","","","5.95","7.90"
"KC","Kimmeridge Clay Formation","KC_UW","Undefined","202","Silty CLAY","Stiff to very stiff very closely irregularly fissured very silty CLAY with trace shell fragments and faint horizontal fissility (bedding trend) (KIMMERIDGE CLAY) ","Kimmeridge Clay Formation","","","BH23","38.00","D","36","","","38.00","","","","23.00","","","","","","","","","","","","","","","","","","","","","","","","","","","","","","","","","","","","","","","","","","","","","","37.22","39.65"
"KC","Kimmeridge Clay Formation","KC_UW","Undefined","202","Silty CLAY","Stiff to very stiff very closely irregularly fissured very silty CLAY with trace shell fragments and faint horizontal fissility (bedding trend) (KIMMERIDGE CLAY) ","Kimmeridge Clay Formation","","","BH23","39.00","D","37","","","39.00","","","","25.00","","","","","","","","","","","","","","","","","","","","","","","","","","","","","","","","","","","","","","","","","","","","","","37.22","39.65"
"KC","Kimmeridge Clay Formation","KC_UW","Undefined","202","Silty CLAY","Stiff to very stiff very closely irregularly fissured very silty CLAY with trace shell fragments and horizontal to 5? extremely close fissility and a little silt on fissures. (KIMMERIDGE CLAY)","Kimmeridge Clay Formation","","","BH23","16.00","D","14","","","16.00","","","","19.00","","","","","","","","","","","","","","","","","","","","","","","","","","","","","","","","","","","","","","","","","","","","","","15.65","16.10"
"KC","Kimmeridge Clay Formation","KC_UW","Undefined","202","Silty CLAY","Very stiff very closely irregularly fissured very silty dark grey CLAY with trace shell fragments and frequent to trace disseminated pyrite nodules up to 5mm diameter. (KIMMERIDGE CLAY)","Kimmeridge Clay Formation","","","BH23","37.00","D","35","","","37.00","","","","19.00","","","","","","","","","","","","","","","","","","","","","","","","","","","","","","","","","","","","","","","","","","","","","","36.08","37.22"
"KC","Kimmeridge Clay Formation","KC_UW","Undefined","202","Silty CLAY","Very stiff very closety irregularly fissured dark grey brown very silty bituminous CLAY with frequent shell fragments and prominant horizontal extremely close fissility (bedding trend). (KIMMERIDGE CLAY)","Kimmeridge Clay Formation","","","BH23","15.00","D","13","","","15.00","","","","24.00","","","","","","","","","","","","","","","","","","","","","","","","","","","","","","","","","","","","","","","","","","","","","","15.00","15.25"
"KC","Kimmeridge Clay Formation","KC_UW","Undefined","207","Silty sandy CLAY","Stiff very closely irregularly fissured dark grey very silty very sandy CLAY with trace shell fragments and faint horizontal fissility with occasional impersistant Laminations and lenses of fine sand and silt. (KIMMERIDGE CLAY)","Kimmeridge Clay Formation","","","BH23","4.15","C","2","","","4.15","","","","18.00","","4.15","","","","34.00","19.00","15","15.00","","","","","4.15","","","","","0.00","85.00","14.00","1.00","","","","","","","","","","","","","","","","","","","","","","","","3.80","4.90"
"KC","Kimmeridge Clay Formation","KC_UW","Undefined","207","Silty sandy CLAY","Stiff very closely irregularly fissured dark grey very silty very sandy CLAY with trace shell fragments and faint horizontal fissility with occasional impersistant Laminations and lenses of fine sand and silt. (KIMMERIDGE CLAY)","Kimmeridge Clay Formation","","","BH23","4.30","C","3","","5.30","4.30","","","","18.00","","4.30","","","","40.00","22.00","18","18.00","100.00","","","","","","","","","","","","","","","4.30","","","","2.62","","","","","","","","","","","","","","","","","3.80","4.90"
"KC","Kimmeridge Clay Formation","KC_UW","Undefined","207","Silty sandy CLAY","Very stiff very closely fissured grey very silty slightly sandy CLAY with faint horizontal fissility (bedding trend) and trace shell fragments. (KIMMERIDGE CLAY)","Kimmeridge Clay Formation","","","BH23","30.00","C","28","","30.95","30.00","","","","23.00","","30.00","","","","61.00","33.00","28","28.00","","","","","","","","","","","","","","","","","","","","","","","","","","","","30.00","1","","","","2.22","","","","29.45","30.57"
"KC","Kimmeridge Clay Formation","KC_UW","Undefined","207","Silty sandy CLAY","Very stiff very closely fissured grey very silty slightly sandy CLAY with faint horizontal fissility (bedding trend) and trace shell fragments. (KIMMERIDGE CLAY)","Kimmeridge Clay Formation","","","BH23","30.00","C","28","","30.95","30.00","","","","23.00","","30.00","","","","61.00","33.00","28","28.00","","","","","","","","","","","","","","","","","","","","","","","","","","","","30.00","2","","","","2.07","","","","29.45","30.57"
"KC","Kimmeridge Clay Formation","KC_UW","Undefined","207","Silty sandy CLAY","Very stiff very closely fissured grey very silty slightly sandy CLAY with faint horizontal fissility (bedding trend) and trace shell fragments. (KIMMERIDGE CLAY)","Kimmeridge Clay Formation","","","BH23","30.00","C","28","","30.95","30.00","","","","23.00","","30.00","","","","61.00","33.00","28","28.00","","","","","","","","","","","","","","","","","","","","","","","","","","","","30.00","3","","","","1.99","","","","29.45","30.57"
"KC","Kimmeridge Clay Formation","KC_UW","Undefined","207","Silty sandy CLAY","Very stiff very closely fissured grey very silty slightly sandy CLAY with faint horizontal fissility (bedding trend) and trace shell fragments. (KIMMERIDGE CLAY)","Kimmeridge Clay Formation","","","BH23","30.00","D","28","","","30.00","","","","22.00","","","","","","","","","","","","","","","","","","","","","","","","","","","","","","","","","","","","","","","","","","","","","","29.45","30.57"
"KC","Kimmeridge Clay Formation","KC_UW","Undefined","801","MUDSTONE","Dark grey brown bituminous MUDSTONE, very weak with prominanr horizontal extremely close fissility and frequent shell fragments with medium spaced thin to very thin beds of very stiff bituminous clay. (KIMMERIDGE CLAY)","Kimmeridge Clay Formation","","","BH23","21.00","D","17","","","21.00","","","","27.00","","","","","","","","","","","","","","","","","","","","","","","","","","","","","","","","","","","","","","","","","","","","","","20.85","22.75"
"KC","Kimmeridge Clay Formation","KC_UW","Undefined","801","MUDSTONE","Dark grey brown bituminous MUDSTONE, very weak with prominanr horizontal extremely close fissility and frequent shell fragments with medium spaced thin to very thin beds of very stiff bituminous clay. (KIMMERIDGE CLAY)","Kimmeridge Clay Formation","","","BH23","22.00","D","18","","","22.00","","","","24.00","","","","","","","","","","","","","","","","","","","","","","","","","","","","","","","","","","","","","","","","","","","","","","20.85","22.75"
"KC","Kimmeridge Clay Formation","KC_UW","Undefined","801","MUDSTONE","Dark grey brown very closety horizontally fissured bituminous MUDSTONE very weak with extremely close horizontal fis issility and some dark brown shaley mudstone bands and trace shell fragments. Tending to very stiff clay in places. (KIMMERIDGE CLAY)","Kimmeridge Clay Formation","","","BH23","26.20","D","22","","26.45","26.20","","","","20.00","","26.20","","","","42.00","21.00","21","21.00","","","","","","","","","","","","","","","","","","","","","","","","","","","","","","","","","","","","","25.22","27.93"
"KC","Kimmeridge Clay Formation","KC_UW","Undefined","801","MUDSTONE","Dark grey brown very closety horizontally fissured bituminous MUDSTONE very weak with extremely close horizontal fis issility and some dark brown shaley mudstone bands and trace shell fragments. Tending to very stiff clay in places. (KIMMERIDGE CLAY)","Kimmeridge Clay Formation","","","BH23","26.45","C","23","","27.15","26.45","","","","20.00","","26.45","","","","58.00","27.00","31","31.00","","","","","","","","","","","","","","","","26.45","","","","2.67","","","","","","","","","","","","","","","","","25.22","27.93"
"KC","Kimmeridge Clay Formation","KC_UW","Undefined","801","MUDSTONE","Dark grey brown very closety horizontally fissured bituminous MUDSTONE very weak with extremely close horizontal fis issility and some dark brown shaley mudstone bands and trace shell fragments. Tending to very stiff clay in places. (KIMMERIDGE CLAY)","Kimmeridge Clay Formation","","","BH23","26.60","C","24","","","","","","","","","","","","","","","","","","","","","26.60","","","","","31.00","59.00","7.00","3.00","","","","","","","","","","","","","","","","","","","","","","","","25.22","27.93"
"KC","Kimmeridge Clay Formation","KC_UW","Undefined","201","CLAY","firm dark grey CLAY with indistinct fissility and frequent shell fragments. (KIMMERIDGE CLAY)","Kimmeridge Clay Formation","","","BH09","3.00","D","1","","","3.00","","","","23.00","","","","","","","","","","","","","","","","","","","","","","","","","","","","","","","","","","","","","","","","","","","","","","3.00","3.50"
"KC","Kimmeridge Clay Formation","KC_UW","Undefined","201","CLAY","stiff very closely irregularly fissured dark grey CLAY with extremely close horizontal fissility (bedding trend) and trace shell fragments. Fissured polished. (KIMMERIDGE CLAY)","Kimmeridge Clay Formation","","","BH09","6.00","C","4","","7.00","6.00","","","","28.00","","6.00","","","","57.00","33.00","24","24.00","100.00","","","","","","","","","","","","","","","","","","","","","","","","","","","6.00","1","","","","1.94","","","","5.20","7.75"
"KC","Kimmeridge Clay Formation","KC_UW","Undefined","201","CLAY","stiff very closely irregularly fissured dark grey CLAY with extremely close horizontal fissility (bedding trend) and trace shell fragments. Fissured polished. (KIMMERIDGE CLAY)","Kimmeridge Clay Formation","","","BH09","6.00","C","4","","7.00","6.00","","","","28.00","","6.00","","","","57.00","33.00","24","24.00","100.00","","","","","","","","","","","","","","","","","","","","","","","","","","","6.00","2","","","","1.94","","","","5.20","7.75"
"KC","Kimmeridge Clay Formation","KC_UW","Undefined","201","CLAY","stiff very closely irregularly fissured dark grey CLAY with extremely close horizontal fissility (bedding trend) and trace shell fragments. Fissured polished. (KIMMERIDGE CLAY)","Kimmeridge Clay Formation","","","BH09","6.00","C","4","","7.00","6.00","","","","28.00","","6.00","","","","57.00","33.00","24","24.00","100.00","","","","","","","","","","","","","","","","","","","","","","","","","","","6.00","3","","","","1.95","","","","5.20","7.75"
"KC","Kimmeridge Clay Formation","KC_UW","Undefined","201","CLAY","stiff very closely irregularly fissured dark grey CLAY with extremely close horizontal fissility (bedding trend) and trace shell fragments. Fissured polished. (KIMMERIDGE CLAY)","Kimmeridge Clay Formation","","","BH09","6.00","D","4","","","6.00","","","","27.00","","","","","","","","","","","","","","","","","","","","","","","","","","","","","","","","","","","","","","","","","","","","","","5.20","7.75"
"KC","Kimmeridge Clay Formation","KC_UW","Undefined","201","CLAY","stiff very closely irregularly fissured dark grey CLAY with extremely close horizontal fissility (bedding trend) and trace shell fragments. Fissured polished. (KIMMERIDGE CLAY)","Kimmeridge Clay Formation","","","BH09","7.30","D","5","","","7.30","","","","28.00","","","","","","","","","","","","","","","","","","","","","","","","","","","","","","","","","","","","","","","","","","","","","","5.20","7.75"
"KC","Kimmeridge Clay Formation","KC_UW","Undefined","204","Gravelly CLAY","soft very closely fissured dark grey CLAY with horizontal extremely close fissility and trace shell fragments with occasional gravel. With frequent shells at top of stratum. (KIMMERIDGE CLAY)","Kimmeridge Clay Formation","","","BH09","4.80","D","3","","","4.80","","","","27.00","","","","","","","","","","","","","","","","","","","","","","","","","","","","","","","","","","","","","","","","","","","","","","4.00","4.85"
"KC","Kimmeridge Clay Formation","KC_UW","Undefined","207","Silty sandy CLAY","stiff to very stiff extremely closely irregularly fissured very sandy very silty dark grey green CLAY with frequent becoming trace shells and occasional belemnites and occasional very thin laminations and pockets of silt. Fissures highly polished. (CORALLIAN?)","Ampthill Clay Formation","","","BH09","8.00","D","6","","","8.00","","","","23.00","","","","","","","","","","","","","","","","","","","","","","","","","","","","","","","","","","","","","","","","","","","","","","7.90","9.00"
"KC","Kimmeridge Clay Formation","KC_UW","Undefined","220","Sandy gravelly CLAY","firm to stiff dark grey very closely fissured CLAY with irregular fissility trace sand to medium gravel size pyrite and rare shell fragments. Fissures sub-vertical and inclined smooth. (KIMMERIDGE CLAY)","Kimmeridge Clay Formation","","","BH09","3.50","U","2","","3.95","","","","","","","3.50","","","","45.00","27.00","18","18.00","71.00","","","","","","","","","","","","","","","","","","","","","","","","","","","","","","","","","","","","3.50","4.00"
"KC","Kimmeridge Clay Formation","KC_W","Undefined","201","CLAY","Firm becoming firm to stiff extremely closely fissured (<5mm) grey mottled orange brown CLAY with trace shell fragments and rootlets. (Kimmeridge Clay)","Terrace Deposits","","","TP15","2.00","B","1","","","2.00","","","","36.00","","2.00","","","","62.00","36.00","26","26.00","","","","","","","","","","","","","","","","2.00","","","","2.65","","","","","","","","","","","","","","","","","2.00","2.30"
"KC","Kimmeridge Clay Formation","KC_UW","Undefined","201","CLAY","Firm to stiff extremely closely irregularly fissured dark grey CLAY with trace shell fragments. Fissures stained (weathered) green grey with some roots, rootlets and selenite crystals on fissure surfaces. (KIMMERIDGE CLAY)","Kimmeridge Clay Formation","","","BH20","3.00","C","2","","3.95","3.00","","","","37.00","","3.00","","","","55.00","29.00","26","26.00","100.00","","","","","","","","","","","","","","","3.00","","","","2.34","","","","","","","","","","","","","","","","","3.00","3.90"
"KC","Kimmeridge Clay Formation","KC_UW","Undefined","201","CLAY","Stiff very closely irregularly fissured dark grey CLAY with trace shell fragments and occasional selenite crystals to 4:80m. (KIMMERIDGE CLAY)","Kimmeridge Clay Formation","","","BH20","3.95","C","3","","4.95","3.95","","","","30.00","","3.95","","","","62.00","36.00","26","26.00","64.00","","","","","","","","","","","","","","","","","","","","","","","","","","","3.95","1","","","","1.91","","","","3.90","7.78"
"KC","Kimmeridge Clay Formation","KC_UW","Undefined","201","CLAY","Stiff very closely irregularly fissured dark grey CLAY with trace shell fragments and occasional selenite crystals to 4:80m. (KIMMERIDGE CLAY)","Kimmeridge Clay Formation","","","BH20","3.95","C","3","","4.95","3.95","","","","30.00","","3.95","","","","62.00","36.00","26","26.00","64.00","","","","","","","","","","","","","","","","","","","","","","","","","","","3.95","2","","","","1.97","","","","3.90","7.78"
"KC","Kimmeridge Clay Formation","KC_UW","Undefined","201","CLAY","Stiff very closely irregularly fissured dark grey CLAY with trace shell fragments and occasional selenite crystals to 4:80m. (KIMMERIDGE CLAY)","Kimmeridge Clay Formation","","","BH20","3.95","C","3","","4.95","3.95","","","","30.00","","3.95","","","","62.00","36.00","26","26.00","64.00","","","","","","","","","","","","","","","","","","","","","","","","","","","3.95","3","","","","1.89","","","","3.90","7.78"
"KC","Kimmeridge Clay Formation","KC_UW","Undefined","201","CLAY","Stiff very closely irregularly fissured dark grey CLAY with trace shell fragments and occasional selenite crystals to 4:80m. (KIMMERIDGE CLAY)","Kimmeridge Clay Formation","","","BH20","5.00","D","4","","","5.00","","","","32.00","","","","","","","","","","","","","","","","","","","","","","","","","","","","","","","","","","","","","","","","","","","","","","3.90","7.78"
"KC","Kimmeridge Clay Formation","KC_UW","Undefined","201","CLAY","Stiff very closely irregularly fissured dark grey CLAY with trace shell fragments and occasional selenite crystals to 4:80m. (KIMMERIDGE CLAY)","Kimmeridge Clay Formation","","","BH20","6.00","D","5","","","6.00","","","","31.00","","","","","","","","","","","","","","","","","","","","","","","","","","","","","","","","","","","","","","","","","","","","","","3.90","7.78"
"KC","Kimmeridge Clay Formation","KC_UW","Undefined","201","CLAY","Stiff very closely irregularly fissured dark grey CLAY with trace shell fragments and occasional selenite crystals to 4:80m. (KIMMERIDGE CLAY)","Kimmeridge Clay Formation","","","BH20","7.00","D","6","","","7.00","","","","30.00","","","","","","","","","","","","","","","","","","","","","","","","","","","","","","","","","","","","","","","","","","","","","","3.90","7.78"
"KC","Kimmeridge Clay Formation","KC_UW","Undefined","202","Silty CLAY","Stiff faintly closely fissured grey very silty CLAY with prominent horizontal extremely close fissility and trace shell fragments. (KIMMERIDGE CLAY)","Kimmeridge Clay Formation","","","BH20","8.00","D","7","","","8.00","","","","19.00","","","","","","","","","","","","","","","","","","","","","","","","","","","","","","","","","","","","","","","","","","","","","","7.78","8.03"
"KC","Kimmeridge Clay Formation","KC_UW","Undefined","202","Silty CLAY","Stiff to very stiff very closely fissured grey very silty CLAY with faint horizontal extremely close fissility (bedding trend) and frequent to abundant shell fragments and occasional pyrite nodules up to 5mm diameter. (KIMMERIDGE CLAY)","Kimmeridge Clay Formation","","","BH20","9.00","D","8","","","9.00","","","","18.00","","","","","","","","","","","","","","","","","","","","","","","","","","","","","","","","","","","","","","","","","","","","","","8.58","9.30"
"KC","Kimmeridge Clay Formation","KC_UW","Undefined","202","Silty CLAY","Stiff very closely irregularly fissured dark very silty CLAY with trace shell fragments and prominent horizontal fissility. Fissures generally highly polished. (KIMMERIDGE CLAY)","Kimmeridge Clay Formation","","","BH20","10.00","D","9","","","10.00","","","","22.00","","","","","","","","","","","","","","","","","","","","","","","","","","","","","","","","","","","","","","","","","","","","","","9.30","14.15"
"KC","Kimmeridge Clay Formation","KC_UW","Undefined","202","Silty CLAY","Stiff very closely irregularly fissured dark very silty CLAY with trace shell fragments and prominent horizontal fissility. Fissures generally highly polished. (KIMMERIDGE CLAY)","Kimmeridge Clay Formation","","","BH20","11.00","D","10","","","11.00","","","","29.00","","","","","","","","","","","","","","","","","","","","","","","","","","","","","","","","","","","","","","","","","","","","","","9.30","14.15"
"KC","Kimmeridge Clay Formation","KC_UW","Undefined","202","Silty CLAY","Stiff very closely irregularly fissured dark very silty CLAY with trace shell fragments and prominent horizontal fissility. Fissures generally highly polished. (KIMMERIDGE CLAY)","Kimmeridge Clay Formation","","","BH20","12.00","D","11","","","12.00","","","","27.00","","","","","","","","","","","","","","","","","","","","","","","","","","","","","","","","","","","","","","","","","","","","","","9.30","14.15"
"KC","Kimmeridge Clay Formation","KC_UW","Undefined","202","Silty CLAY","Stiff very closely irregularly fissured dark very silty CLAY with trace shell fragments and prominent horizontal fissility. Fissures generally highly polished. (KIMMERIDGE CLAY)","Kimmeridge Clay Formation","","","BH20","13.00","D","12","","","13.00","","","","26.00","","","","","","","","","","","","","","","","","","","","","","","","","","","","","","","","","","","","","","","","","","","","","","9.30","14.15"
"KC","Kimmeridge Clay Formation","KC_UW","Undefined","202","Silty CLAY","Stiff very closely irregularly fissured dark very silty CLAY with trace shell fragments and prominent horizontal fissility. Fissures generally highly polished. (KIMMERIDGE CLAY)","Kimmeridge Clay Formation","","","BH20","14.00","D","13","","","14.00","","","","27.00","","","","","","","","","","","","","","","","","","","","","","","","","","","","","","","","","","","","","","","","","","","","","","9.30","14.15"
"KC","Kimmeridge Clay Formation","KC_UW","Undefined","203","Sandy CLAY","Stiff extremely closely fissured dark grey brown slightly bituminous CLAY with trace bivalve shell fragments and rare rootlets: Fissured mainly sub-vertical and sub- horizontal grey stained some with selenite sand. (KIMMERIDGE CLAY)","Kimmeridge Clay Formation","","","BH20","2.50","U","1","","2.95","2.50","","","","29.00","","2.50","","","","58.00","35.00","23","23.00","43.00","","","","","","","","","","","","","","","2.50","","","","2.34","","","","","","","","","","","","","","","","","2.30","3.00"
"KC","Kimmeridge Clay Formation","KC_UW","Undefined","201","CLAY","Very stiff indistinctly fissile very closely fissured dark grey slightly bituminous CLAY with trace ammonite and bivalve shell fragments. Fissures sub-vertical planans smooth. (KIMMERIDGE CLAY)","Kimmeridge Clay Formation","","","BH56","9.50","U","6","","9.95","9.50","","","","21.00","","9.50","","","","52.00","34.00","18","18.00","","","","","","","","","","","","","","","","","","","","","","","","","","","","9.50","1","","","","2.10","","","","9.50","10.00"
"KC","Kimmeridge Clay Formation","KC_UW","Undefined","201","CLAY","Very stiff indistinctly fissile very closely fissured dark grey slightly bituminous CLAY with trace ammonite and bivalve shell fragments. Fissures sub-vertical planans smooth. (KIMMERIDGE CLAY)","Kimmeridge Clay Formation","","","BH56","9.50","U","6","","9.95","9.50","","","","21.00","","9.50","","","","52.00","34.00","18","18.00","","","","","","","","","","","","","","","","","","","","","","","","","","","","9.50","2","","","","2.07","","","","9.50","10.00"
"KC","Kimmeridge Clay Formation","KC_UW","Undefined","201","CLAY","Very stiff indistinctly fissile very closely fissured dark grey slightly bituminous CLAY with trace ammonite and bivalve shell fragments. Fissures sub-vertical planans smooth. (KIMMERIDGE CLAY)","Kimmeridge Clay Formation","","","BH56","9.50","U","6","","9.95","9.50","","","","21.00","","9.50","","","","52.00","34.00","18","18.00","","","","","","","","","","","","","","","","","","","","","","","","","","","","9.50","3","","","","2.08","","","","9.50","10.00"
"KC","Kimmeridge Clay Formation","KC_UW","Undefined","207","Silty sandy CLAY","Very stiff dark grey slightly sandy CLAY with trace partings and lenses of silty fine sand <0.5mm and rare ammonite shell fragments. Indistinctly fissile in part. (KIMMERIDGE CLAY)","Kimmeridge Clay Formation","","","BH56","3.50","U","2","","3.95","3.50","","","","16.00","","3.50","","","","38.00","24.00","14","14.00","","","","","","","","","","","","","","","","","","","","","","","","","","","","3.50","1","","","","2.13","","","","2.75","8.50"
"KC","Kimmeridge Clay Formation","KC_UW","Undefined","207","Silty sandy CLAY","Very stiff dark grey slightly sandy CLAY with trace partings and lenses of silty fine sand <0.5mm and rare ammonite shell fragments. Indistinctly fissile in part. (KIMMERIDGE CLAY)","Kimmeridge Clay Formation","","","BH56","3.50","U","2","","3.95","3.50","","","","16.00","","3.50","","","","38.00","24.00","14","14.00","","","","","","","","","","","","","","","","","","","","","","","","","","","","3.50","2","","","","2.13","","","","2.75","8.50"
"KC","Kimmeridge Clay Formation","KC_UW","Undefined","207","Silty sandy CLAY","Very stiff dark grey slightly sandy CLAY with trace partings and lenses of silty fine sand <0.5mm and rare ammonite shell fragments. Indistinctly fissile in part. (KIMMERIDGE CLAY)","Kimmeridge Clay Formation","","","BH56","3.50","U","2","","3.95","3.50","","","","16.00","","3.50","","","","38.00","24.00","14","14.00","","","","","","","","","","","","","","","","","","","","","","","","","","","","3.50","3","","","","2.13","","","","2.75","8.50"
"KC","Kimmeridge Clay Formation","KC_UW","Undefined","207","Silty sandy CLAY","Very stiff dark grey slightly sandy CLAY with trace partings and lenses of silty fine sand <0.5mm and rare ammonite shell fragments. Indistinctly fissile in part. (KIMMERIDGE CLAY)","Kimmeridge Clay Formation","","","BH56","4.50","U","3","","4.95","4.50","","","","18.00","","4.50","","","","36.00","20.00","16","16.00","","","","","","","","","","","","","","","","","","","","","","","","","","","","4.50","1","","","","2.14","","","","2.75","8.50"
"KC","Kimmeridge Clay Formation","KC_UW","Undefined","207","Silty sandy CLAY","Very stiff dark grey slightly sandy CLAY with trace partings and lenses of silty fine sand <0.5mm and rare ammonite shell fragments. Indistinctly fissile in part. (KIMMERIDGE CLAY)","Kimmeridge Clay Formation","","","BH56","4.50","U","3","","4.95","4.50","","","","18.00","","4.50","","","","36.00","20.00","16","16.00","","","","","","","","","","","","","","","","","","","","","","","","","","","","4.50","2","","","","2.15","","","","2.75","8.50"
"KC","Kimmeridge Clay Formation","KC_UW","Undefined","207","Silty sandy CLAY","Very stiff dark grey slightly sandy CLAY with trace partings and lenses of silty fine sand <0.5mm and rare ammonite shell fragments. Indistinctly fissile in part. (KIMMERIDGE CLAY)","Kimmeridge Clay Formation","","","BH56","4.50","U","3","","4.95","4.50","","","","18.00","","4.50","","","","36.00","20.00","16","16.00","","","","","","","","","","","","","","","","","","","","","","","","","","","","4.50","3","","","","2.14","","","","2.75","8.50"
"KC","Kimmeridge Clay Formation","KC_UW","Undefined","207","Silty sandy CLAY","Very stiff dark grey slightly sandy CLAY with trace partings and lenses of silty fine sand <0.5mm and rare ammonite shell fragments. Indistinctly fissile in part. (KIMMERIDGE CLAY)","Kimmeridge Clay Formation","","","BH56","6.00","U","4","","6.45","6.00","","","","18.00","","6.00","","","","45.00","27.00","18","18.00","","","","","","","","","","","","","","","","","","","","","","","","","","","","6.00","1","","","","2.14","","","","2.75","8.50"
"KC","Kimmeridge Clay Formation","KC_UW","Undefined","207","Silty sandy CLAY","Very stiff dark grey slightly sandy CLAY with trace partings and lenses of silty fine sand <0.5mm and rare ammonite shell fragments. Indistinctly fissile in part. (KIMMERIDGE CLAY)","Kimmeridge Clay Formation","","","BH56","6.00","U","4","","6.45","6.00","","","","18.00","","6.00","","","","45.00","27.00","18","18.00","","","","","","","","","","","","","","","","","","","","","","","","","","","","6.00","2","","","","2.12","","","","2.75","8.50"
"KC","Kimmeridge Clay Formation","KC_UW","Undefined","207","Silty sandy CLAY","Very stiff dark grey slightly sandy CLAY with trace partings and lenses of silty fine sand <0.5mm and rare ammonite shell fragments. Indistinctly fissile in part. (KIMMERIDGE CLAY)","Kimmeridge Clay Formation","","","BH56","6.00","U","4","","6.45","6.00","","","","18.00","","6.00","","","","45.00","27.00","18","18.00","","","","","","","","","","","","","","","","","","","","","","","","","","","","6.00","3","","","","2.12","","","","2.75","8.50"
"KC","Kimmeridge Clay Formation","KC_UW","Undefined","207","Silty sandy CLAY","Very stiff dark grey slightly sandy CLAY with trace partings and lenses of silty fine sand <0.5mm and rare ammonite shell fragments. Indistinctly fissile in part. (KIMMERIDGE CLAY)","Kimmeridge Clay Formation","","","BH56","8.00","U","5","","8.45","8.00","","","","21.00","","8.00","","","","46.00","27.00","19","19.00","","","","","","","","","","","","","","","","","","","","","","","","","","","","8.00","1","","","","2.08","","","","2.75","8.50"
"KC","Kimmeridge Clay Formation","KC_UW","Undefined","207","Silty sandy CLAY","Very stiff dark grey slightly sandy CLAY with trace partings and lenses of silty fine sand <0.5mm and rare ammonite shell fragments. Indistinctly fissile in part. (KIMMERIDGE CLAY)","Kimmeridge Clay Formation","","","BH56","8.00","U","5","","8.45","8.00","","","","21.00","","8.00","","","","46.00","27.00","19","19.00","","","","","","","","","","","","","","","","","","","","","","","","","","","","8.00","2","","","","2.09","","","","2.75","8.50"
"KC","Kimmeridge Clay Formation","KC_UW","Undefined","207","Silty sandy CLAY","Very stiff dark grey slightly sandy CLAY with trace partings and lenses of silty fine sand <0.5mm and rare ammonite shell fragments. Indistinctly fissile in part. (KIMMERIDGE CLAY)","Kimmeridge Clay Formation","","","BH56","8.00","U","5","","8.45","8.00","","","","21.00","","8.00","","","","46.00","27.00","19","19.00","","","","","","","","","","","","","","","","","","","","","","","","","","","","8.00","3","","","","2.06","","","","2.75","8.50"
"KC","Kimmeridge Clay Formation","KC_W","Undefined","203","Sandy CLAY","Very stiff brown, orange brown mottled grey CLAY with frequent irregular pockets up to 5mm of selenite sand. (KIMMERIDGE CLAY)","Kimmeridge Clay Formation","","","BH56","2.50","U","1","","2.95","2.50","","","","18.00","","2.50","","","","40.00","23.00","17","17.00","","","","","2.50","","","","","1.00","74.00","25.00","0.00","","","","","","","","","","","","","","","2.50","1","","","","2.11","","","","2.00","2.75"
"KC","Kimmeridge Clay Formation","KC_W","Undefined","203","Sandy CLAY","Very stiff brown, orange brown mottled grey CLAY with frequent irregular pockets up to 5mm of selenite sand. (KIMMERIDGE CLAY)","Kimmeridge Clay Formation","","","BH56","2.50","U","1","","2.95","2.50","","","","18.00","","2.50","","","","40.00","23.00","17","17.00","","","","","2.50","","","","","1.00","74.00","25.00","0.00","","","","","","","","","","","","","","","2.50","2","","","","2.12","","","","2.00","2.75"
"KC","Kimmeridge Clay Formation","KC_W","Undefined","203","Sandy CLAY","Very stiff brown, orange brown mottled grey CLAY with frequent irregular pockets up to 5mm of selenite sand. (KIMMERIDGE CLAY)","Kimmeridge Clay Formation","","","BH56","2.50","U","1","","2.95","2.50","","","","18.00","","2.50","","","","40.00","23.00","17","17.00","","","","","2.50","","","","","1.00","74.00","25.00","0.00","","","","","","","","","","","","","","","2.50","3","","","","2.12","","","","2.00","2.75"
"KC","Kimmeridge Clay Formation","KC_UW","Undefined","201","CLAY","Firm to stiff extremely to very closely fissured poorly laminated to very thinly bedded dark grey CLAY with frequent shell fragments. With depth fissuring tends to sub-horizontal and sub-vertical tabular occasionally smooth polished. (KIMMERIDGE CLAY)","Kimmeridge Clay Formation","","","TP02","4.00","B","5","","","4.00","","","","28.00","","4.00","","","","61.00","38.00","23","23.00","","","","","","","","","","","","","","","","4.00","","","","2.65","","","","","","","","4.00","1","","","","1.94","","","","3.20","4.30"
"KC","Kimmeridge Clay Formation","KC_UW","Undefined","201","CLAY","Firm to stiff extremely to very closely fissured poorly laminated to very thinly bedded dark grey CLAY with frequent shell fragments. With depth fissuring tends to sub-horizontal and sub-vertical tabular occasionally smooth polished. (KIMMERIDGE CLAY)","Kimmeridge Clay Formation","","","TP02","4.00","B","5","","","4.00","","","","28.00","","4.00","","","","61.00","38.00","23","23.00","","","","","","","","","","","","","","","","4.00","","","","2.65","","","","","","","","4.00","2","","","","1.94","","","","3.20","4.30"
"KC","Kimmeridge Clay Formation","KC_UW","Undefined","201","CLAY","Firm to stiff extremely to very closely fissured poorly laminated to very thinly bedded dark grey CLAY with frequent shell fragments. With depth fissuring tends to sub-horizontal and sub-vertical tabular occasionally smooth polished. (KIMMERIDGE CLAY)","Kimmeridge Clay Formation","","","TP02","4.00","B","5","","","4.00","","","","28.00","","4.00","","","","61.00","38.00","23","23.00","","","","","","","","","","","","","","","","4.00","","","","2.65","","","","","","","","4.00","3","","","","1.94","","","","3.20","4.30"
"KC","Kimmeridge Clay Formation","KC_UW","Undefined","201","CLAY","Firm to stiff extremely to very closely fissured poorly laminated to very thinly bedded dark grey CLAY with frequent shell fragments. With depth fissuring tends to sub-horizontal and sub-vertical tabular occasionally smooth polished. (KIMMERIDGE CLAY)","Kimmeridge Clay Formation","","","TP02","4.00","D","6","","","4.00","","","","28.00","","","","","","","","","","","","","","","","","","","","","","","","","","","","","","","","","","","","","","","","","","","","","","3.20","4.30"
"KC","Kimmeridge Clay Formation","KC_W","Undefined","201","CLAY","Firm to stiff extremely closely fissured dark grey and dark grey brown poorly laminated CLAY with trace to frequent shell fragments including ammonites. Sub-horizontal fissility occasionally smooth polished. (KIMMERIDGE CLAY)","Kimmeridge Clay Formation","","","TP02","2.00","B","2","","","2.00","","","","33.00","","2.00","","","","67.00","40.00","27","27.00","","","","","","","","","","","","","","","","2.00","","","","2.65","","","","","","","","2.00","1","","","","1.86","","","","1.95","3.20"
"KC","Kimmeridge Clay Formation","KC_W","Undefined","201","CLAY","Firm to stiff extremely closely fissured dark grey and dark grey brown poorly laminated CLAY with trace to frequent shell fragments including ammonites. Sub-horizontal fissility occasionally smooth polished. (KIMMERIDGE CLAY)","Kimmeridge Clay Formation","","","TP02","2.00","B","2","","","2.00","","","","33.00","","2.00","","","","67.00","40.00","27","27.00","","","","","","","","","","","","","","","","2.00","","","","2.65","","","","","","","","2.00","2","","","","1.66","","","","1.95","3.20"
"KC","Kimmeridge Clay Formation","KC_W","Undefined","201","CLAY","Firm to stiff extremely closely fissured dark grey and dark grey brown poorly laminated CLAY with trace to frequent shell fragments including ammonites. Sub-horizontal fissility occasionally smooth polished. (KIMMERIDGE CLAY)","Kimmeridge Clay Formation","","","TP02","2.00","B","2","","","2.00","","","","33.00","","2.00","","","","67.00","40.00","27","27.00","","","","","","","","","","","","","","","","2.00","","","","2.65","","","","","","","","2.00","3","","","","1.66","","","","1.95","3.20"
"KC","Kimmeridge Clay Formation","KC_W","Undefined","201","CLAY","Firm to stiff extremely closely fissured dark grey and dark grey brown poorly laminated CLAY with trace to frequent shell fragments including ammonites. Sub-horizontal fissility occasionally smooth polished. (KIMMERIDGE CLAY)","Kimmeridge Clay Formation","","","TP02","2.00","D","3","","","2.00","","","","32.00","","","","","","","","","","","","","","","","","","","","","","","","","","","","","","","","","","","","","","","","","","","","","","1.95","3.20"
"KC","Kimmeridge Clay Formation","KC_W","Undefined","201","CLAY","Firm to stiff extremely closely fissured dark grey and dark grey brown poorly laminated CLAY with trace to frequent shell fragments including ammonites. Sub-horizontal fissility occasionally smooth polished. (KIMMERIDGE CLAY)","Kimmeridge Clay Formation","","","TP02","3.00","B","3","","","3.00","","","","37.00","","3.00","","","","68.00","39.00","29","29.00","","","","","","","","","","","","","","","","","","","","","","","","","","","","3.00","1","","","","1.81","","","","1.95","3.20"
"KC","Kimmeridge Clay Formation","KC_W","Undefined","201","CLAY","Firm to stiff extremely closely fissured dark grey and dark grey brown poorly laminated CLAY with trace to frequent shell fragments including ammonites. Sub-horizontal fissility occasionally smooth polished. (KIMMERIDGE CLAY)","Kimmeridge Clay Formation","","","TP02","3.00","B","3","","","3.00","","","","37.00","","3.00","","","","68.00","39.00","29","29.00","","","","","","","","","","","","","","","","","","","","","","","","","","","","3.00","2","","","","1.80","","","","1.95","3.20"
"KC","Kimmeridge Clay Formation","KC_W","Undefined","201","CLAY","Firm to stiff extremely closely fissured dark grey and dark grey brown poorly laminated CLAY with trace to frequent shell fragments including ammonites. Sub-horizontal fissility occasionally smooth polished. (KIMMERIDGE CLAY)","Kimmeridge Clay Formation","","","TP02","3.00","B","3","","","3.00","","","","37.00","","3.00","","","","68.00","39.00","29","29.00","","","","","","","","","","","","","","","","","","","","","","","","","","","","3.00","3","","","","1.81","","","","1.95","3.20"
"KC","Kimmeridge Clay Formation","KC_W","Undefined","201","CLAY","Firm to stiff extremely closely fissured dark grey and dark grey brown poorly laminated CLAY with trace to frequent shell fragments including ammonites. Sub-horizontal fissility occasionally smooth polished. (KIMMERIDGE CLAY)","Kimmeridge Clay Formation","","","TP02","3.00","D","4","","","3.00","","","","34.00","","","","","","","","","","","","","","","","","","","","","","","","","","","","","","","","","","","","","","","","","","","","","","1.95","3.20"
"KC","Kimmeridge Clay Formation","KC_W","Undefined","201","CLAY","Very stiff indistinctly fissile and very closely fissured dark grey slightly bituminous CLAY with rare irridescent bivalve and ammonite shell fragments. Fissures sub- vertical and inclined planar smooth. (KIMMERIDGE CLAY)","Kimmeridge Clay Formation","","","BH58","9.50","U","6","","9.95","9.50","","","","24.00","","9.50","","","","56.00","31.00","25","25.00","","","","","9.50","","","","","34.00","59.00","6.00","1.00","","","","","","","","","","","","","","","9.50","1","","","","2.01","","","","9.00","10.00"
"KC","Kimmeridge Clay Formation","KC_W","Undefined","201","CLAY","Very stiff indistinctly fissile and very closely fissured dark grey slightly bituminous CLAY with rare irridescent bivalve and ammonite shell fragments. Fissures sub- vertical and inclined planar smooth. (KIMMERIDGE CLAY)","Kimmeridge Clay Formation","","","BH58","9.50","U","6","","9.95","9.50","","","","24.00","","9.50","","","","56.00","31.00","25","25.00","","","","","9.50","","","","","34.00","59.00","6.00","1.00","","","","","","","","","","","","","","","9.50","2","","","","2.01","","","","9.00","10.00"
"KC","Kimmeridge Clay Formation","KC_W","Undefined","201","CLAY","Very stiff indistinctly fissile and very closely fissured dark grey slightly bituminous CLAY with rare irridescent bivalve and ammonite shell fragments. Fissures sub- vertical and inclined planar smooth. (KIMMERIDGE CLAY)","Kimmeridge Clay Formation","","","BH58","9.50","U","6","","9.95","9.50","","","","24.00","","9.50","","","","56.00","31.00","25","25.00","","","","","9.50","","","","","34.00","59.00","6.00","1.00","","","","","","","","","","","","","","","9.50","3","","","","1.99","","","","9.00","10.00"
"KC","Kimmeridge Clay Formation","KC_UW","Undefined","201","CLAY","Stiff very closely irregularly fissured dark grey CLAY with extremely close horizontal to fissility and trace shell fragments. (KIMMERIDGE CLAY)","Kimmeridge Clay Formation","","","BH18","5.40","C","3","","6.20","5.40","","","","21.00","","5.40","","","","52.00","32.00","20","20.00","","","","","","","","","","","","","","","","","","","","","","","","","","","","5.40","1","","","","2.05","","","","5.36","7.18"
"KC","Kimmeridge Clay Formation","KC_UW","Undefined","201","CLAY","Stiff very closely irregularly fissured dark grey CLAY with extremely close horizontal to fissility and trace shell fragments. (KIMMERIDGE CLAY)","Kimmeridge Clay Formation","","","BH18","5.40","C","3","","6.20","5.40","","","","21.00","","5.40","","","","52.00","32.00","20","20.00","","","","","","","","","","","","","","","","","","","","","","","","","","","","5.40","2","","","","2.08","","","","5.36","7.18"
"KC","Kimmeridge Clay Formation","KC_UW","Undefined","201","CLAY","Stiff very closely irregularly fissured dark grey CLAY with extremely close horizontal to fissility and trace shell fragments. (KIMMERIDGE CLAY)","Kimmeridge Clay Formation","","","BH18","5.40","C","3","","6.20","5.40","","","","21.00","","5.40","","","","52.00","32.00","20","20.00","","","","","","","","","","","","","","","","","","","","","","","","","","","","5.40","3","","","","2.17","","","","5.36","7.18"
"KC","Kimmeridge Clay Formation","KC_UW","Undefined","201","CLAY","Stiff very closely irregularly fissured dark grey CLAY with extremely close horizontal to fissility and trace shell fragments. (KIMMERIDGE CLAY)","Kimmeridge Clay Formation","","","BH18","6.30","C","4","","9.30","6.30","","","","29.00","","6.30","","","","60.00","37.00","23","23.00","","","","","","","","","","","","","","","","","","","","","","","","","","","","6.30","1","","","","1.95","","","","5.36","7.18"
"KC","Kimmeridge Clay Formation","KC_UW","Undefined","201","CLAY","Stiff very closely irregularly fissured dark grey CLAY with extremely close horizontal to fissility and trace shell fragments. (KIMMERIDGE CLAY)","Kimmeridge Clay Formation","","","BH18","6.30","C","4","","9.30","6.30","","","","29.00","","6.30","","","","60.00","37.00","23","23.00","","","","","","","","","","","","","","","","","","","","","","","","","","","","6.30","2","","","","1.96","","","","5.36","7.18"
"KC","Kimmeridge Clay Formation","KC_UW","Undefined","201","CLAY","Stiff very closely irregularly fissured dark grey CLAY with extremely close horizontal to fissility and trace shell fragments. (KIMMERIDGE CLAY)","Kimmeridge Clay Formation","","","BH18","6.30","C","4","","9.30","6.30","","","","29.00","","6.30","","","","60.00","37.00","23","23.00","","","","","","","","","","","","","","","","","","","","","","","","","","","","6.30","3","","","","1.94","","","","5.36","7.18"
"KC","Kimmeridge Clay Formation","KC_UW","Undefined","202","Silty CLAY","Very stiff very closely fissured dark grey very silty CLAY with frequent to abundant shell fragments. slightly bituminous and tending to bituminous mudstone in places. (KIMMERIDGE CLAY)","Kimmeridge Clay Formation","","","BH18","14.35","C","5","","15.20","14.35","","","","26.00","","14.35","","","","54.00","34.00","20","20.00","","","","","","","","","","","","","","","","","","","","","","","","","","","","14.35","1","","","","2.03","","","","13.80","15.55"
"KC","Kimmeridge Clay Formation","KC_UW","Undefined","202","Silty CLAY","Very stiff very closely fissured dark grey very silty CLAY with frequent to abundant shell fragments. slightly bituminous and tending to bituminous mudstone in places. (KIMMERIDGE CLAY)","Kimmeridge Clay Formation","","","BH18","14.35","C","5","","15.20","14.35","","","","26.00","","14.35","","","","54.00","34.00","20","20.00","","","","","","","","","","","","","","","","","","","","","","","","","","","","14.35","2","","","","1.99","","","","13.80","15.55"
"KC","Kimmeridge Clay Formation","KC_UW","Undefined","202","Silty CLAY","Very stiff very closely fissured dark grey very silty CLAY with frequent to abundant shell fragments. slightly bituminous and tending to bituminous mudstone in places. (KIMMERIDGE CLAY)","Kimmeridge Clay Formation","","","BH18","14.35","C","5","","15.20","14.35","","","","26.00","","14.35","","","","54.00","34.00","20","20.00","","","","","","","","","","","","","","","","","","","","","","","","","","","","14.35","3","","","","1.99","","","","13.80","15.55"
"KC","Kimmeridge Clay Formation","KC_UW","Undefined","201","CLAY","Stiff to very stiff very closely irregularly fissured dark grey slightly bituminous CLAY with faint horizontal fissility. (KIMMERIDGE CLAY)","Kimmeridge Clay Formation","","","BH35","14.00","D","10","","","14.00","","","","17.00","","","","","","","","","","","","","","","","","","","","","","","","","","","","","","","","","","","","","","","","","","","","","","13.80","15.85"
"KC","Kimmeridge Clay Formation","KC_UW","Undefined","201","CLAY","Stiff to very stiff very closely irregularly fissured dark grey slightly bituminous CLAY with faint horizontal fissility. (KIMMERIDGE CLAY)","Kimmeridge Clay Formation","","","BH35","15.00","D","11","","","15.00","","","","20.00","","","","","","","","","","","","","","","","","","","","","","","","","","","","","","","","","","","","","","","","","","","","","","13.80","15.85"
"KC","Kimmeridge Clay Formation","KC_UW","Undefined","201","CLAY","Stiff to very stiff very closely irregularly fissured dark grey sligthly bituminous CLAY with extremely close horizontal fissility. (KIMMERIDGE CLAY)","Kimmeridge Clay Formation","","","BH35","16.00","D","12","","","16.00","","","","22.00","","16.00","","","","51.00","32.00","19","19.00","","","","","","","","","","","","","","","","","","","","","","","","","","","","","","","","","","","","","16.00","16.72"
"KC","Kimmeridge Clay Formation","KC_UW","Undefined","201","CLAY","Very stiff extremly closely fissured dark grey black bituminous CLAY with extremely close horizontal fissility and trace to frequent shell fragments and closely spaced very thin beds of bituminous mudstone. (KIMMERIDGE CLAY) ","Kimmeridge Clay Formation","","","BH35","27.00","D","23","","","27.00","","","","27.00","","","","","","","","","","","","","","","","","","","","","","","","","","","","","","","","","","","","","","","","","","","","","","26.70","27.60"
"KC","Kimmeridge Clay Formation","KC_UW","Undefined","201","CLAY","Very stiff locally very closely fissured dark grey CLAY with extremely close horizontal fissility (bedding trend) and trace shell fragments. (KIMMERIDGE CLAY)","Kimmeridge Clay Formation","","","BH35","35.00","D","31","","","35.00","","","","23.00","","","","","","","","","","","","","","","","","","","","","","","","","","","","","","","","","","","","","","","","","","","","","","34.55","38.40"
"KC","Kimmeridge Clay Formation","KC_UW","Undefined","201","CLAY","Very stiff locally very closely fissured dark grey CLAY with extremely close horizontal fissility (bedding trend) and trace shell fragments. (KIMMERIDGE CLAY)","Kimmeridge Clay Formation","","","BH35","36.00","D","32","","","36.00","","","","24.00","","","","","","","","","","","","","","","","","","","","","","","","","","","","","","","","","","","","","","","","","","","","","","34.55","38.40"
"KC","Kimmeridge Clay Formation","KC_UW","Undefined","201","CLAY","Very stiff locally very closely fissured dark grey CLAY with extremely close horizontal fissility (bedding trend) and trace shell fragments. (KIMMERIDGE CLAY)","Kimmeridge Clay Formation","","","BH35","37.00","D","33","","","37.00","","","","20.00","","37.00","","","","42.00","24.00","18","18.00","","","","","","","","","","","","","","","","","","","","","","","","","","","","","","","","","","","","","34.55","38.40"
"KC","Kimmeridge Clay Formation","KC_UW","Undefined","201","CLAY","Very stiff locally very closely fissured dark grey CLAY with extremely close horizontal fissility (bedding trend) and trace shell fragments. (KIMMERIDGE CLAY)","Kimmeridge Clay Formation","","","BH35","38.00","D","34","","","38.00","","","","18.00","","","","","","","","","","","","","","","","","","","","","","","","","","","","","","","","","","","","","","","","","","","","","","34.55","38.40"
"KC","Kimmeridge Clay Formation","KC_UW","Undefined","201","CLAY","Very stiff very closely irregularly fissured dark grey black bituminous CLAY with trace shell fragments and extremely close horizontal fissility and occasional very thin to thin beds of bituminous mudstone. (KIMMERIDGE CLAY) ","Kimmeridge Clay Formation","","","BH35","30.00","D","26","","","30.00","","","","31.00","","","","","","","","","","","","","","","","","","","","","","","","","","","","","","","","","","","","","","","","","","","","","","29.05","30.49"
"KC","Kimmeridge Clay Formation","KC_UW","Undefined","202","Silty CLAY","Firm to stiff very closely irregularly fissured grey very silty CLAY with trace shell fragments and extremely close horizontal fissility (bedding trend) (KIMMERIDGE CLAY) ","Kimmeridge Clay Formation","","","BH35","7.00","D","3","","","7.00","","","","20.00","","7.00","","","","51.00","28.00","23","23.00","","","","","","","","","","","","","","","","","","","","","","","","","","","","","","","","","","","","","6.40","7.84"
"KC","Kimmeridge Clay Formation","KC_UW","Undefined","202","Silty CLAY","Stiff to very stiff occasionally closely irregularly fissured dark grey very silty slightly bituminous CLAY with frequent to abundant shell fragments and extremely close horizontal fissility and occasional very thin beds of bituminous mudstone. (KIMMERIDGE CLAY) ","Kimmeridge Clay Formation","","","BH35","31.00","D","27","","","31.00","","","","20.00","","31.00","","","","42.00","21.00","21","21.00","","","","","","","","","","","","","","","","","","","","","","","","","","","","","","","","","","","","","30.49","32.70"
"KC","Kimmeridge Clay Formation","KC_UW","Undefined","202","Silty CLAY","Stiff to very stiff occasionally closely irregularly fissured dark grey very silty slightly bituminous CLAY with frequent to abundant shell fragments and extremely close horizontal fissility and occasional very thin beds of bituminous mudstone. (KIMMERIDGE CLAY) ","Kimmeridge Clay Formation","","","BH35","32.00","D","28","","","32.00","","","","29.00","","","","","","","","","","","","","","","","","","","","","","","","","","","","","","","","","","","","","","","","","","","","","","30.49","32.70"
"KC","Kimmeridge Clay Formation","KC_UW","Undefined","202","Silty CLAY","Stiff to very stiff very closely irregularly fissured dark grey black very silty bituminous CLAY with extremely close horizontal fissility and frequent shell fragments. (KIMMERIDGE CLAY)","Kimmeridge Clay Formation","","","BH35","25.00","D","21","","","25.00","","","","23.00","","25.00","","","","53.00","31.00","22","22.00","","","","","","","","","","","","","","","","","","","","","","","","","","","","","","","","","","","","","24.80","26.59"
"KC","Kimmeridge Clay Formation","KC_UW","Undefined","202","Silty CLAY","Stiff to very stiff very closely irregularly fissured dark grey black very silty bituminous CLAY with extremely close horizontal fissility and frequent shell fragments. (KIMMERIDGE CLAY)","Kimmeridge Clay Formation","","","BH35","26.00","D","22","","","26.00","","","","22.00","","","","","","","","","","","","","","","","","","","","","","","","","","","","","","","","","","","","","","","","","","","","","","24.80","26.59"
"KC","Kimmeridge Clay Formation","KC_UW","Undefined","202","Silty CLAY","Stiff to very stiff very closely irregularly fissured dark grey very silty CLAY with faint horizontal extremely close fissility (bedding trend) and trace to frequent shell fragments. (KIMMERIDGE CLAY) ","Kimmeridge Clay Formation","","","BH35","23.90","D","20","","","23.90","","","","17.00","","","","","","","","","","","","","","","","","","","","","","","","","","","","","","","","","","","","","","","","","","","","","","23.70","24.80"
"KC","Kimmeridge Clay Formation","KC_UW","Undefined","202","Silty CLAY","Stiff to very stiff very closely irregularly fissured dark grey very silty CLAY with faint horizontal extremely close fissility and trace shell fragments (bedding trend). (KIMMERIDGE CLAY) ","Kimmeridge Clay Formation","","","BH35","21.00","D","17","","","21.00","","","","19.00","","","","","","","","","","","","","","","","","","","","","","","","","","","","","","","","","","","","","","","","","","","","","","21.00","23.58"
"KC","Kimmeridge Clay Formation","KC_UW","Undefined","202","Silty CLAY","Stiff to very stiff very closely irregularly fissured dark grey very silty CLAY with faint horizontal extremely close fissility and trace shell fragments (bedding trend). (KIMMERIDGE CLAY) ","Kimmeridge Clay Formation","","","BH35","22.00","D","18","","","22.00","","","","22.00","","22.00","","","","55.00","34.00","21","21.00","","","","","","","","","","","","","","","","","","","","","","","","","","","","","","","","","","","","","21.00","23.58"
"KC","Kimmeridge Clay Formation","KC_UW","Undefined","202","Silty CLAY","Stiff to very stiff very closely irregularly fissured dark grey very silty CLAY with faint horizontal extremely close fissility and trace shell fragments (bedding trend). (KIMMERIDGE CLAY) ","Kimmeridge Clay Formation","","","BH35","23.00","D","19","","","23.00","","","","21.00","","","","","","","","","","","","","","","","","","","","","","","","","","","","","","","","","","","","","","","","","","","","","","21.00","23.58"
"KC","Kimmeridge Clay Formation","KC_UW","Undefined","202","Silty CLAY","Stiff very closely irregularly fissured very silty dark grey CLAY with faint extremely close horizontal fissility and occasional Laminations of silt and rare shell fragments. (KIMMERIDGE CLAY) ","Kimmeridge Clay Formation","","","BH35","10.00","D","5","","","10.00","","","","19.00","","10.00","","","","42.00","24.00","18","18.00","","","","","","","","","","","","","","","","","","","","","","","","","","","","","","","","","","","","","10.00","12.82"
"KC","Kimmeridge Clay Formation","KC_UW","Undefined","202","Silty CLAY","Stiff very closely irregularly fissured very silty dark grey CLAY with faint extremely close horizontal fissility and occasional Laminations of silt and rare shell fragments. (KIMMERIDGE CLAY) ","Kimmeridge Clay Formation","","","BH35","11.00","C","6","","12.00","11.00","","","","19.00","","11.00","","","","42.00","24.00","18","18.00","","","","","11.00","","","","","17.00","73.00","9.00","1.00","","","11.00","","","","2.72","","","","","","","","","","","","","","","","","10.00","12.82"
"KC","Kimmeridge Clay Formation","KC_UW","Undefined","202","Silty CLAY","Stiff very closely irregularly fissured very silty dark grey CLAY with faint extremely close horizontal fissility and occasional Laminations of silt and rare shell fragments. (KIMMERIDGE CLAY) ","Kimmeridge Clay Formation","","","BH35","11.00","D","6","","","11.00","","","","24.00","","","","","","","","","","","","","","","","","","","","","","","","","","","","","","","","","","","","","","","","","","","","","","10.00","12.82"
"KC","Kimmeridge Clay Formation","KC_UW","Undefined","202","Silty CLAY","Stiff very closely irregularly fissured very silty dark grey CLAY with faint extremely close horizontal fissility and occasional Laminations of silt and rare shell fragments. (KIMMERIDGE CLAY) ","Kimmeridge Clay Formation","","","BH35","11.20","D","7","","","","","","","","","","","","","","","","","","","","","11.20","","","","","17.00","73.00","9.00","1.00","","","","","","","","","","","","","","","","","","","","","","","","10.00","12.82"
"KC","Kimmeridge Clay Formation","KC_UW","Undefined","202","Silty CLAY","Stiff very closely irregularly fissured very silty dark grey CLAY with faint extremely close horizontal fissility and occasional Laminations of silt and rare shell fragments. (KIMMERIDGE CLAY) ","Kimmeridge Clay Formation","","","BH35","12.00","D","8","","","12.00","","","","24.00","","","","","","","","","","","","","","","","","","","","","","","","","","","","","","","","","","","","","","","","","","","","","","10.00","12.82"
"KC","Kimmeridge Clay Formation","KC_UW","Undefined","202","Silty CLAY","Stiff very closely irregularly, fissured grey very silty CLAY with faint horizontal extremely close fissility and trace shell fragments. (KIMMERIDGE CLAY) ","Kimmeridge Clay Formation","","","BH35","13.00","D","9","","","13.00","","","","21.00","","13.00","","","","46.00","28.00","18","18.00","","","","","","","","","","","","","","","","","","","","","","","","","","","","","","","","","","","","","13.00","13.80"
"KC","Kimmeridge Clay Formation","KC_UW","Undefined","202","Silty CLAY","Very stiff closely irregularly fissured dark grey brown bituminous very silty CLAY tending to bituminous mudstone in places with frequent shell fragments and prominant horizontal fissility (bedding trend) (KIMMERIDGE CLAY) ","Kimmeridge Clay Formation","","","BH35","19.00","D","16","","","19.00","","","","27.00","","19.00","","","","59.00","33.00","26","26.00","","","","","","","","","","","","","","","","","","","","","","","","","","","","","","","","","","","","","19.00","19.47"
"KC","Kimmeridge Clay Formation","KC_UW","Undefined","202","Silty CLAY","Very stiff closely irregularly fissured dark grey brown bituminous very silty CLAY tending to bituminous mudstone in places with frequent shell fragments and prominant horizontal fissility. (KIMMERIDGE CLAY) ","Kimmeridge Clay Formation","","","BH35","17.00","C","13","","18.00","17.00","","","","27.00","","17.00","","","","59.00","33.00","26","26.00","","","","","","","","","","","","","","","","17.00","","","","2.59","","","","","","","","","","","","","","","","","16.72","18.90"
"KC","Kimmeridge Clay Formation","KC_UW","Undefined","202","Silty CLAY","Very stiff closely irregularly fissured dark grey brown bituminous very silty CLAY tending to bituminous mudstone in places with frequent shell fragments and prominant horizontal fissility. (KIMMERIDGE CLAY) ","Kimmeridge Clay Formation","","","BH35","17.00","D","14","","","17.00","","","","23.00","","","","","","","","","","","","","","","","","","","","","","","","","","","","","","","","","","","","","","","","","","","","","","16.72","18.90"
"KC","Kimmeridge Clay Formation","KC_UW","Undefined","202","Silty CLAY","Very stiff closely irregularly fissured dark grey brown bituminous very silty CLAY tending to bituminous mudstone in places with frequent shell fragments and prominant horizontal fissility. (KIMMERIDGE CLAY) ","Kimmeridge Clay Formation","","","BH35","18.00","D","15","","","18.00","","","","27.00","","","","","","","","","","","","","","","","","","","","","","","","","","","","","","","","","","","","","","","","","","","","","","16.72","18.90"
"KC","Kimmeridge Clay Formation","KC_UW","Undefined","202","Silty CLAY","Very stiff very closely highly polished irregularly fissured slightly bituminous dark grey very silty CLAY with trace to frequent shell fragments and extremely close horizontal fissility (bedding trend) (KIMMERIDGE CLAY) ","Kimmeridge Clay Formation","","","BH35","39.00","D","35","","","39.00","","","","29.00","","","","","","","","","","","","","","","","","","","","","","","","","","","","","","","","","","","","","","","","","","","","","","38.40","40.02"
"KC","Kimmeridge Clay Formation","KC_UW","Undefined","202","Silty CLAY","Very stiff very closely highly polished irregularly fissured slightly bituminous dark grey very silty CLAY with trace to frequent shell fragments and extremely close horizontal fissility (bedding trend) (KIMMERIDGE CLAY) ","Kimmeridge Clay Formation","","","BH35","40.00","D","36","","","40.00","","","","30.00","","40.00","","","","61.00","34.00","27","27.00","","","","","","","","","","","","","","","","","","","","","","","","","","","","","","","","","","","","","38.40","40.02"
"KC","Kimmeridge Clay Formation","KC_UW","Undefined","207","Silty sandy CLAY","Stiff very closely irregularly fissured dark grey very silty very sandy CLAY with faint horizontal fissility and trace shell fragments and and frequent impersistent Laminations and bands of silty fine sand. (KIMMERIDGE CLAY)","Kimmeridge Clay Formation","","","BH35","8.80","D","4","","","8.80","","","","18.00","","","","","","","","","","","","","","","","","","","","","","","","","","","","","","","","","","","","","","","","","","","","","","8.18","9.13"
"KC","Kimmeridge Clay Formation","KC_UW","Undefined","801","MUDSTONE","Dark grey brown occasionally slightly closely fissured very silty bituminous MUDSTONE weak to very weak with trace to frequent shell fragments and extremely close horizontal fissility (bedding trend) (KIMMERIDGE CLAY) ","Kimmeridge Clay Formation","","","BH35","33.00","D","29","","","33.00","","","","25.00","","","","","","","","","","","","","","","","","","","","","","","","","","","","","","","","","","","","","","","","","","","","","","32.75","34.55"
"KC","Kimmeridge Clay Formation","KC_UW","Undefined","801","MUDSTONE","Dark grey brown occasionally slightly closely fissured very silty bituminous MUDSTONE weak to very weak with trace to frequent shell fragments and extremely close horizontal fissility (bedding trend) (KIMMERIDGE CLAY) ","Kimmeridge Clay Formation","","","BH35","33.90","D","30","","","33.90","","","","23.00","","33.90","","","","53.00","28.00","25","25.00","","","","","","","","","","","","","","","","","","","","","","","","","","","","","","","","","","","","","32.75","34.55"
"KC","Kimmeridge Clay Formation","KC_UW","Undefined","801","MUDSTONE","Dark grey brown very silty bituminous MUDSTONE weak to very weak occasionally moderately weak with extremely close horizontal fissility and trace to frequent shell fragments and medium spaced thin beds of stiff grey brown silty clay. (KIMMERIDGE CLAY) ","Kimmeridge Clay Formation","","","BH35","28.00","D","24","","","28.00","","","","23.00","","28.00","","","","48.00","22.00","26","26.00","","","","","","","","","","","","","","","","","","","","","","","","","","","","","","","","","","","","","27.60","29.05"
"KC","Kimmeridge Clay Formation","KC_UW","Undefined","801","MUDSTONE","Dark grey brown very silty bituminous MUDSTONE weak to very weak occasionally moderately weak with extremely close horizontal fissility and trace to frequent shell fragments and medium spaced thin beds of stiff grey brown silty clay. (KIMMERIDGE CLAY) ","Kimmeridge Clay Formation","","","BH35","29.00","D","25","","","29.00","","","","27.00","","","","","","","","","","","","","","","","","","","","","","","","","","","","","","","","","","","","","","","","","","","","","","27.60","29.05"
"KC","Kimmeridge Clay Formation","KC_W","Undefined","201","CLAY","7) Firm and stiff fissured thinly laminated grey CLAY with occasional shell fragments. Fissures are extremely closely spaced randomly orientated. (KIMMERIDGE CLAY FORMATION)","Kimmeridge Clay","","","TP322","2.40","D","006","","","2.40","01","","Natural","21.00","","2.40","01","","","48.00","33.00","15","15.00","100.00","","","BS1377: Part 2: 1990: Clause 4.3 and 5","","","","","","","","","","","","","","","","","","","","","","","","","","","","","","","","","2.20","2.60"
"KC","Kimmeridge Clay Formation","KC_W","Undefined","201","CLAY","5) Stiff dark grey locally mottled orange CLAY with occasional shell fragments. (REWORKED KIMMERIDGE CLAY FORMATION)","Reworked Kimmeridge Clay","","","TP326","1.70","D","005","","","1.70","01","","Natural","26.00","","1.70","01","","","54.00","34.00","20","20.00","100.00","","","BS1377: Part 2: 1990: Clause 4.3 and 5","","","","","","","","","","","","","","","","","","","","","","","","","","","","","","","","","1.50","2.00"
"KC","Kimmeridge Clay Formation","KC_W","Undefined","220","Sandy gravelly CLAY","4) Stiff locally very stiff sheared brownish grey locally mottled orange slightly sandy slightly gravelly CLAY with occasional locally some pockets of white calcareous material (upto 40mm). Shears are widely spaced, polished and striated. (HEAD DEPOSITS)","Head","","","TP326","0.60","D","003","","","0.60","01","","Natural","16.00","","0.60","01","","","52.00","33.00","19","19.00","100.00","","","BS1377: Part 2: 1990: Clause 4.3 and 5","","","","","","","","","","","","","","","","","","","","","","","","","","","","","","","","","0.50","1.50"
"KC","Kimmeridge Clay Formation","KC_W","Undefined","220","Sandy gravelly CLAY","4) Stiff locally very stiff sheared brownish grey locally mottled orange slightly sandy slightly gravelly CLAY with occasional locally some pockets of white calcareous material (upto 40mm). Shears are widely spaced, polished and striated. (HEAD DEPOSITS)","Head","","","TP326","0.70","LB","004","","","","","","","","","","","","","","","","","","","","","0.70","01","","","","","","","","","","","","","","","","","","","","","","","","","","","","","","","0.50","1.50"
"KC","Kimmeridge Clay Formation","KC_W","Undefined","201","CLAY","6) Stiff fissured thinly laminated dark grey CLAY with rare shell fragments and rare brown staining. Fissures are extremely closely spaced randomly orientated. (KIMMERIDGE CLAY FORMATION)","Kimmeridge Clay","","","TP392F","2.80","B","005","","","","","","","","","","","","","","","","","","","","","2.80","01","","","","","","","","","","","","","","","","","","","","","","","","","","","","","","","2.60","2.90"
"KC","Kimmeridge Clay Formation","KC_W","Undefined","203","Sandy CLAY","4) Firm and stiff indistinctly fissured grey mottled orange slightly sandy CLAY with rare shell fragments and much orangish brown staining. (REWORKED KIMMERIDGE CLAY FORMATION)","Reworked Kimmeridge Clay","","","TP392F","1.70","D","003","","","1.70","01","","Natural","23.00","","1.70","01","","","43.00","27.00","16","16.00","100.00","","","BS1377: Part 2: 1990: Clause 4.3 and 5","","","","","","","","","","","","","","","","","","","","","","","","","","","","","","","","","1.30","1.95"
"KC","Kimmeridge Clay Formation","KC_W","Undefined","203","Sandy CLAY","4) Firm and stiff indistinctly fissured grey mottled orange slightly sandy CLAY with rare shell fragments and much orangish brown staining. (REWORKED KIMMERIDGE CLAY FORMATION)","Reworked Kimmeridge Clay","","","TP392F","1.80","LB","004","","","","","","","","","","","","","","","","","","","","","1.80","01","","","","","","","","","","","","","","","","","","","","","","","","","","","","","","","1.30","1.95"
"KC","Kimmeridge Clay Formation","KC_UW","Undefined","203","Sandy CLAY","8) Very stiff fissured thinly laminated slightly sandy CLAY with rare shell fragments and occasional phosphate nodules (upto 70mm). Fissures are extremely closely spaced randomly orientated. (KIMMERIDGE CLAY FORMATION)","Kimmeridge Clay","","","TP392E","2.30","D","005","","","2.30","01","","Natural","17.00","","2.30","01","","","42.00","28.00","14","14.00","100.00","","","BS1377: Part 2: 1990: Clause 4.3 and 5","","","","","","","","","","","","","","","","","","","","","","","","","","","","","","","","","2.25","3.75"
"KC","Kimmeridge Clay Formation","KC_UW","Undefined","201","CLAY","Stiff and very stiff fissured thinly laminated dark grey CLAY with rare partings of fine sand and silt and rare shell fragments. Fissures are extremely closely spaced randomly orientated. (KIMMERIDGE CLAY FORMATION)","Kimmeridge Clay","","","BH304","12.10","D","016","","","12.10","01","","Natural","24.00","","12.10","01","","","59.00","32.00","27","27.00","100.00","","","","","","","","","","","","","","","","","","","","","","","","","","","","","","","","","","","","10.70","13.71"
"KC","Kimmeridge Clay Formation","KC_UW","Undefined","997","Undetermined","Sample removed for testing.","Kimmeridge Clay","","","BH304","8.03","D","012","","","8.03","01","","Natural","13.00","","8.03","01","","","48.00","29.00","19","19.00","100.00","","","","","","","","","","","","","","","","","","","","","","","","","","","","","","","","","","","","7.73","8.12"
"KC","Kimmeridge Clay Formation","KC_UW","Undefined","997","Undetermined","Samples removed for testing.","Kimmeridge Clay","","","BH304","10.20","D","013","","","10.20","01","","Natural","25.00","","10.20","01","","","58.00","36.00","22","22.00","100.00","","","","","","","","","","","","","","","","","","","","","","","","","","","","","","","","","","","","10.20","10.70"
"KC","Kimmeridge Clay Formation","KC_W","Undefined","997","Undetermined","Samples removed for testing.","Kimmeridge Clay","","","BH304","2.95","D","005","","","2.95","01","","Natural","46.00","","2.95","01","","","78.00","46.00","32","32.00","100.00","","","","","","","","","","","","","","","","","","","","","","","","","","","","","","","","","","","","2.93","3.25"
"KC","Kimmeridge Clay Formation","KC_W","Undefined","997","Undetermined","Samples removed for testing.","Kimmeridge Clay","","","BH304","4.30","D","008","","","4.30","01","","Natural","32.00","","4.30","01","","","68.00","41.00","27","27.00","100.00","","","","","","","","","","","","","","","","","","","","","","","","","","","","","","","","","","","","4.00","4.40"
"KC","Kimmeridge Clay Formation","KC_W","Undefined","997","Undetermined","Samples removed for testing.","Kimmeridge Clay","","","BH304","5.90","D","009","","","5.90","01","","Natural","27.00","","5.90","01","","","63.00","39.00","24","24.00","100.00","","","","","","","","","","","","","","","","","","","","","","","","","","","","","","","","","","","","5.90","6.30"
"KC","Kimmeridge Clay Formation","KC_W","Undefined","997","Undetermined","Samples removed for testing.","Reworked Kimmeridge Clay","","","BH304","1.91","D","002","","","1.91","01","","Natural","40.00","","1.91","01","","","67.00","41.00","26","26.00","100.00","","","","","","","","","","","","","","","","","","","","","","","","","","","","","","","","","","","","1.60","2.10"
"KC","Kimmeridge Clay Formation","KC_UW","Undefined","201","CLAY","Stiff and very stiff fissured indistinctly thinly laminated dark grey CLAY with occasional locally some shell fragments. Fissures are extremely closely spaced randomly orientated. (KIMMERIDGE CLAY FORMATION)","Kimmeridge Clay","","","BH307","8.26","D","017","","","8.26","01","","Natural","32.00","","8.26","01","","","68.00","39.00","29","29.00","100.00","","","","","","","","","","","","","","","","","","","","","","","","","","","","","","","","","","","","8.10","8.95"
"KC","Kimmeridge Clay Formation","KC_UW","Undefined","201","CLAY","Very stiff indistinctly fissured indistinctly thinly laminated dark grey CLAY with some shell fragments. Fissures are extremely closely to closely spaced randomly orientated. (KIMMERIDGE CLAY FORMATION)","Kimmeridge Clay","","","BH307","3.00","D","003","","","3.00","01","","Wet sieve","27.00","","3.00","01","","","56.00","28.00","28","28.00","62.00","","","","","","","","","","","","","","","","","","","","","","","","","","","","","","","","","","","","3.00","4.17"
"KC","Kimmeridge Clay Formation","KC_UW","Undefined","997","Undetermined","Samples removed for testing","Kimmeridge Clay","","","BH307","4.42","CS","006","","4.52","4.42","01","","","29.00","","","","","","","","","","","","","","","","","","","","","","","","","4.42","02","","","2.56","Measured","","","","","","","","","","","","","","","","4.17","4.65"
"KC","Kimmeridge Clay Formation","KC_UW","Undefined","997","Undetermined","Samples removed for testing","Kimmeridge Clay","","","BH307","4.52","D","007","","","4.52","01","","Natural","25.00","","4.52","01","","","57.00","32.00","25","25.00","100.00","","","","","","","","","","","","","","","","","","","","","","","","","","","","","","","","","","","","4.17","4.65"
"KC","Kimmeridge Clay Formation","KC_UW","Undefined","997","Undetermined","Samples removed for testing","Kimmeridge Clay","","","BH307","5.40","D","010","","","5.40","01","","Natural","27.00","","5.40","01","","","58.00","23.00","35","35.00","100.00","","","","","","","","","","","","","","","","","","","","","","","","","","","","","","","","","","","","5.00","5.54"
"KC","Kimmeridge Clay Formation","KC_UW","Undefined","997","Undetermined","Samples removed for testing","Kimmeridge Clay","","","BH307","6.00","D","011","","","6.00","01","","Natural","26.00","","6.00","01","","","49.00","29.00","20","20.00","100.00","","","","","","","","","","","","","","","","","","","","","","","","","","","","","","","","","","","","6.00","6.34"
"KC","Kimmeridge Clay Formation","KC_UW","Undefined","997","Undetermined","Samples removed for testing","Kimmeridge Clay","","","BH307","7.36","CS","014","","7.46","7.36","01","","","22.00","","","","","","","","","","","","","","","","","","","","","","","","","7.36","02","","","2.71","Measured","","","","","","","","","","","","","","","","7.06","7.58"
"KC","Kimmeridge Clay Formation","KC_UW","Undefined","997","Undetermined","Samples removed for testing","Kimmeridge Clay","","","BH307","7.46","D","015","","","7.46","01","","Natural","23.00","","7.46","01","","","51.00","29.00","22","22.00","100.00","","","","","","","","","","","","","","","","","","","","","","","","","","","","","","","","","","","","7.06","7.58"
"KC","Kimmeridge Clay Formation","KC_UW","Undefined","997","Undetermined","Samples removed for testing.","Kimmeridge Clay","","","BH307","2.00","D","001","","","2.00","01","","Natural","37.00","","2.00","01","","","64.00","30.00","34","34.00","100.00","","","","","","","","","","","","","","","","","","","","","","","","","","","","","","","","","","","","2.00","2.31"
"KC","Kimmeridge Clay Formation","KC_UW","Undefined","997","Undetermined","Samples removed for testing.","Kimmeridge Clay","","","BH307","9.25","CS","020","","9.35","9.25","01","","","30.00","","","","","","","","","","","","","","","","","","","","","","","","","9.25","02","","","2.58","Measured","","","","","","","","","","","","","","","","8.95","9.47"
"KC","Kimmeridge Clay Formation","KC_UW","Undefined","997","Undetermined","Samples removed for testing.","Kimmeridge Clay","","","BH307","9.35","D","021","","","9.35","01","","Natural","30.00","","9.35","01","","","63.00","36.00","27","27.00","100.00","","","","","","","","","","","","","","","","","","","","","","","","","","","","","","","","","","","","8.95","9.47"
"KC","Kimmeridge Clay Formation","KC_UW","Undefined","997","Undetermined","Samples removed for testing.","Kimmeridge Clay","","","BH307","10.45","D","024","","","10.45","01","","Natural","28.00","","10.45","01","","","59.00","35.00","24","24.00","100.00","","","","","","","","","","","","","","","","","","","","","","","","","","","","","","","","","","","","10.05","10.55"
"KC","Kimmeridge Clay Formation","KC_UW","Undefined","997","Undetermined","Samples removed for testing.","Kimmeridge Clay","","","BH307","12.00","D","025","","","12.00","01","","Natural","30.00","","12.00","01","","","61.00","33.00","28","28.00","100.00","","","","","","","","","","","","","","","","","","","","","","","","","","","","","","","","","","","","12.00","12.50"
"KC","Kimmeridge Clay Formation","KC_UW","Undefined","997","Undetermined","Samples removed for testing.","Kimmeridge Clay","","","BH307","12.10","CS","026","","12.20","12.10","01","","","30.00","","","","","","","","","","","","","","","","","","","","","","","","","12.10","02","","","2.58","Measured","","","","","","","","","","","","","","","","12.00","12.50"
"KC","Kimmeridge Clay Formation","KC_UW","Undefined","997","Undetermined","Samples removed for testing.","Kimmeridge Clay","","","BH307","14.70","D","028","","","14.70","01","","Natural","21.00","","14.70","01","","","40.00","22.00","18","18.00","100.00","","","","","","","","","","","","","","","","","","","","","","","","","","","","","","","","","","","","14.70","14.89"
"KC","Kimmeridge Clay Formation","KC_UW","Undefined","997","Undetermined","Samples removed for testing.","Kimmeridge Clay","","","BH307","16.30","D","032","","","16.30","01","","Natural","25.00","","16.30","01","","","46.00","23.00","23","23.00","100.00","","","","","","","","","","","","","","","","","","","","","","","","","","","","","","","","","","","","16.00","16.49"
"KC","Kimmeridge Clay Formation","KC_UW","Undefined","997","Undetermined","Samples removed for testing.","Kimmeridge Clay","","","BH307","18.40","CS","035","","18.50","18.40","01","","","26.00","","","","","","","","","","","","","","","","","","","","","","","","","18.40","02","","","2.70","Measured","","","","","","","","","","","","","","","","18.10","18.64"
"KC","Kimmeridge Clay Formation","KC_UW","Undefined","997","Undetermined","Samples removed for testing.","Kimmeridge Clay","","","BH307","18.56","D","036","","","18.56","01","","Natural","28.00","","18.56","01","","","53.00","21.00","32","32.00","100.00","","","","","","","","","","","","","","","","","","","","","","","","","","","","","","","","","","","","18.10","18.64"
"KC","Kimmeridge Clay Formation","KC_UW","Undefined","201","CLAY","Stiff fissured thinly laminated dark grey CLAY with some shell fragments. Fissures are extremely closely spaced randomly orientated (KIMMERIDGE CLAY FORMATION).","Kimmeridge Clay","","","BH302","3.35","D","002","","","3.35","01","","Natural","40.00","","3.35","01","","","79.00","46.00","33","33.00","98.00","","","","","","","","","","","","","","","","","","","","","","","","","","","","","","","","","","","","2.60","5.44"
"KC","Kimmeridge Clay Formation","KC_UW","Undefined","201","CLAY","Stiff fissured thinly laminated dark grey CLAY with some shell fragments. Fissures are extremely closely spaced randomly orientated (KIMMERIDGE CLAY FORMATION).","Kimmeridge Clay","","","BH302","4.11","D","005","","","4.11","01","","Natural","37.00","","4.11","01","","","73.00","46.00","27","27.00","100.00","","","","","","","","","","","","","","","","","","","","","","","","","","","","","","","","","","","","2.60","5.44"
"KC","Kimmeridge Clay Formation","KC_UW","Undefined","201","CLAY","Stiff to very stiff fissured thinly laminated dark grey CLAY with occasional shell fragments. Fissures are extremely closely spaced randomly orientated (KIMMERIDGE CLAY FORMATION).","Kimmeridge Clay","","","BH302","10.12","D","010","","","10.12","01","","Natural","24.00","","10.12","01","","","46.00","25.00","21","21.00","100.00","","","","","","","","","","","","","","","","","","","","","","","","","","","","","","","","","","","","9.65","14.28"
"KC","Kimmeridge Clay Formation","KC_UW","Undefined","201","CLAY","Stiff to very stiff fissured thinly laminated dark grey CLAY with occasional shell fragments. Fissures are extremely closely spaced randomly orientated (KIMMERIDGE CLAY FORMATION).","Kimmeridge Clay","","","BH302","11.96","D","012","","","11.96","01","","Natural","30.00","","11.96","01","","","53.00","28.00","25","25.00","100.00","","","","","","","","","","","","","","","","","","","","","","","","","","","","","","","","","","","","9.65","14.28"
"KC","Kimmeridge Clay Formation","KC_UW","Undefined","201","CLAY","Stiff to very stiff fissured thinly laminated dark grey CLAY with occasional shell fragments. Fissures are extremely closely spaced randomly orientated (KIMMERIDGE CLAY FORMATION).","Kimmeridge Clay","","","BH302","14.20","D","013","","","14.20","01","","Natural","24.00","","14.20","01","","","55.00","34.00","21","21.00","92.00","","","","","","","","","","","","","","","","","","","","","","","","","","","","","","","","","","","","9.65","14.28"
"KC","Kimmeridge Clay Formation","KC_UW","Undefined","203","Sandy CLAY","Very stiff and hard fissured indistinctly thinly laminated grey slightly sandy CLAY with some shell fragments. Fissures are extremely closely to closely spaced randomly orientated (KIMMERIDGE CLAY FORMATION).","Kimmeridge Clay","","","BH302","8.00","D","008","","","8.00","01","","Natural","21.00","","8.00","01","","","44.00","26.00","18","18.00","95.00","","","","","","","","","","","","","","","","","","","","","","","","","","","","","","","","","","","","7.59","8.10"
"KC","Kimmeridge Clay Formation","KC_UW","Undefined","201","CLAY","Very stiff and hard fissured thinly laminated dark grey CLAY with rare partings of silt and rare shell fragments. Fissures are extremely closely to very closely spaced randomly orientated. (KIMMERIDGE CLAY FORMATION)","Kimmeridge Clay","","","BH325","14.00","D","014","","","14.00","01","","Natural","32.00","","14.00","01","","","67.00","35.00","32","32.00","100.00","","","","","","","","","","","","","","","","","","","","","","","","","","","","","","","","","","","","13.30","14.74"
"KC","Kimmeridge Clay Formation","KC_UW","Undefined","201","CLAY","Very stiff fissured thinly laminated dark grey CLAY with occasional partings of fine sand and silt and occasional shell fragments. Fissures are extremely closely spaced randomly orientated. (KIMMERIDGE CLAY FORMATION)","Kimmeridge Clay","","","BH325","10.25","D","010","","","10.25","01","","Natural","28.00","","10.25","01","","","59.00","35.00","24","24.00","100.00","","","","","","","","","","","","","","","","","","","","","","","","","","","","","","","","","","","","9.66","11.46"
"KC","Kimmeridge Clay Formation","KC_UW","Undefined","201","CLAY","Very stiff fissured thinly laminated dark grey CLAY with rare partings of fine sand and silt and rare shell fragments. Fissures are extremely closely to very closely randomly orientated. (KIMMERIDGE CLAY FORMATION)","Kimmeridge Clay","","","BH325","5.85","D","006","","","5.85","01","","Natural","21.00","","5.85","01","","","50.00","30.00","20","20.00","100.00","","","","","","","","","","","","","","","","","","","","","","","","","","","","","","","","","","","","4.45","6.10"
"KC","Kimmeridge Clay Formation","KC_UW","Undefined","201","CLAY","Very stiff locally very stiff and hard fissured thinly laminated dark grey CLAY with rare partings of fine sand and silt and some locally many shell fragments. Fissures are extremely closely to very closely spaced randomly orientated. (KIMMERIDGE CLAY FORMATION)","Kimmeridge Clay","","","BH325","12.00","D","013","","","12.00","01","","Natural","26.00","","12.00","01","","","58.00","34.00","24","24.00","100.00","","","","","","","","","","","","","","","","","","","","","","","","","","","","","","","","","","","","11.46","12.43"
"KC","Kimmeridge Clay Formation","KC_UW","Undefined","203","Sandy CLAY","Very stiff fissured thinly laminated dark grey locally slightly sandy CLAY with rare trace fossils infilled with light brownish grey fine sand and silt, occasional shell fragments and occasional locally some partings of fine sand and silt. Fissures are extremely closely to very closely spaced randomly orientated. (KIMMERIDGE CLAY FORMATION)","Kimmeridge Clay","","","BH325","8.00","D","008","","","8.00","01","","Natural","22.00","","8.00","01","","","48.00","24.00","24","24.00","100.00","","","","","","","","","","","","","","","","","","","","","","","","","","","","","","","","","","","","7.66","9.66"
"KC","Kimmeridge Clay Formation","KC_UW","Undefined","203","Sandy CLAY","Very stiff indistinctly fissured thinly laminated dark grey slightly sandy CLAY with occasional locally some shell fragments. Fissures are extremely closely to closely spaced randomly orientated. (KIMMERIDGE CLAY FORMATION)","Kimmeridge Clay","","","BH325","4.03","D","004","","","4.03","01","","Natural","30.00","","4.03","01","","","67.00","37.00","30","30.00","100.00","","","","","","","","","","","","","","","","","","","","","","","","","","","","","","","","","","","","3.05","4.45"
"KC","Kimmeridge Clay Formation","KC_UW","Undefined","997","Undetermined","Samples removed for testing.","Kimmeridge Clay","","","BH325","2.64","D","001","","","2.64","01","","Natural","36.00","","2.64","01","","","66.00","39.00","27","27.00","100.00","","","","","","","","","","","","","","","","","","","","","","","","","","","","","","","","","","","","2.64","3.05"
"KC","Kimmeridge Clay Formation","KC_UW","Undefined","201","CLAY","Stiff and very stiff fissured thinly laminated dark grey CLAY with rare shell fragments and occasional partings of silt. Fissures are extremely closely spaced randomly orientated. (KIMMERIDGE CLAY FORMATION)","Kimmeridge Clay","","","BH314","15.92","D","013","","","15.92","01","","Natural","29.00","","15.92","01","","","50.00","28.00","22","22.00","100.00","","","","","","","","","","","","","","","","","","","","","","","","","","","","","","","","","","","","14.81","16.50"
"KC","Kimmeridge Clay Formation","KC_UW","Undefined","201","CLAY","Very stiff fissured indistinctly thinly laminated dark grey CLAY with occasional shell fragments. Fissures are extremely closely spaced randomly orientated. (KIMMERIDGE CLAY FORMATION)","Kimmeridge Clay","","","BH314","12.04","D","011","","","12.04","01","","Natural","31.00","","12.04","01","","","68.00","33.00","35","35.00","100.00","","","","","","","","","","","","","","","","","","","","","","","","","","","","","","","","","","","","11.93","12.63"
"KC","Kimmeridge Clay Formation","KC_UW","Undefined","201","CLAY","Very stiff fissured thinly laminated dark brownish grey CLAY with occasional partings of silt and occasional shell fragments. Fissures are extremely closely to very closely spaced randomly orientated. (KIMMERIDGE CLAY FORMATION)","Kimmeridge Clay","","","BH314","14.00","D","012","","","14.00","01","","Natural","31.00","","14.00","01","","","63.00","34.00","29","29.00","100.00","","","","","","","","","","","","","","","","","","","","","","","","","","","","","","","","","","","","13.98","14.81"
"KC","Kimmeridge Clay Formation","KC_UW","Undefined","201","CLAY","Very stiff fissured thinly laminated dark grey CLAY with rare shell fragments and occasional partings of silt. Fissures are extremely closely spaced randomly orientated. (KIMMERIDGE CLAY FORMATION)","Kimmeridge Clay","","","BH314","18.00","D","014","","","18.00","01","","Natural","20.00","","18.00","01","","","44.00","26.00","18","18.00","100.00","","","","","","","","","","","","","","","","","","","","","","","","","","","","","","","","","","","","17.76","22.69"
"KC","Kimmeridge Clay Formation","KC_UW","Undefined","201","CLAY","Very stiff fissured thinly laminated dark grey CLAY with rare shell fragments and occasional partings of silt. Fissures are extremely closely spaced randomly orientated. (KIMMERIDGE CLAY FORMATION)","Kimmeridge Clay","","","BH314","19.96","D","015","","","19.96","01","","Natural","27.00","","19.96","01","","","54.00","26.00","28","28.00","100.00","","","","","","","","","","","","","","","","","","","","","","","","","","","","","","","","","","","","17.76","22.69"
"KC","Kimmeridge Clay Formation","KC_UW","Undefined","201","CLAY","Very stiff fissured thinly laminated dark grey CLAY with rare shell fragments and occasional partings of silt. Fissures are extremely closely spaced randomly orientated. (KIMMERIDGE CLAY FORMATION)","Kimmeridge Clay","","","BH314","22.00","D","016","","","22.00","01","","Natural","26.00","","22.00","01","","","59.00","30.00","29","29.00","100.00","","","","","","","","","","","","","","","","","","","","","","","","","","","","","","","","","","","","17.76","22.69"
"KC","Kimmeridge Clay Formation","KC_UW","Undefined","201","CLAY","Very stiff fissured thinly laminated grey CLAY with rare shell fragments and occasional partings of silt. Fissures are extremely closely spaced randomly orientated. (KIMMERIDGE CLAY FORMATION)","Kimmeridge Clay","","","BH314","8.05","D","006","","","8.05","01","","Natural","23.00","","8.05","01","","","50.00","30.00","20","20.00","100.00","","","","","","","","","","","","","","","","","","","","","","","","","","","","","","","","","","","","7.21","9.80"
"KC","Kimmeridge Clay Formation","KC_UW","Undefined","801","MUDSTONE","Very stiff indistinctly thinly laminated dark brownish grey CLAY with some shell fragments and extremely closely to closely spaced thin laminations of mudstone. (KIMMERIDGE CLAY FORMATION)","Kimmeridge Clay","","","BH314","2.92","D","001","","","2.92","01","","Natural","32.00","","2.92","01","","","58.00","26.00","32","32.00","100.00","","","","","","","","","","","","","","","","","","","","","","","","","","","","","","","","","","","","2.82","4.93"
"KC","Kimmeridge Clay Formation","KC_UW","Undefined","997","Undetermined","Samples removed for testing","Kimmeridge Clay","","","BH314","5.23","D","003","","","5.23","01","","Natural","33.00","","5.23","01","","","67.00","36.00","31","31.00","100.00","","","","","","","","","","","","","","","","","","","","","","","","","","","","","","","","","","","","4.93","5.35"
"KC","Kimmeridge Clay Formation","KC_UW","Undefined","997","Undetermined","Samples removed for testing","Kimmeridge Clay","","","BH314","6.43","D","005","","","6.43","01","","Natural","33.00","","6.43","01","","","70.00","42.00","28","28.00","100.00","","","","","","","","","","","","","","","","","","","","","","","","","","","","","","","","","","","","6.13","6.50"
"KC","Kimmeridge Clay Formation","KC_UW","Undefined","997","Undetermined","Samples removed for testing","Kimmeridge Clay","","","BH314","10.20","D","010","","","10.20","01","","Natural","27.00","","10.20","01","","","60.00","36.00","24","24.00","100.00","","","","","","","","","","","","","","","","","","","","","","","","","","","","","","","","","","","","9.80","10.39"
"KC","Kimmeridge Clay Formation","KC_UW","Undefined","201","CLAY","Stiff and very stiff fissured thinly laminated dark grey CLAY with rare shell fragments. Fissures are extremely closely spaced randomly orientated. (KIMMERIDGE CLAY FORMATION)","Kimmeridge Clay","","","BH320","4.40","D","009","","","4.40","01","","Natural","22.00","","4.40","01","","","52.00","33.00","19","19.00","100.00","","","","","","","","","","","","","","","","","","","","","","","","","","","","","","","","","","","","3.44","6.00"
"KC","Kimmeridge Clay Formation","KC_UW","Undefined","201","CLAY","Stiff and very stiff fissured thinly laminated dark grey CLAY with rare shell fragments. Fissures are extremely closely spaced randomly orientated. (KIMMERIDGE CLAY FORMATION)","Kimmeridge Clay","","","BH320","5.30","CS","011","","5.40","5.30","01","","","19.00","","","","","","","","","","","","","","","","","","","","","","","","","5.30","02","","","2.72","Measured","","","","","","","","","","","","","","","","3.44","6.00"
"KC","Kimmeridge Clay Formation","KC_UW","Undefined","201","CLAY","Stiff and very stiff fissured thinly laminated dark grey CLAY with rare shell fragments. Fissures are extremely closely spaced randomly orientated. (KIMMERIDGE CLAY FORMATION)","Kimmeridge Clay","","","BH320","5.40","D","012","","","5.40","01","","Natural","19.00","","5.40","01","","","47.00","27.00","20","20.00","100.00","","","","","","","","","","","","","","","","","","","","","","","","","","","","","","","","","","","","3.44","6.00"
"KC","Kimmeridge Clay Formation","KC_UW","Undefined","201","CLAY","Very stiff and hard fissured thinly laminated dark grey CLAY with rare partings of silt and rare shell fragments. Fissures are extremely closely to closely spaced randomly orientated. (KIMMERIDGE CLAY FORMATION).","Kimmeridge Clay","","","BH320","20.19","D","041","","","20.19","01","","Natural","30.00","","20.19","01","","","63.00","34.00","29","29.00","100.00","","","","","","","","","","","","","","","","","","","","","","","","","","","","","","","","","","","","19.37","20.87"
"KC","Kimmeridge Clay Formation","KC_UW","Undefined","201","CLAY","Very stiff and hard fissured thinly laminated dark grey CLAY with rare partings of silt and rare shell fragments. Fissures are extremely closely to closely spaced randomly orientated. (KIMMERIDGE CLAY FORMATION).","Kimmeridge Clay","","","BH320","20.70","CS","042","","20.80","20.70","01","","","28.00","","","","","","","","","","","","","","","","","","","","","","","","","20.70","02","","","2.46","Measured","","","","","","","","","","","","","","","","19.37","20.87"
"KC","Kimmeridge Clay Formation","KC_UW","Undefined","201","CLAY","Very stiff and hard indistinctly fissured indistinctly thinly laminated greenish grey CLAY with occasional partings of silt and occasional shell fragments. Fissures are closely spaced randomly orientated. (KIMMERIDGE CLAY FORMATION).","Kimmeridge Clay","","","BH320","34.58","D","052","","","34.58","01","","Natural","20.00","","34.58","01","","","45.00","26.00","19","19.00","100.00","","","","","","","","","","","","","","","","","","","","","","","","","","","","","","","","","","","","34.10","34.90"
"KC","Kimmeridge Clay Formation","KC_UW","Undefined","201","CLAY","Very stiff fissured indistinctly thinly laminated dark grey CLAY with occasional partings of fine sand and silt and some shell fragments. Fissures are extremely closely to very closely spaced randomly orientated. (KIMMERIDGE CLAY FORMATION)","Kimmeridge Clay","","","BH320","9.30","CS","023","","9.40","9.30","01","","","25.00","","","","","","","","","","","","","","","","","","","","","","","","","9.30","02","","","2.61","Measured","","","","","","","","","","","","","","","","8.54","10.00"
"KC","Kimmeridge Clay Formation","KC_UW","Undefined","201","CLAY","Very stiff fissured indistinctly thinly laminated dark grey CLAY with occasional partings of fine sand and silt and some shell fragments. Fissures are extremely closely to very closely spaced randomly orientated. (KIMMERIDGE CLAY FORMATION)","Kimmeridge Clay","","","BH320","9.40","D","024","","","9.40","01","","Natural","25.00","","9.40","01","","","55.00","29.00","26","26.00","100.00","","","","","","","","","","","","","","","","","","","","","","","","","","","","","","","","","","","","8.54","10.00"
"KC","Kimmeridge Clay Formation","KC_UW","Undefined","201","CLAY","Very stiff fissured thinly laminated dark grey CLAY with occasional partings of silt and rare locally occasional shell fragments. Fissures are extremely closely spaced randomly orientated (KIMMERIDGE CLAY FORMATION).","Kimmeridge Clay","","","BH320","13.98","CS","031","","14.08","13.98","01","","","20.00","","","","","","","","","","","","","","","","","","","","","","","","","13.98","02","","","2.66","Measured","","","","","","","","","","","","","","","","12.44","14.30"
"KC","Kimmeridge Clay Formation","KC_UW","Undefined","201","CLAY","Very stiff fissured thinly laminated dark grey CLAY with rare partings of silt and some shell fragments. Fissures are extremely closely spaced randomly orientated. (KIMMERIDGE CLAY FORMATION).","Kimmeridge Clay","","","BH320","25.80","D","045","","","25.80","01","","Natural","27.00","","25.80","01","","","50.00","28.00","22","22.00","100.00","","","","","","","","","","","","","","","","","","","","","","","","","","","","","","","","","","","","25.60","26.13"
"KC","Kimmeridge Clay Formation","KC_UW","Undefined","201","CLAY","Very stiff fissured thinly laminated grey CLAY with rare partings of silt and rare shell fragments. Fissures are extremely closely spaced randomly orientated. (KIMMERIDGE CLAY FORMATION).","Kimmeridge Clay","","","BH320","37.24","CS","057","","37.34","37.24","01","","","24.00","","","","","","","","","","","","","","","","","","","","","","","","","37.24","02","","","2.69","Measured","","","","","","","","","","","","","","","","37.00","40.00"
"KC","Kimmeridge Clay Formation","KC_UW","Undefined","201","CLAY","Very stiff fissured thinly laminated light greenish grey CLAY with rare shell fragments and occasional partings of silt. Fissures are extremely closely to closely spaced randomly orientated. (KIMMERIDGE CLAY FORMATION)","Kimmeridge Clay","","","BH320","28.20","D","048","","","28.20","01","","Natural","22.00","","28.20","01","","","45.00","25.00","20","20.00","100.00","","","","","","","","","","","","","","","","","","","","","","","","","","","","","","","","","","","","28.15","28.70"
"KC","Kimmeridge Clay Formation","KC_UW","Undefined","997","Undetermined","Sample removed for testing","Kimmeridge Clay","","","BH320","36.30","D","056","","","36.30","01","","Natural","23.00","","36.30","01","","","45.00","25.00","20","20.00","100.00","","","","","","","","","","","","","","","","","","","","","","","","","","","","","","","","","","","","36.00","36.40"
"KC","Kimmeridge Clay Formation","KC_UW","Undefined","997","Undetermined","Samples removed for testing","Kimmeridge Clay","","","BH320","7.30","CS","017","","7.40","7.30","01","","","23.00","","","","","","","","","","","","","","","","","","","","","","","","","7.30","02","","","2.64","Measured","","","","","","","","","","","","","","","","7.00","7.57"
"KC","Kimmeridge Clay Formation","KC_UW","Undefined","997","Undetermined","Samples removed for testing","Kimmeridge Clay","","","BH320","7.40","D","018","","","7.40","01","","Natural","17.00","","7.40","01","","","58.00","34.00","24","24.00","100.00","","","","","","","","","","","","","","","","","","","","","","","","","","","","","","","","","","","","7.00","7.57"
"KC","Kimmeridge Clay Formation","KC_UW","Undefined","997","Undetermined","Samples removed for testing","Kimmeridge Clay","","","BH320","8.10","D","020","","","8.10","01","","Natural","24.00","","8.10","01","","","59.00","29.00","30","30.00","100.00","","","","","","","","","","","","","","","","","","","","","","","","","","","","","","","","","","","","8.00","8.54"
"KC","Kimmeridge Clay Formation","KC_UW","Undefined","997","Undetermined","Samples removed for testing","Kimmeridge Clay","","","BH320","10.36","D","027","","","10.36","01","","Natural","24.00","","10.36","01","","","58.00","32.00","26","26.00","100.00","","","","","","","","","","","","","","","","","","","","","","","","","","","","","","","","","","","","10.00","10.49"
"KC","Kimmeridge Clay Formation","KC_UW","Undefined","997","Undetermined","Samples removed for testing","Kimmeridge Clay","","","BH320","12.25","CS","029","","12.35","12.25","01","","","20.00","","","","","","","","","","","","","","","","","","","","","","","","","12.25","02","","","2.71","Measured","","","","","","","","","","","","","","","","11.95","12.44"
"KC","Kimmeridge Clay Formation","KC_UW","Undefined","997","Undetermined","Samples removed for testing","Kimmeridge Clay","","","BH320","12.35","D","030","","","12.35","01","","Natural","24.00","","12.35","01","","","56.00","26.00","30","30.00","100.00","","","","","","","","","","","","","","","","","","","","","","","","","","","","","","","","","","","","11.95","12.44"
"KC","Kimmeridge Clay Formation","KC_UW","Undefined","997","Undetermined","Samples removed for testing","Kimmeridge Clay","","","BH320","14.30","D","032","","","14.30","01","","Natural","21.00","","14.30","01","","","43.00","26.00","17","17.00","100.00","","","","","","","","","","","","","","","","","","","","","","","","","","","","","","","","","","","","14.30","14.70"
"KC","Kimmeridge Clay Formation","KC_UW","Undefined","997","Undetermined","Samples removed for testing","Kimmeridge Clay","","","BH320","18.28","D","038","","","18.28","01","","Natural","25.00","","18.28","01","","","50.00","26.00","24","24.00","100.00","","","","","","","","","","","","","","","","","","","","","","","","","","","","","","","","","","","","17.98","18.48"
"KC","Kimmeridge Clay Formation","KC_UW","Undefined","997","Undetermined","Samples removed for testing","Kimmeridge Clay","","","BH320","32.19","D","049","","","32.19","01","","Natural","28.00","","32.19","01","","","56.00","29.00","27","27.00","100.00","","","","","","","","","","","","","","","","","","","","","","","","","","","","","","","","","","","","32.19","32.62"
"KC","Kimmeridge Clay Formation","KC_UW","Undefined","997","Undetermined","Samples removed for testing.","Kimmeridge Clay","","","BH320","6.40","D","015","","","6.40","01","","Natural","23.00","","6.40","01","","","51.00","31.00","20","20.00","100.00","","","","","","","","","","","","","","","","","","","","","","","","","","","","","","","","","","","","6.00","6.48"
"KC","Kimmeridge Clay Formation","KC_UW","Undefined","997","Undetermined","Samples removed for testing.","Kimmeridge Clay","","","BH320","16.18","D","035","","","16.18","01","","Natural","27.00","","16.18","01","","","62.00","33.00","29","29.00","100.00","","","","","","","","","","","","","","","","","","","","","","","","","","","","","","","","","","","","15.88","16.30"
"KC","Kimmeridge Clay Formation","KC_W","Undefined","997","Undetermined","Samples removed for testing.","Kimmeridge Clay","","","BH320","2.31","D","002","","","2.31","01","","Natural","23.00","","2.31","01","","","47.00","29.00","18","18.00","100.00","","","","","","","","","","","","","","","","","","","","","","","","","","","","","","","","","","","","2.00","2.52"
"KC","Kimmeridge Clay Formation","KC_W","Undefined","997","Undetermined","Samples removed for testing.","Kimmeridge Clay","","","BH320","3.25","D","005","","","3.25","01","","Natural","20.00","","3.25","01","","","48.00","30.00","18","18.00","100.00","","","","","","","","","","","","","","","","","","","","","","","","","","","","","","","","","","","","2.95","3.44"
"KC","Kimmeridge Clay Formation","KC_W","Undefined","997","Undetermined","Samples removed for testing.","Kimmeridge Clay","","","BH320","3.34","CS","006","","3.44","3.34","01","","","21.00","","","","","","","","","","","","","","","","","","","","","","","","","3.34","02","","","2.64","Measured","","","","","","","","","","","","","","","","2.95","3.44"
"KC","Kimmeridge Clay Formation","KC_UW","Undefined","201","CLAY","Stiff and very stiff fissured thinly laminated grey CLAY with occasional partings of fine sand and silt and occasional shell fragments. Fissures are extremely closely spaced randomly orientated. (KIMMERIDGE CLAY FORMATION)","Kimmeridge Clay","","","BH330","18.00","D","015","","","18.00","01","","Natural","17.00","","18.00","01","","","35.00","16.00","19","19.00","100.00","","","","","","","","","","","","","","","","","","","","","","","","","","","","","","","","","","","","16.50","20.28"
"KC","Kimmeridge Clay Formation","KC_UW","Undefined","201","CLAY","Stiff and very stiff fissured thinly laminated grey CLAY with occasional partings of fine sand and silt and occasional shell fragments. Fissures are extremely closely spaced randomly orientated. (KIMMERIDGE CLAY FORMATION)","Kimmeridge Clay","","","BH330","19.95","D","016","","","19.95","01","","Natural","25.00","","19.95","01","","","49.00","28.00","21","21.00","100.00","","","","","","","","","","","","","","","","","","","","","","","","","","","","","","","","","","","","16.50","20.28"
"KC","Kimmeridge Clay Formation","KC_UW","Undefined","201","CLAY","Very stiff fissured thinly laminated grey CLAY with occasional partings of fine sand and silt and occasional shell fragments. Fissures are extremely closely spaced randomly orientated. (KIMMERIDGE CLAY FORMATION)","Kimmeridge Clay","","","BH330","14.00","D","013","","","14.00","01","","Natural","19.00","","14.00","01","","","41.00","24.00","17","17.00","100.00","","","","","","","","","","","","","","","","","","","","","","","","","","","","","","","","","","","","13.50","16.50"
"KC","Kimmeridge Clay Formation","KC_UW","Undefined","201","CLAY","Very stiff fissured thinly laminated grey CLAY with occasional partings of fine sand and silt and occasional shell fragments. Fissures are extremely closely spaced randomly orientated. (KIMMERIDGE CLAY FORMATION)","Kimmeridge Clay","","","BH330","16.00","D","014","","","16.00","01","","Natural","18.00","","16.00","01","","","39.00","24.00","15","15.00","99.00","","","","","","","","","","","","","","","","","","","","","","","","","","","","","","","","","","","","13.50","16.50"
"KC","Kimmeridge Clay Formation","KC_UW","Undefined","203","Sandy CLAY","Very stiff fissured thinly laminated dark grey slightly sandy CLAY with occasional shell fragments and some partings of fine sand and silt. Fissures are extremely closely to very closely spaced randomly orientated. (KIMMERIDGE CLAY FORMATION)","Kimmeridge Clay","","","BH330","12.00","D","012","","","12.00","01","","Natural","21.00","","12.00","01","","","48.00","31.00","17","17.00","100.00","","","","","","","","","","","","","","","","","","","","","","","","","","","","","","","","","","","","10.90","13.50"
"KC","Kimmeridge Clay Formation","KC_UW","Undefined","997","Undetermined","Samples removed for testing.","Kimmeridge Clay","","","BH330","10.45","D","009","","","10.45","01","","Natural","18.00","","10.45","01","","","46.00","29.00","17","17.00","100.00","","","","","","","","","","","","","","","","","","","","","","","","","","","","","","","","","","","","10.45","10.90"
"KC","Kimmeridge Clay Formation","KC_UW","Undefined","997","Undetermined","Sample removed for testing","Kimmeridge Clay","","","BH331","36.00","D","051","","","36.00","01","","Natural","21.00","","36.00","01","","","55.00","29.00","26","26.00","100.00","","","","","","","","","","","","","","","","","","","","","","","","","","","","","","","","","","","","35.70","36.10"
"KC","Kimmeridge Clay Formation","KC_UW","Undefined","997","Undetermined","Samples removed for testing","Kimmeridge Clay","","","BH331","20.10","D","035","","","20.10","01","","Natural","24.00","","20.10","01","","","39.00","24.00","15","15.00","95.00","","","","","","","","","","","","","","","","","","","","","","","","","","","","","","","","","","","","20.10","20.60"
"KC","Kimmeridge Clay Formation","KC_UW","Undefined","997","Undetermined","Samples removed for testing","Kimmeridge Clay","","","BH331","24.40","D","040","","","24.40","01","","Natural","16.00","","24.40","01","","","39.00","23.00","16","16.00","100.00","","","","","","","","","","","","","","","","","","","","","","","","","","","","","","","","","","","","24.00","24.50"
"KC","Kimmeridge Clay Formation","KC_UW","Undefined","997","Undetermined","Samples removed for testing","Kimmeridge Clay","","","BH331","28.10","CS","041","","28.40","28.10","01","","","24.00","","","","","","","","","","","","","","","","","","","","","","","","","28.10","02","","","2.60","Measured","","","","","","","","","","","","","","","","28.10","28.64"
"KC","Kimmeridge Clay Formation","KC_UW","Undefined","997","Undetermined","Samples removed for testing","Kimmeridge Clay","","","BH331","32.15","D","043","","","32.15","01","","Natural","21.00","","32.15","01","","","51.00","30.00","21","21.00","100.00","","","","","","","","","","","","","","","","","","","","","","","","","","","","","","","","","","","","32.15","32.55"
"KC","Kimmeridge Clay Formation","KC_UW","Undefined","997","Undetermined","Samples removed for testing","Kimmeridge Clay","","","BH331","34.20","D","048","","","34.20","01","","Natural","18.00","","34.20","01","","","47.00","28.00","19","19.00","100.00","","","","","","","","","","","","","","","","","","","","","","","","","","","","","","","","","","","","33.90","34.30"
"KC","Kimmeridge Clay Formation","KC_UW","Undefined","997","Undetermined","Samples removed for testing.","Kimmeridge Clay","","","BH331","18.00","D","032","","","18.00","01","","Natural","31.00","","18.00","01","","","35.00","17.00","18","18.00","100.00","","","","","","","","","","","","","","","","","","","","","","","","","","","","","","","","","","","","18.00","18.50"
"KC","Kimmeridge Clay Formation","KC_UW","Undefined","997","Undetermined","Samples removed for testing.","Kimmeridge Clay","","","BH331","18.40","CS","034","","18.50","18.40","01","","","18.00","","","","","","","","","","","","","","","","","","","","","","","","","18.40","02","","","2.64","Measured","","","","","","","","","","","","","","","","18.00","18.50"
"KC","Kimmeridge Clay Formation","KC_UW","Undefined","201","CLAY","From GL to 10.00m. Rotary coring. CLAY (Drillers description)","Kimmeridge Clay","","","BH355","5.27","CS","006","","5.57","5.29","01","","","23.00","","","","","","","","","","","","","","","","","","","","","","","","","","","","","","","","","","","","","","","","","","","","","","0.00","10.00"
"KC","Kimmeridge Clay Formation","KC_UW","Undefined","201","CLAY","From GL to 10.00m. Rotary coring. CLAY (Drillers description)","Kimmeridge Clay","","","BH355","5.65","CS","007","","5.92","5.70","01","","","22.00","","","","","","","","","","","","","","","","","","","","","","","","","5.65","02","","","2.65","Measured","","","","","","","","","","","","","","","","0.00","10.00"
"KC","Kimmeridge Clay Formation","KC_UW","Undefined","201","CLAY","From GL to 10.00m. Rotary coring. CLAY (Drillers description)","Kimmeridge Clay","","","BH355","8.02","CS","011","","8.32","8.07","01","","","26.00","","","","","","","","","","","","","","","","","","","","","","","","","","","","","","","","","","","","","","","","","","","","","","0.00","10.00"
"KC","Kimmeridge Clay Formation","KC_UW","Undefined","201","CLAY","From GL to 10.00m. Rotary coring. CLAY (Drillers description)","Kimmeridge Clay","","","BH355","9.11","CS","014","","9.41","9.11","01","","","23.00","","","","","","","","","","","","","","","","","","","","","","","","","9.11","02","","","2.65","Measured","","","","","","","","","","","","","","","","0.00","10.00"
"KC","Kimmeridge Clay Formation","KC_UW","Undefined","201","CLAY","Stiff and very stiff fissured thinly laminated dark grey CLAY with rare, locally some shell fragments along laminae and occasional partings of fine sand and silt. Fissures are extremely closely spaced randomly orientated. (KIMMERIDGE CLAY FORMATION)","Kimmeridge Clay","","","BH377","13.02","D","013","","","13.02","01","","Natural","22.00","","13.02","01","","","46.00","27.00","19","19.00","100.00","","","","","","","","","","","","","","","","","","","","","","","","","","","","","","","","","","","","11.82","13.70"
"KC","Kimmeridge Clay Formation","KC_UW","Undefined","201","CLAY","Stiff and very stiff fissured thinly laminated grey CLAY with rare shell fragments. Fissures are extremely closely spaced randomly orientated. (KIMMERIDGE CLAY FORMATION)","Kimmeridge Clay","","","BH377","6.29","D","006","","","6.29","01","","Natural","25.00","","6.29","01","","","56.00","37.00","19","19.00","100.00","","","","","","","","","","","","","","","","","","","","","","","","","","","","","","","","","","","","4.31","6.66"
"KC","Kimmeridge Clay Formation","KC_UW","Undefined","201","CLAY","Very stiff and hard fissured thinly laminated dark grey CLAY with occasional partings of fine sand and silt and some locally many shell fragments. Fissures are extremely closely to very closely spaced randomly orientated. (KIMMERIDGE CLAY FORMATION)","Kimmeridge Clay","","","BH377","16.80","D","016","","","16.80","01","","Natural","30.00","","16.80","01","","","55.00","25.00","30","30.00","100.00","","","","","","","","","","","","","","","","","","","","","","","","","","","","","","","","","","","","15.79","17.64"
"KC","Kimmeridge Clay Formation","KC_UW","Undefined","201","CLAY","Very stiff fissured thinly laminated dark grey CLAY with occasional partings of fine sand and silt and some locally many shell fragments. Fissures are extremely closely to very closely spaced randomly orientated. (KIMMERIDGE CLAY FORMATION)","Kimmeridge Clay","","","BH377","8.48","D","008","","","8.48","01","","Natural","22.00","","8.48","01","","","46.00","27.00","19","19.00","100.00","","","","","","","","","","","","","","","","","","","","","","","","","","","","","","","","","","","","7.94","10.08"
"KC","Kimmeridge Clay Formation","KC_UW","Undefined","201","CLAY","Very stiff fissured thinly laminated dark grey CLAY with rare shell fragments. Fissures are extremely closely to very closely spaced randomly orientated. (KIMMERIDGE CLAY FORMATION)","Kimmeridge Clay","","","BH377","18.03","D","017","","","18.03","01","","Natural","28.00","","18.03","01","","","60.00","31.00","29","29.00","100.00","","","","","","","","","","","","","","","","","","","","","","","","","","","","","","","","","","","","18.00","19.79"
"KC","Kimmeridge Clay Formation","KC_UW","Undefined","203","Sandy CLAY","Stiff and very stiff fissured indistinctly thinly laminated dark grey slightly sandy CLAY with occasional shell fragments and some partings of fine sand and silt. Fissures are extremely closely spaced randomly orientated. (KIMMERIDGE CLAY FORMATION)","Kimmeridge Clay","","","BH377","3.09","D","001","","","3.09","01","","Natural","21.00","","3.09","01","","","48.00","29.00","19","19.00","100.00","","","","","","","","","","","","","","","","","","","","","","","","","","","","","","","","","","","","2.53","3.75"
"KC","Kimmeridge Clay Formation","KC_UW","Undefined","203","Sandy CLAY","Very stiff and hard indistinctly fissured indistinctly thinly laminated grey slightly sandy CLAY with many shell fragments. Fissures are extremely closely to closely spaced randomly orientated. (KIMMERIDGE CLAY FORMATION)","Kimmeridge Clay","","","BH377","20.45","D","018","","","20.45","01","","Wet sieve","20.00","","20.45","01","","","41.00","24.00","17","17.00","77.00","","","","","","","","","","","","","","","","","","","","","","","","","","","","","","","","","","","","20.45","21.19"
"KC","Kimmeridge Clay Formation","KC_UW","Undefined","997","Undetermined","Samples removed for testing","Kimmeridge Clay","","","BH377","11.39","D","011","","","11.39","01","","Natural","22.00","","11.39","01","","","45.00","26.00","19","19.00","100.00","","","","","","","","","","","","","","","","","","","","","","","","","","","","","","","","","","","","10.99","11.50"
"KC","Kimmeridge Clay Formation","KC_UW","Undefined","997","Undetermined","Samples removed for testing.","Kimmeridge Clay","","","BH377","4.24","D","004","","","4.24","01","","Natural","23.00","","4.24","01","","","56.00","37.00","19","19.00","100.00","","","","","","","","","","","","","","","","","","","","","","","","","","","","","","","","","","","","3.75","4.31"
"KC","Kimmeridge Clay Formation","KC_UW","Undefined","997","Undetermined","Samples removed for testing.","Kimmeridge Clay","","","BH377","15.67","D","015","","","15.67","01","","Natural","29.00","","15.67","01","","","59.00","33.00","26","26.00","100.00","","","","","","","","","","","","","","","","","","","","","","","","","","","","","","","","","","","","15.37","15.79"
"KC","Kimmeridge Clay Formation","KC_UW","Undefined","201","CLAY","Very stiff locally hard fissured thinly locally thickly laminated grey CLAY. Fissures are very closely spaced randomly orientated (KIMMERIDGE CLAY FORMATION).","Kimmeridge Clay","","","OS03","14.50","D","029","","","14.50","01","","Natural","19.00","","14.50","01","","","44.00","27.00","17","17.00","100.00","","","","","","","","","","","","","","","","","","","","","","","","","","","","","","","","","","","","13.55","15.00"
"KC","Kimmeridge Clay Formation","KC_UW","Undefined","201","CLAY","Very stiff locally hard fissured thinly locally thickly laminated grey CLAY. Fissures are very closely spaced randomly orientated (KIMMERIDGE CLAY FORMATION).","Kimmeridge Clay","","","OS03","14.50","LB","030","","","","","","","","","","","","","","","","","","","","","14.50","01","","","","","","","","","","14.50","05","","","2.60","Measured","","","","","","","","","","","","","","","","13.55","15.00"
"KC","Kimmeridge Clay Formation","KC_UW","Undefined","201","CLAY","Stiff and very stiff fissured locally indistinctly thinly laminated grey and greenish grey CLAY with occasional shell fragments. Fissures are very closely locally extremely closely spaced randomly orientated with occasional light greenish grey discolouration. (KIMMERIDGE CLAY FORMATION) (5).","Kimmeridge Clay","","","OS02","2.50","D","005","","","2.50","01","","Natural","22.00","","2.50","01","","","48.00","30.00","18","18.00","100.00","","","","","","","","","","","","","","","","","","","","","","","","","","","","","","","","","","","","2.05","3.50"
"KC","Kimmeridge Clay Formation","KC_UW","Undefined","201","CLAY","Stiff and very stiff fissured locally indistinctly thinly laminated grey and greenish grey CLAY with occasional shell fragments. Fissures are very closely locally extremely closely spaced randomly orientated with occasional light greenish grey discolouration. (KIMMERIDGE CLAY FORMATION) (5).","Kimmeridge Clay","","","OS02","2.50","LB","006","","","","","","","","","","","","","","","","","","","","","2.50","01","","","","","","","","","","","","","","","","","","","","","","","","","","","","","","","2.05","3.50"
"KC","Kimmeridge Clay Formation","KC_UW","Undefined","201","CLAY","Stiff and very stiff fissured locally thinly laminated dark grey CLAY with many shell fragments. Fissures are very closely spaced randomly orientated. (KIMMERIDGE CLAY FORMATION) (7).","Kimmeridge Clay","","","OS02","6.50","D","013","","","6.50","01","","Natural","20.00","","6.50","01","","","51.00","32.00","19","19.00","100.00","","","","","","","","","","","","","","","","","","","","","","","","","","","","","","","","","","","","6.10","7.05"
"KC","Kimmeridge Clay Formation","KC_UW","Undefined","201","CLAY","Stiff and very stiff fissured locally thinly laminated dark grey CLAY with many shell fragments. Fissures are very closely spaced randomly orientated. (KIMMERIDGE CLAY FORMATION) (7).","Kimmeridge Clay","","","OS02","6.50","LB","014","","","6.50","01","","","21.00","","","","","","","","","","","","","","","","","","","","","","","","","6.50","03","","","2.63","Measured","","","","","","","","","","","","","","","","6.10","7.05"
"KC","Kimmeridge Clay Formation","KC_UW","Undefined","201","CLAY","Stiff and very stiff fissured thinly locally thickly laminated grey CLAY with occasional shell fragments. Fissures are closely to very closely spaced randomly orientated. (KIMMERIDGE CLAY FORMATION) (6).","Kimmeridge Clay","","","OS02","3.50","D","007","","","3.50","01","","Natural","19.00","","3.50","01","","","57.00","38.00","19","19.00","100.00","","","","","","","","","","","","","","","","","","","","","","","","","","","","","","","","","","","","3.50","6.10"
"KC","Kimmeridge Clay Formation","KC_UW","Undefined","201","CLAY","Stiff and very stiff fissured thinly locally thickly laminated grey CLAY with occasional shell fragments. Fissures are closely to very closely spaced randomly orientated. (KIMMERIDGE CLAY FORMATION) (6).","Kimmeridge Clay","","","OS02","3.50","LB","008","","","3.50","02","","","19.00","","","","","","","","","","","","","","3.50","01","","","","","","","","","","3.50","06","","","2.57","Measured","","","","","","","","","","","","","","","","3.50","6.10"
"KC","Kimmeridge Clay Formation","KC_UW","Undefined","201","CLAY","Stiff and very stiff fissured thinly locally thickly laminated grey CLAY with occasional shell fragments. Fissures are closely to very closely spaced randomly orientated. (KIMMERIDGE CLAY FORMATION) (6).","Kimmeridge Clay","","","OS02","4.50","D","009","","","4.50","01","","Natural","22.00","","4.50","01","","","57.00","32.00","25","25.00","100.00","","","","","","","","","","","","","","","","","","","","","","","","","","","","","","","","","","","","3.50","6.10"
"KC","Kimmeridge Clay Formation","KC_UW","Undefined","201","CLAY","Stiff and very stiff fissured thinly locally thickly laminated grey CLAY with occasional shell fragments. Fissures are closely to very closely spaced randomly orientated. (KIMMERIDGE CLAY FORMATION) (6).","Kimmeridge Clay","","","OS02","4.50","LB","010","","","4.50","07","","","21.00","","","","","","","","","","","","","","","","","","","","","","","","","4.50","09","","","2.64","Measured","","","","","","","","","","","","","","","","3.50","6.10"
"KC","Kimmeridge Clay Formation","KC_UW","Undefined","201","CLAY","Stiff and very stiff fissured thinly locally thickly laminated grey CLAY with occasional shell fragments. Fissures are closely to very closely spaced randomly orientated. (KIMMERIDGE CLAY FORMATION) (6).","Kimmeridge Clay","","","OS02","5.50","D","011","","","5.50","01","","Natural","20.00","","5.50","01","","","54.00","29.00","25","25.00","100.00","","","","","","","","","","","","","","","","","","","","","","","","","","","","","","","","","","","","3.50","6.10"
"KC","Kimmeridge Clay Formation","KC_UW","Undefined","201","CLAY","Stiff and very stiff fissured thinly locally thickly laminated grey CLAY with occasional shell fragments. Fissures are closely to very closely spaced randomly orientated. (KIMMERIDGE CLAY FORMATION) (6).","Kimmeridge Clay","","","OS02","5.50","LB","012","","","5.50","01","","","22.00","","","","","","","","","","","","","","","","","","","","","","","","","5.50","06","","","2.60","Measured","","","","","","","","","","","","","","","","3.50","6.10"
"KC","Kimmeridge Clay Formation","KC_UW","Undefined","201","CLAY","Stiff and very stiff fissured thinly locally thickly laminated grey CLAY with occasional shell fragments. Fissures are closely to very closely spaced randomly orientated. (KIMMERIDGE CLAY FORMATION) (6).","Kimmeridge Clay","","","OS02","5.50","LB","012","","","5.50","04","","","21.00","","","","","","","","","","","","","","","","","","","","","","","","","5.50","06","","","2.60","Measured","","","","","","","","","","","","","","","","3.50","6.10"
"KC","Kimmeridge Clay Formation","KC_UW","Undefined","201","CLAY","Stiff fissured thinly laminated grey CLAY with occasional shell fragments. Fissures are very closely spaced randomly orientated. (KIMMERIDGE CLAY FORMATION) (8).","Kimmeridge Clay","","","OS02","7.50","D","015","","","7.50","01","","Natural","20.00","","7.50","01","","","54.00","35.00","19","19.00","100.00","","","","","","","","","","","","","","","","","","","","","","","","","","","","","","","","","","","","7.05","7.55"
"KC","Kimmeridge Clay Formation","KC_UW","Undefined","201","CLAY","Stiff fissured thinly laminated grey CLAY with occasional shell fragments. Fissures are very closely spaced randomly orientated. (KIMMERIDGE CLAY FORMATION) (8).","Kimmeridge Clay","","","OS02","7.50","LB","016","","","7.50","02","","","16.00","","","","","","","","","","","","","","7.50","01","","","","","","","","","","7.50","06","","","2.60","Measured","","","","","","","","","","","","","","","","7.05","7.55"
"KC","Kimmeridge Clay Formation","KC_UW","Undefined","201","CLAY","Very stiff locally hard fissured thickly laminated dark grey CLAY with occasional shell fragments. Fissures are closely and very closely spaced randomly orientated with occasional discontinuous thin partings of silt along fissures. (KIMMERIDGE CLAY FORMATION) (13).","Kimmeridge Clay","","","OS02","12.50","D","025","","","12.50","01","","Natural","24.00","","12.50","01","","","58.00","37.00","21","21.00","100.00","","","","","","","","","","","","","","","","","","","","","","","","","","","","","","","","","","","","12.30","15.00"
"KC","Kimmeridge Clay Formation","KC_UW","Undefined","201","CLAY","Very stiff locally hard fissured thickly laminated dark grey CLAY with occasional shell fragments. Fissures are closely and very closely spaced randomly orientated with occasional discontinuous thin partings of silt along fissures. (KIMMERIDGE CLAY FORMATION) (13).","Kimmeridge Clay","","","OS02","12.50","LB","026","","","12.50","01","","","24.00","","","","","","","","","","","","","","","","","","","","","","","","","12.50","06","","","2.64","Measured","","","","","","","","","","","","","","","","12.30","15.00"
"KC","Kimmeridge Clay Formation","KC_UW","Undefined","201","CLAY","Very stiff locally hard fissured thickly laminated dark grey CLAY with occasional shell fragments. Fissures are closely and very closely spaced randomly orientated with occasional discontinuous thin partings of silt along fissures. (KIMMERIDGE CLAY FORMATION) (13).","Kimmeridge Clay","","","OS02","12.50","LB","026","","","12.50","04","","","22.00","","","","","","","","","","","","","","","","","","","","","","","","","12.50","06","","","2.64","Measured","","","","","","","","","","","","","","","","12.30","15.00"
"KC","Kimmeridge Clay Formation","KC_UW","Undefined","201","CLAY","Very stiff locally hard fissured thickly laminated dark grey CLAY with occasional shell fragments. Fissures are closely and very closely spaced randomly orientated with occasional discontinuous thin partings of silt along fissures. (KIMMERIDGE CLAY FORMATION) (13).","Kimmeridge Clay","","","OS02","13.50","D","027","","","13.50","01","","Natural","25.00","","13.50","01","","","56.00","36.00","20","20.00","100.00","","","","","","","","","","","","","","","","","","","","","","","","","","","","","","","","","","","","12.30","15.00"
"KC","Kimmeridge Clay Formation","KC_UW","Undefined","201","CLAY","Very stiff locally hard fissured thickly laminated dark grey CLAY with occasional shell fragments. Fissures are closely and very closely spaced randomly orientated with occasional discontinuous thin partings of silt along fissures. (KIMMERIDGE CLAY FORMATION) (13).","Kimmeridge Clay","","","OS02","13.50","LB","028","","","13.50","07","","","21.00","","","","","","","","","","","","","","","","","","","","","","","","","13.50","09","","","2.63","Measured","","","","","","","","","","","","","","","","12.30","15.00"
"KC","Kimmeridge Clay Formation","KC_UW","Undefined","201","CLAY","Very stiff locally hard fissured thickly laminated dark grey CLAY with occasional shell fragments. Fissures are closely and very closely spaced randomly orientated with occasional discontinuous thin partings of silt along fissures. (KIMMERIDGE CLAY FORMATION) (13).","Kimmeridge Clay","","","OS02","14.50","D","029","","","14.50","01","","Natural","20.00","","14.50","01","","","44.00","27.00","17","17.00","100.00","","","","","","","","","","","","","","","","","","","","","","","","","","","","","","","","","","","","12.30","15.00"
"KC","Kimmeridge Clay Formation","KC_UW","Undefined","201","CLAY","Very stiff locally hard fissured thickly laminated dark grey CLAY with occasional shell fragments. Fissures are closely and very closely spaced randomly orientated with occasional discontinuous thin partings of silt along fissures. (KIMMERIDGE CLAY FORMATION) (13).","Kimmeridge Clay","","","OS02","14.50","LB","030","","","14.50","02","","","21.00","","","","","","","","","","","","","","14.50","01","","","","","","","","","","14.50","06","","","2.46","Measured","","","","","","","","","","","","","","","","12.30","15.00"
"KC","Kimmeridge Clay Formation","KC_UW","Undefined","203","Sandy CLAY","Stiff fissured thickly laminated slightly sandy greenish grey CLAY with many shell fragments. Fissures are closely spaced generally subhorizontal. (KIMMERIDGE CLAY FORMATION) (11).","Kimmeridge Clay","","","OS02","8.50","D","017","","","8.50","01","","Wet sieve","19.00","","8.50","01","","","52.00","30.00","22","22.00","97.00","","","","","","","","","","","","","","","","","","","","","","","","","","","","","","","","","","","","8.00","11.80"
"KC","Kimmeridge Clay Formation","KC_UW","Undefined","203","Sandy CLAY","Stiff fissured thickly laminated slightly sandy greenish grey CLAY with many shell fragments. Fissures are closely spaced generally subhorizontal. (KIMMERIDGE CLAY FORMATION) (11).","Kimmeridge Clay","","","OS02","8.50","LB","018","","","8.50","01","","","19.00","","","","","","","","","","","","","","","","","","","","","","","","","8.50","03","","","2.61","Measured","","","","","","","","","","","","","","","","8.00","11.80"
"KC","Kimmeridge Clay Formation","KC_UW","Undefined","203","Sandy CLAY","Stiff fissured thickly laminated slightly sandy greenish grey CLAY with many shell fragments. Fissures are closely spaced generally subhorizontal. (KIMMERIDGE CLAY FORMATION) (11).","Kimmeridge Clay","","","OS02","9.50","D","019","","","9.50","01","","Wet sieve","23.00","","9.50","01","","","57.00","32.00","25","25.00","96.00","","","","","","","","","","","","","","","","","","","","","","","","","","","","","","","","","","","","8.00","11.80"
"KC","Kimmeridge Clay Formation","KC_UW","Undefined","203","Sandy CLAY","Stiff fissured thickly laminated slightly sandy greenish grey CLAY with many shell fragments. Fissures are closely spaced generally subhorizontal. (KIMMERIDGE CLAY FORMATION) (11).","Kimmeridge Clay","","","OS02","9.50","LB","020","","","9.50","01","","","24.00","","","","","","","","","","","","","","","","","","","","","","","","","9.50","03","","","2.57","Measured","","","","","","","","","","","","","","","","8.00","11.80"
"KC","Kimmeridge Clay Formation","KC_UW","Undefined","203","Sandy CLAY","Stiff fissured thickly laminated slightly sandy greenish grey CLAY with many shell fragments. Fissures are closely spaced generally subhorizontal. (KIMMERIDGE CLAY FORMATION) (11).","Kimmeridge Clay","","","OS02","10.50","D","021","","","10.50","01","","Wet sieve","12.00","","10.50","01","","","53.00","32.00","21","21.00","95.00","","","","","","","","","","","","","","","","","","","","","","","","","","","","","","","","","","","","8.00","11.80"
"KC","Kimmeridge Clay Formation","KC_UW","Undefined","203","Sandy CLAY","Stiff fissured thickly laminated slightly sandy greenish grey CLAY with many shell fragments. Fissures are closely spaced generally subhorizontal. (KIMMERIDGE CLAY FORMATION) (11).","Kimmeridge Clay","","","OS02","10.50","LB","022","","","10.50","02","","","12.00","","","","","","","","","","","","","","10.50","01","","","","","","","","","","10.50","06","","","2.61","Measured","","","","","","","","","","","","","","","","8.00","11.80"
"KC","Kimmeridge Clay Formation","KC_UW","Undefined","203","Sandy CLAY","Stiff fissured thickly laminated slightly sandy greenish grey CLAY with many shell fragments. Fissures are closely spaced generally subhorizontal. (KIMMERIDGE CLAY FORMATION) (11).","Kimmeridge Clay","","","OS02","11.50","D","023","","","11.50","01","","Natural","24.00","","11.50","01","","","58.00","32.00","26","26.00","100.00","","","","","","","","","","","","","","","","","","","","","","","","","","","","","","","","","","","","8.00","11.80"
"KC","Kimmeridge Clay Formation","KC_UW","Undefined","203","Sandy CLAY","Stiff fissured thickly laminated slightly sandy greenish grey CLAY with many shell fragments. Fissures are closely spaced generally subhorizontal. (KIMMERIDGE CLAY FORMATION) (11).","Kimmeridge Clay","","","OS02","11.50","LB","024","","","11.50","01","","","23.00","","","","","","","","","","","","","","","","","","","","","","","","","11.50","03","","","2.65","Measured","","","","","","","","","","","","","","","","8.00","11.80"
"KC","Kimmeridge Clay Formation","KC_UW","Undefined","997","Undetermined","Samples removed for testing.","Kimmeridge Clay","","","BH380","11.40","D","003","","","11.40","01","","Natural","26.00","","11.40","01","","","52.00","24.00","28","28.00","100.00","","","","","","","","","","","","","","","","","","","","","","","","","","","","","","","","","","","","11.00","11.51"
"KC","Kimmeridge Clay Formation","KC_UW","Undefined","997","Undetermined","Samples removed for testing.","Kimmeridge Clay","","","BH380","14.40","D","007","","","14.40","01","","Natural","23.00","","14.40","01","","","48.00","24.00","24","24.00","100.00","","","","","","","","","","","","","","","","","","","","","","","","","","","","","","","","","","","","14.00","14.53"
"KC","Kimmeridge Clay Formation","KC_UW","Undefined","997","Undetermined","Samples removed for testing.","Kimmeridge Clay","","","BH380","15.50","D","010","","","15.50","01","","Natural","16.00","","15.50","01","","","38.00","20.00","18","18.00","100.00","","","","","","","","","","","","","","","","","","","","","","","","","","","","","","","","","","","","15.10","15.60"
"KC","Kimmeridge Clay Formation","KC_UW","Undefined","201","CLAY","Stiff and very stiff fissured thinly laminated dark grey CLAY with occasional shell fragments. Fissures are very closely spaced randomly orientated (KIMMERIDGE CLAY FORMATION) (8).","Kimmeridge Clay","","","TP308","4.50","D","009","","","4.50","01","","Natural","28.00","","4.50","01","","","58.00","26.00","32","32.00","100.00","","","","","","","","","","","","","","","","","","","","","","","","","","","","","","","","","","","","3.80","4.70"
"KC","Kimmeridge Clay Formation","KC_UW","Undefined","201","CLAY","Stiff and very stiff fissured thinly laminated dark grey CLAY with occasional shell fragments. Fissures are very closely spaced randomly orientated (KIMMERIDGE CLAY FORMATION) (8).","Kimmeridge Clay","","","TP308","4.50","LB","010","","","","","","","","","","","","","","","","","","","","","4.50","01","","","","","","","","","","4.50","05","","","2.46","Measured","","","","","","","","","","","","","","","","3.80","4.70"
"KC","Kimmeridge Clay Formation","KC_UW","Undefined","201","CLAY","Stiff fissured locally indistinctly thinly locally thickly laminated grey CLAY with shell fragments. Fissures are very close locally extremely close randomly orientated (KIMMERIDGE CLAY FORMATION) (7).","Kimmeridge Clay","","","TP308","2.50","D","005","","","2.50","01","","Natural","27.00","","2.50","01","","","59.00","28.00","31","31.00","100.00","","","","","","","","","","","","","","","","","","","","","","","","","","","","","","","","","","","","2.45","3.80"
"KC","Kimmeridge Clay Formation","KC_UW","Undefined","201","CLAY","Stiff fissured locally indistinctly thinly locally thickly laminated grey CLAY with shell fragments. Fissures are very close locally extremely close randomly orientated (KIMMERIDGE CLAY FORMATION) (7).","Kimmeridge Clay","","","TP308","2.50","LB","006","","","","","","","","","","","","","","","","","","","","","2.50","01","","","","","","","","","","2.50","05","","","2.59","Measured","","","","","","","","","","","","","","","","2.45","3.80"
"KC","Kimmeridge Clay Formation","KC_UW","Undefined","201","CLAY","Stiff fissured locally indistinctly thinly locally thickly laminated grey CLAY with shell fragments. Fissures are very close locally extremely close randomly orientated (KIMMERIDGE CLAY FORMATION) (7).","Kimmeridge Clay","","","TP308","3.50","D","007","","","3.50","01","","Natural","28.00","","3.50","01","","","58.00","27.00","31","31.00","100.00","","","","","","","","","","","","","","","","","","","","","","","","","","","","","","","","","","","","2.45","3.80"
"KC","Kimmeridge Clay Formation","KC_UW","Undefined","201","CLAY","Stiff fissured locally indistinctly thinly locally thickly laminated grey CLAY with shell fragments. Fissures are very close locally extremely close randomly orientated (KIMMERIDGE CLAY FORMATION) (7).","Kimmeridge Clay","","","TP308","3.50","LB","008","","","","","","","","","","","","","","","","","","","","","3.50","01","","","","","","","","","","3.50","05","","","2.50","Measured","","","","","","","","","","","","","","","","2.45","3.80"
"KC","Kimmeridge Clay Formation","KC_UW","Undefined","201","CLAY","Stiff and very stiff fissured thinly locally thickly laminated grey CLAY. Fissures are closely to very closely spaced with occasional orange staining on faces (KIMMERIDGE CLAY FORMATION?) (5).","Kimmeridge Clay","","","TP306","3.80","D","007","","","3.80","01","","Natural","26.00","","3.80","01","","","58.00","35.00","23","23.00","100.00","","","","","","","","","","","","","","","","","","","","","","","","","","","","","","","","","","","","3.50","5.00"
"KC","Kimmeridge Clay Formation","KC_UW","Undefined","201","CLAY","Stiff and very stiff fissured thinly locally thickly laminated grey CLAY. Fissures are closely to very closely spaced with occasional orange staining on faces (KIMMERIDGE CLAY FORMATION?) (5).","Kimmeridge Clay","","","TP306","3.80","LB","008","","","","","","","","","","","","","","","","","","","","","3.80","01","","","","","","","","","","3.80","05","","","2.72","Measured","","","","","","","","","","","","","","","","3.50","5.00"
"KC","Kimmeridge Clay Formation","KC_UW","Undefined","201","CLAY","Stiff and very stiff fissured thinly locally thickly laminated grey CLAY. Fissures are closely to very closely spaced with occasional orange staining on faces (KIMMERIDGE CLAY FORMATION?) (5).","Kimmeridge Clay","","","TP306","4.50","D","009","","","4.50","01","","Natural","26.00","","4.50","01","","","59.00","37.00","22","22.00","100.00","","","","","","","","","","","","","","","","","","","","","","","","","","","","","","","","","","","","3.50","5.00"
"KC","Kimmeridge Clay Formation","KC_UW","Undefined","201","CLAY","Stiff and very stiff fissured thinly locally thickly laminated grey CLAY. Fissures are closely to very closely spaced with occasional orange staining on faces (KIMMERIDGE CLAY FORMATION?) (5).","Kimmeridge Clay","","","TP306","4.50","LB","010","","","","","","","","","","","","","","","","","","","","","4.50","01","","","","","","","","","","4.50","05","","","2.66","Measured","","","","","","","","","","","","","","","","3.50","5.00"
"KC","Kimmeridge Clay Formation","KC_W","Undefined","201","CLAY","Stiff fissured grey locally orange mottled grey slightly sandyCLAY. Fissures are very closely spaced randomly orientated. (REWORKED KIMMERIDGE CLAY FORMATION) (4).","Reworked Kimmeridge Clay","","","TP306","2.50","D","005","","","2.50","01","","Natural","24.00","","2.50","01","","","53.00","32.00","21","21.00","100.00","","","","","","","","","","","","","","","","","","","","","","","","","","","","","","","","","","","","1.85","3.50"
"KC","Kimmeridge Clay Formation","KC_W","Undefined","201","CLAY","Stiff fissured grey locally orange mottled grey slightly sandyCLAY. Fissures are very closely spaced randomly orientated. (REWORKED KIMMERIDGE CLAY FORMATION) (4).","Reworked Kimmeridge Clay","","","TP306","2.50","LB","006","","","","","","","","","","","","","","","","","","","","","2.50","01","","","","","","","","","","2.50","05","","","2.67","Measured","","","","","","","","","","","","","","","","1.85","3.50"
"KC","Kimmeridge Clay Formation","KC_W","Undefined","203","Sandy CLAY","Stiff fissured brown mottled grey slightly sandy CLAY. Fissures are very closely spaced locally extremely closely spaced randomly orientated (REWORKED KIMMERIDGE CLAY FORMATION ?) (3).","Reworked Kimmeridge Clay","","","TP306","1.50","D","003","","","1.50","01","","Natural","32.00","","1.50","01","","","61.00","37.00","24","24.00","100.00","","","","","","","","","","","","","","","","","","","","","","","","","","","","","","","","","","","","1.35","1.85"
"KC","Kimmeridge Clay Formation","KC_W","Undefined","203","Sandy CLAY","Stiff fissured brown mottled grey slightly sandy CLAY. Fissures are very closely spaced locally extremely closely spaced randomly orientated (REWORKED KIMMERIDGE CLAY FORMATION ?) (3).","Reworked Kimmeridge Clay","","","TP306","1.50","LB","004","","","","","","","","","","","","","","","","","","","","","1.50","01","","","","","","","","","","","","","","","","","","","","","","","","","","","","","","","1.35","1.85"
"KC","Kimmeridge Clay Formation","KC_UW","Undefined","201","CLAY","Very stiff fissured thinly laminated dark grey CLAY with occasional partings of fine sand and silt and many locally some shell fragments. Fissures are extremely closely to very closely spaced randomly orientated. (KIMMERIDGE CLAY FORMATION)","Kimmeridge Clay","","","BH379","11.50","D","002","","","11.50","01","","Natural","28.00","","11.50","01","","","59.00","31.00","28","28.00","100.00","","","","","","","","","","","","","","","","","","","","","","","","","","","","","","","","","","","","10.29","12.00"
"KC","Kimmeridge Clay Formation","KC_UW","Undefined","997","Undetermined","Samples removed for testing","Kimmeridge Clay","","","BH379","12.40","D","006","","","12.40","01","","Natural","20.00","","12.40","01","","","44.00","22.00","22","22.00","100.00","","","","","","","","","","","","","","","","","","","","","","","","","","","","","","","","","","","","12.00","12.50"
"KC","Kimmeridge Clay Formation","KC_UW","Undefined","997","Undetermined","Samples removed for testing.","Kimmeridge Clay","","","BH379","14.10","D","009","","","14.10","01","","Wet sieve","18.00","","14.10","01","","","60.00","35.00","25","25.00","97.00","","","","","","","","","","","","","","","","","","","","","","","","","","","","","","","","","","","","13.70","14.19"
"KC","Kimmeridge Clay Formation","KC_UW","Undefined","201","CLAY","Firm to stiff fissured dark grey CLAY with occasional shell fragments. Fissures are extremely closely spaced randomly orientated (KIMMERIDGE CLAY FORMATION) (6).","Kimmeridge Clay","","","TP302","2.50","D","005","","","2.50","01","","Natural","34.00","","2.50","01","","","69.00","45.00","24","24.00","100.00","","","","","","","","","","","","","","","","","","","","","","","","","","","","","","","","","","","","2.10","2.90"
"KC","Kimmeridge Clay Formation","KC_UW","Undefined","201","CLAY","Stiff and very stiff fissured locally indistinctly thinly laminated dark grey CLAY with occasional shell fragments. Fissures are very closely spaced randomly orientated (KIMMERIDGE CLAY FORMATION) (8).","Kimmeridge Clay","","","TP302","3.50","D","006","","","3.50","01","","Natural","30.00","","3.50","01","","","73.00","41.00","32","32.00","100.00","","","","","","","","","","","","","","","","","","","","","","","","","","","","","","","","","","","","3.20","4.40"
"KC","Kimmeridge Clay Formation","KC_UW","Undefined","203","Sandy CLAY","Very stiff locally hard fissured thinly laminated slightly sandy grey and dark grey CLAY with occasional shell fragments. Fissures are very closely spaced locally extremely closely spaced generally subhorizontal (KIMMERIDGE CLAY FORMATION) (9).","Kimmeridge Clay","","","TP302","4.50","D","007","","","4.50","01","","Natural","26.00","","4.50","01","","","65.00","33.00","32","32.00","99.00","","","","","","","","","","","","","","","","","","","","","","","","","","","","","","","","","","","","4.40","5.00"
"KC","Kimmeridge Clay Formation","KC_UW","Undefined","201","CLAY","Stiff fissured locally thinly laminated grey CLAY with some shell fragments, occasional phosphate nodules (up to 30mm) and occasional selenite crystals (up to 2mm). Fissures are very closely spaced randomly orientated. (KIMMERIDGE CLAY FORMATION) (7).","Kimmeridge Clay","","","TP301","2.70","D","006","","","2.70","01","","Natural","35.00","","2.70","01","","","72.00","45.00","27","27.00","100.00","","","","","","","","","","","","","","","","","","","","","","","","","","","","","","","","","","","","2.50","3.20"
"KC","Kimmeridge Clay Formation","KC_UW","Undefined","201","CLAY","Stiff fissured thickly locally thinly laminated dark greenish grey CLAY with occasional shell fragments. Fissures are closely to very closely spaced generally horizontal (KIMMERIDGE CLAY FORMATION) (9).","Kimmeridge Clay","","","TP301","3.50","D","007","","","3.50","01","","Natural","30.00","","3.50","01","","","70.00","42.00","28","28.00","100.00","","","","","","","","","","","","","","","","","","","","","","","","","","","","","","","","","","","","3.20","5.00"
"KC","Kimmeridge Clay Formation","KC_UW","Undefined","201","CLAY","Stiff fissured thickly locally thinly laminated dark greenish grey CLAY with occasional shell fragments. Fissures are closely to very closely spaced generally horizontal (KIMMERIDGE CLAY FORMATION) (9).","Kimmeridge Clay","","","TP301","4.50","D","008","","","4.50","01","","Natural","30.00","","4.50","01","","","71.00","44.00","27","27.00","100.00","","","","","","","","","","","","","","","","","","","","","","","","","","","","","","","","","","","","3.20","5.00"
"KC","Kimmeridge Clay Formation","KC_W","Undefined","201","CLAY","Soft to firm locally firm fissured locally indistinctly thinly laminated grey locally brown mottled grey CLAY with occasional shell fragments. Fissures are extremely closely spaced to very closely spaced randomly orientated. (REWORKED KIMMERIDGE CLAY FORMATION ?) (5)","Reworked Kimmeridge Clay","","","TP301","1.90","D","005","","","1.90","01","","Natural","31.00","","1.90","01","","","71.00","41.00","30","30.00","100.00","","","","","","","","","","","","","","","","","","","","","","","","","","","","","","","","","","","","1.45","2.50"
"KC","Kimmeridge Clay Formation","KC_UW","Undefined","201","CLAY","Very stiff locally hard fissured thinly laminated dark grey CLAY with some locally occasional or many, shell fragments. Fissures are extremely closely to closely spaced randomly orientated. (KIMMERIDGE CLAY FORMATION)","Kimmeridge Clay","","","BH381","14.20","D","005","","","14.20","01","","Natural","29.00","","14.20","01","","","63.00","31.00","32","32.00","100.00","","","","","","","","","","","","","","","","","","","","","","","","","","","","","","","","","","","","12.50","15.30"
"KC","Kimmeridge Clay Formation","KC_UW","Undefined","201","CLAY","Very stiff locally hard fissured thinly laminated dark grey CLAY with some locally occasional or many, shell fragments. Fissures are extremely closely to closely spaced randomly orientated. (KIMMERIDGE CLAY FORMATION)","Kimmeridge Clay","","","BH381","14.29","CS","006","","14.50","14.29","01","","","35.00","","","","","","","","","","","","","","","","","","","","","","","","","14.29","02","","","2.55","Measured","","","","","","","","","","","","","","","","12.50","15.30"
"KC","Kimmeridge Clay Formation","KC_UW","Undefined","997","Undetermined","Samples removed for testing","Kimmeridge Clay","","","BH381","12.40","D","003","","","12.40","01","","Natural","27.00","","12.40","01","","","62.00","38.00","24","24.00","100.00","","","","","","","","","","","","","","","","","","","","","","","","","","","","","","","","","","","","12.00","12.50"
"KC","Kimmeridge Clay Formation","KC_UW","Undefined","997","Undetermined","Samples removed for testing","Kimmeridge Clay","","","BH381","16.30","D","009","","","16.30","","","Wet sieve","26.00","","16.30","","","","51.00","24.00","27","27.00","83.00","","","","","","","","","","","","","","","","","","","","","","","","","","","","","","","","","","","","16.20","16.64"
"KC","Kimmeridge Clay Formation","KC_UW","Undefined","201","CLAY","Stiff fissured grey and greenish grey thickly laminated CLAY with widely spaced subhorizontal thin laminations of dark greenish grey silt. Fissures are closely to very closely spaced randomly orientated with occasional discontinuous silt partings. (KIMMERIDGE CLAY FORMATION) (8).","Kimmeridge Clay","","","OS01","5.50","D","012","","","5.50","01","","Natural","25.00","","5.50","01","","","53.00","26.00","27","27.00","100.00","","","","5.50","02","","","","","","","","","","","","","","","","","","","","","","","","","","","","","","","5.40","10.00"
"KC","Kimmeridge Clay Formation","KC_UW","Undefined","201","CLAY","Stiff fissured grey and greenish grey thickly laminated CLAY with widely spaced subhorizontal thin laminations of dark greenish grey silt. Fissures are closely to very closely spaced randomly orientated with occasional discontinuous silt partings. (KIMMERIDGE CLAY FORMATION) (8).","Kimmeridge Clay","","","OS01","5.50","LB","013","","","5.50","01","","","24.00","","","","","","","","","","","","","","","","","","","","","","","","","5.50","03","","","2.66","Measured","","","","","","","","","","","","","","","","5.40","10.00"
"KC","Kimmeridge Clay Formation","KC_UW","Undefined","201","CLAY","Stiff fissured grey and greenish grey thickly laminated CLAY with widely spaced subhorizontal thin laminations of dark greenish grey silt. Fissures are closely to very closely spaced randomly orientated with occasional discontinuous silt partings. (KIMMERIDGE CLAY FORMATION) (8).","Kimmeridge Clay","","","OS01","6.50","D","014","","","6.50","01","","Natural","25.00","","6.50","01","","","50.00","31.00","19","19.00","100.00","","","","","","","","","","","","","","","","","","","","","","","","","","","","","","","","","","","","5.40","10.00"
"KC","Kimmeridge Clay Formation","KC_UW","Undefined","201","CLAY","Stiff fissured grey and greenish grey thickly laminated CLAY with widely spaced subhorizontal thin laminations of dark greenish grey silt. Fissures are closely to very closely spaced randomly orientated with occasional discontinuous silt partings. (KIMMERIDGE CLAY FORMATION) (8).","Kimmeridge Clay","","","OS01","6.50","LB","015","","","6.50","01","","","21.00","","","","","","","","","","","","","","","","","","","","","","","","","6.50","03","","","2.69","Measured","","","","","","","","","","","","","","","","5.40","10.00"
"KC","Kimmeridge Clay Formation","KC_UW","Undefined","201","CLAY","Stiff fissured grey and greenish grey thickly laminated CLAY with widely spaced subhorizontal thin laminations of dark greenish grey silt. Fissures are closely to very closely spaced randomly orientated with occasional discontinuous silt partings. (KIMMERIDGE CLAY FORMATION) (8).","Kimmeridge Clay","","","OS01","7.50","D","016","","","7.50","01","","Natural","27.00","","7.50","01","","","50.00","25.00","25","25.00","100.00","","","","7.50","02","","","","","","","","","","","","","","","","","","","","","","","","","","","","","","","5.40","10.00"
"KC","Kimmeridge Clay Formation","KC_UW","Undefined","201","CLAY","Stiff fissured grey and greenish grey thickly laminated CLAY with widely spaced subhorizontal thin laminations of dark greenish grey silt. Fissures are closely to very closely spaced randomly orientated with occasional discontinuous silt partings. (KIMMERIDGE CLAY FORMATION) (8).","Kimmeridge Clay","","","OS01","7.50","LB","017","","","7.50","01","","","23.00","","","","","","","","","","","","","","","","","","","","","","","","","7.50","06","","","2.71","Measured","","","","","","","","","","","","","","","","5.40","10.00"
"KC","Kimmeridge Clay Formation","KC_UW","Undefined","201","CLAY","Stiff fissured grey and greenish grey thickly laminated CLAY with widely spaced subhorizontal thin laminations of dark greenish grey silt. Fissures are closely to very closely spaced randomly orientated with occasional discontinuous silt partings. (KIMMERIDGE CLAY FORMATION) (8).","Kimmeridge Clay","","","OS01","7.50","LB","017","","","7.50","04","","","21.00","","","","","","","","","","","","","","","","","","","","","","","","","7.50","06","","","2.71","Measured","","","","","","","","","","","","","","","","5.40","10.00"
"KC","Kimmeridge Clay Formation","KC_UW","Undefined","201","CLAY","Stiff fissured grey and greenish grey thickly laminated CLAY with widely spaced subhorizontal thin laminations of dark greenish grey silt. Fissures are closely to very closely spaced randomly orientated with occasional discontinuous silt partings. (KIMMERIDGE CLAY FORMATION) (8).","Kimmeridge Clay","","","OS01","8.50","D","018","","","8.50","01","","Natural","36.00","","8.50","01","","","73.00","44.00","29","29.00","100.00","","","","","","","","","","","","","","","","","","","","","","","","","","","","","","","","","","","","5.40","10.00"
"KC","Kimmeridge Clay Formation","KC_UW","Undefined","201","CLAY","Stiff fissured grey and greenish grey thickly laminated CLAY with widely spaced subhorizontal thin laminations of dark greenish grey silt. Fissures are closely to very closely spaced randomly orientated with occasional discontinuous silt partings. (KIMMERIDGE CLAY FORMATION) (8).","Kimmeridge Clay","","","OS01","8.50","LB","019","","","8.50","07","","","32.00","","","","","","","","","","","","","","","","","","","","","","","","","8.50","10","","","2.56","Measured","","","","","","","","","","","","","","","","5.40","10.00"
"KC","Kimmeridge Clay Formation","KC_UW","Undefined","201","CLAY","Stiff fissured grey and greenish grey thickly laminated CLAY with widely spaced subhorizontal thin laminations of dark greenish grey silt. Fissures are closely to very closely spaced randomly orientated with occasional discontinuous silt partings. (KIMMERIDGE CLAY FORMATION) (8).","Kimmeridge Clay","","","OS01","9.50","D","020","","","9.50","01","","Natural","37.00","","9.50","01","","","71.00","43.00","28","28.00","100.00","","","","9.50","02","","","","","","","","","","","","","","","","","","","","","","","","","","","","","","","5.40","10.00"
"KC","Kimmeridge Clay Formation","KC_UW","Undefined","201","CLAY","Stiff fissured grey and greenish grey thickly laminated CLAY with widely spaced subhorizontal thin laminations of dark greenish grey silt. Fissures are closely to very closely spaced randomly orientated with occasional discontinuous silt partings. (KIMMERIDGE CLAY FORMATION) (8).","Kimmeridge Clay","","","OS01","9.50","LB","021","","","9.50","01","","","31.00","","","","","","","","","","","","","","","","","","","","","","","","","9.50","05","","","2.75","Measured","","","","","","","","","","","","","","","","5.40","10.00"
"KC","Kimmeridge Clay Formation","KC_UW","Undefined","201","CLAY","Stiff fissured thinly laminated grey CLAY with occasional shell fragments. Fissures are very closely to extremely closely spaced randomly orientated. (KIMMERIDGE CLAY FORMATION) (6).","Kimmeridge Clay","","","OS01","2.50","D","005","","","2.50","01","","Natural","33.00","","2.50","01","","","76.00","42.00","34","34.00","100.00","","","","","","","","","","","","","","","","","","","","","","","","","","","","","","","","","","","","1.85","5.40"
"KC","Kimmeridge Clay Formation","KC_UW","Undefined","201","CLAY","Stiff fissured thinly laminated grey CLAY with occasional shell fragments. Fissures are very closely to extremely closely spaced randomly orientated. (KIMMERIDGE CLAY FORMATION) (6).","Kimmeridge Clay","","","OS01","2.50","LB","006","","","","","","","","","","","","","","","","","","","","","","","","","","","","","","","","2.50","03","","","2.55","Measured","","","","","","","","","","","","","","","","1.85","5.40"
"KC","Kimmeridge Clay Formation","KC_UW","Undefined","201","CLAY","Stiff fissured thinly laminated grey CLAY with occasional shell fragments. Fissures are very closely to extremely closely spaced randomly orientated. (KIMMERIDGE CLAY FORMATION) (6).","Kimmeridge Clay","","","OS01","3.50","D","008","","","3.50","01","","Wet sieve","38.00","","3.50","01","","","63.00","37.00","26","26.00","84.00","","","","","","","","","","","","","","","","","","","","","","","","","","","","","","","","","","","","1.85","5.40"
"KC","Kimmeridge Clay Formation","KC_UW","Undefined","201","CLAY","Stiff fissured thinly laminated grey CLAY with occasional shell fragments. Fissures are very closely to extremely closely spaced randomly orientated. (KIMMERIDGE CLAY FORMATION) (6).","Kimmeridge Clay","","","OS01","3.50","LB","009","","","3.50","02","","","31.00","","","","","","","","","","","","","","3.50","01","","","","","","","","","","3.50","06","","","2.62","Measured","","","","","","","","","","","","","","","","1.85","5.40"
"KC","Kimmeridge Clay Formation","KC_UW","Undefined","201","CLAY","Stiff fissured thinly laminated grey CLAY with occasional shell fragments. Fissures are very closely to extremely closely spaced randomly orientated. (KIMMERIDGE CLAY FORMATION) (6).","Kimmeridge Clay","","","OS01","4.50","D","010","","","4.50","01","","Natural","29.00","","4.50","01","","","60.00","31.00","29","29.00","100.00","","","","","","","","","","","","","","","","","","","","","","","","","","","","","","","","","","","","1.85","5.40"
"KC","Kimmeridge Clay Formation","KC_UW","Undefined","201","CLAY","Stiff fissured thinly laminated grey CLAY with occasional shell fragments. Fissures are very closely to extremely closely spaced randomly orientated. (KIMMERIDGE CLAY FORMATION) (6).","Kimmeridge Clay","","","OS01","4.50","LB","011","","","4.50","01","","","18.00","","","","","","","","","","","","","","","","","","","","","","","","","4.50","04","","","2.62","Measured","","","","","","","","","","","","","","","","1.85","5.40"
"KC","Kimmeridge Clay Formation","KC_UW","Undefined","201","CLAY","Firm to stiff fissured thinly laminated greenish grey CLAY with many shell fragments. Fissures are extremely closely spaced randomly orientated. (KIMMERIDGE CLAY FORMATION) (8).","Kimmeridge Clay","","","TP303","2.50","D","005","","","2.50","01","","Natural","30.00","","2.50","01","","","69.00","42.00","27","27.00","100.00","","","","","","","","","","","","","","","","","","","","","","","","","","","","","","","","","","","","2.05","3.10"
"KC","Kimmeridge Clay Formation","KC_UW","Undefined","201","CLAY","Hard thinly laminated fissile dark greenish grey CLAY with occasional thin laminations of silt. Bituminous odour. (KIMMERIDGE CLAY FORMATION) (10)","Kimmeridge Clay","","","TP303","3.50","D","006","","","3.50","01","","Natural","29.00","","3.50","01","","","63.00","28.00","35","35.00","100.00","","","","","","","","","","","","","","","","","","","","","","","","","","","","","","","","","","","","3.10","4.00"
"KC","Kimmeridge Clay Formation","KC_UW","Undefined","201","CLAY","Hard thinly laminated fissured greenish grey CLAY with some shell fragments. Fissures are extremely closely spaced generally subhorizontal. (Bituminous odour). (KIMMERIDGE CLAY FORMATION) (11).","Kimmeridge Clay","","","TP303","4.50","D","008","","","4.50","01","","Natural","32.00","","4.50","01","","","69.00","36.00","33","33.00","100.00","","","","","","","","","","","","","","","","","","","","","","","","","","","","","","","","","","","","4.00","5.00"
"KC","Kimmeridge Clay Formation","KC_W","Undefined","201","CLAY","Firm fissured grey CLAY. Fissures are extremely closely spaced randomly orientated (KIMMERIDGE CLAY FORMATION). (5)","Kimmeridge Clay","","","TP305","2.50","D","006","","","2.50","01","","Natural","25.00","","2.50","01","","","58.00","36.00","22","22.00","100.00","","","","","","","","","","","","","","","","","","","","","","","","","","","","","","","","","","","","2.10","2.80"
"KC","Kimmeridge Clay Formation","KC_W","Undefined","201","CLAY","Firm fissured grey CLAY. Fissures are extremely closely spaced randomly orientated (KIMMERIDGE CLAY FORMATION). (5)","Kimmeridge Clay","","","TP305","3.50","D","007","","","3.50","01","","Natural","24.00","","3.50","01","","","57.00","36.00","21","21.00","100.00","","","","","","","","","","","","","","","","","","","","","","","","","","","","","","","","","","","","3.05","4.80"
"KC","Kimmeridge Clay Formation","KC_W","Undefined","201","CLAY","Firm fissured grey CLAY. Fissures are extremely closely spaced randomly orientated (KIMMERIDGE CLAY FORMATION). (5)","Kimmeridge Clay","","","TP305","4.50","D","008","","","4.50","01","","Natural","25.00","","4.50","01","","","61.00","36.00","25","25.00","100.00","","","","","","","","","","","","","","","","","","","","","","","","","","","","","","","","","","","","3.05","4.80"
"KC","Kimmeridge Clay Formation","KC_W","Undefined","201","CLAY","Firm indistinctly fissured brown mottled grey CLAY with occasional shell fragments. Fissures are extremely closely spaced randomly orientated (KIMMERIDGE CLAY FORMATION). (4)","Kimmeridge Clay","","","TP305","1.50","D","003","","","1.50","01","","Wet sieve","18.00","","1.50","01","","","33.00","16.00","17","17.00","8.00","","","","","","","","","","","","","","","","","","","","","","","","","","","","","","","","","","","","1.35","2.10"
"KC","Kimmeridge Clay Formation","KC_W","Undefined","201","CLAY","Firm indistinctly fissured brown mottled grey CLAY with occasional shell fragments. Fissures are extremely closely spaced randomly orientated (KIMMERIDGE CLAY FORMATION). (4)","Kimmeridge Clay","","","TP305","1.50","LB","004","","","","","","","","","","","","","","","","","","","","","1.50","01","","","","","","","","","","","","","","","","","","","","","","","","","","","","","","","1.35","2.10"
"KC","Kimmeridge Clay Formation","KC_W","Undefined","201","CLAY","Stiff fissured locally indistinctly laminated grey CLAY with occasional shell fragments. Fissures are very closely spaced randomly orientated (KIMMERIDGE CLAY FORMATION). (4)","Kimmeridge Clay","","","TP304","1.50","D","003","","","1.50","01","","Natural","33.00","","1.50","01","","","71.00","45.00","26","26.00","100.00","","","","","","","","","","","","","","","","","","","","","","","","","","","","","","","","","","","","1.40","1.94"
"KC","Kimmeridge Clay Formation","KC_W","Undefined","201","CLAY","Stiff fissured locally indistinctly laminated grey CLAY with occasional shell fragments. Fissures are very closely spaced randomly orientated (KIMMERIDGE CLAY FORMATION). (4)","Kimmeridge Clay","","","TP304","1.50","LB","004","","","","","","","","","","","","","","","","","","","","","1.50","01","","","","","","","","","","","","","","","","","","","","","","","","","","","","","","","1.40","1.94"
"KC","Kimmeridge Clay Formation","KC_W","Undefined","201","CLAY","Stiff fissured locally indistinctly thinly laminated dark grey CLAY with occasional shell fragments. Fissures are very closely spaced randomly orientated (KIMMERIDGE CLAY FORMATION). (6)","Kimmeridge Clay","","","TP304","2.50","D","005","","","2.50","01","","Natural","42.00","","2.50","01","","","68.00","42.00","26","26.00","100.00","","","","","","","","","","","","","","","","","","","","","","","","","","","","","","","","","","","","2.04","2.85"
"KC","Kimmeridge Clay Formation","KC_W","Undefined","201","CLAY","Stiff to very stiff fissured thinly laminated grey CLAY. Fissures are very closely spaced with many selenite crystals (<1mm) on faces (KIMMERIDGE CLAY FORMATION). (7)","Kimmeridge Clay","","","TP304","3.50","D","006","","","3.50","01","","Natural","33.00","","3.50","01","","","67.00","40.00","27","27.00","100.00","","","","","","","","","","","","","","","","","","","","","","","","","","","","","","","","","","","","2.85","5.00"
"KC","Kimmeridge Clay Formation","KC_W","Undefined","201","CLAY","Stiff to very stiff fissured thinly laminated grey CLAY. Fissures are very closely spaced with many selenite crystals (<1mm) on faces (KIMMERIDGE CLAY FORMATION). (7)","Kimmeridge Clay","","","TP304","4.50","D","007","","","4.50","01","","Wet sieve","32.00","","4.50","01","","","69.00","43.00","26","26.00","95.00","","","","","","","","","","","","","","","","","","","","","","","","","","","","","","","","","","","","2.85","5.00"
"KC","Kimmeridge Clay Formation","KC_UW","Undefined","201","CLAY","Stiff fissured locally indistinctly thinly laminated dark grey CLAY. Fissures are extremely locally very closely spaced randomly orientated (KIMMERIDGE CLAY FORMATION). (4)","Kimmeridge Clay","","","TP309","2.50","D","005","","","2.50","01","","Natural","32.00","","2.50","01","","","73.00","45.00","28","28.00","100.00","","","","","","","","","","","","","","","","","","","","","","","","","","","","","","","","","","","","1.55","4.60"
"KC","Kimmeridge Clay Formation","KC_UW","Undefined","201","CLAY","Stiff fissured locally indistinctly thinly laminated dark grey CLAY. Fissures are extremely locally very closely spaced randomly orientated (KIMMERIDGE CLAY FORMATION). (4)","Kimmeridge Clay","","","TP309","2.50","LB","006","","","","","","","","","","","","","","","","","","","","","2.50","01","","","","","","","","","","2.50","05","","","2.56","Measured","","","","","","","","","","","","","","","","1.55","4.60"
"KC","Kimmeridge Clay Formation","KC_UW","Undefined","201","CLAY","Stiff fissured locally indistinctly thinly laminated dark grey CLAY. Fissures are extremely locally very closely spaced randomly orientated (KIMMERIDGE CLAY FORMATION). (4)","Kimmeridge Clay","","","TP309","3.50","D","007","","","3.50","01","","Natural","31.00","","3.50","01","","","68.00","43.00","25","25.00","100.00","","","","","","","","","","","","","","","","","","","","","","","","","","","","","","","","","","","","1.55","4.60"
"KC","Kimmeridge Clay Formation","KC_UW","Undefined","201","CLAY","Stiff fissured locally indistinctly thinly laminated dark grey CLAY. Fissures are extremely locally very closely spaced randomly orientated (KIMMERIDGE CLAY FORMATION). (4)","Kimmeridge Clay","","","TP309","3.50","LB","008","","","","","","","","","","","","","","","","","","","","","3.50","01","","","","","","","","","","3.50","05","","","2.57","Measured","","","","","","","","","","","","","","","","1.55","4.60"
"KC","Kimmeridge Clay Formation","KC_UW","Undefined","201","CLAY","Stiff fissured locally indistinctly thinly laminated dark grey CLAY. Fissures are extremely locally very closely spaced randomly orientated (KIMMERIDGE CLAY FORMATION). (4)","Kimmeridge Clay","","","TP309","4.50","D","009","","","4.50","01","","Natural","30.00","","4.50","01","","","69.00","41.00","28","28.00","100.00","","","","","","","","","","","","","","","","","","","","","","","","","","","","","","","","","","","","1.55","4.60"
"KC","Kimmeridge Clay Formation","KC_UW","Undefined","201","CLAY","Stiff fissured locally indistinctly thinly laminated dark grey CLAY. Fissures are extremely locally very closely spaced randomly orientated (KIMMERIDGE CLAY FORMATION). (4)","Kimmeridge Clay","","","TP309","4.50","LB","010","","","","","","","","","","","","","","","","","","","","","4.50","01","","","","","","","","","","4.50","05","","","2.49","Measured","","","","","","","","","","","","","","","","1.55","4.60"
"KC","Kimmeridge Clay Formation","KC_UW","Undefined","203","Sandy CLAY","Stiff fissured locally indistinctly thinly laminated orange mottled grey slightly sandy locally sandy CLAY with occasional lenses of calcareous silt (up to 100mm). Fissures are very locally extremely closely spaced randomly orientated (KIMMERIDGE CLAY FORMATION). (3)","Kimmeridge Clay","","","TP309","1.50","D","003","","","1.50","01","","Natural","24.00","","1.50","01","","","56.00","36.00","20","20.00","100.00","","","","","","","","","","","","","","","","","","","","","","","","","","","","","","","","","","","","0.55","1.55"
"KC","Kimmeridge Clay Formation","KC_UW","Undefined","203","Sandy CLAY","Stiff fissured locally indistinctly thinly laminated orange mottled grey slightly sandy locally sandy CLAY with occasional lenses of calcareous silt (up to 100mm). Fissures are very locally extremely closely spaced randomly orientated (KIMMERIDGE CLAY FORMATION). (3)","Kimmeridge Clay","","","TP309","1.50","LB","004","","","","","","","","","","","","","","","","","","","","","1.50","01","","","","","","","","","","","","","","","","","","","","","","","","","","","","","","","0.55","1.55"
"KC","Kimmeridge Clay Formation","KC_UW","Undefined","201","CLAY","Very stiff locally hard fissured thinly laminated grey CLAY with rare shell fragments. Fissures are extremely to very closely spaced randomly orientated. (KIMMERIDGE CLAY FORMATION) (10)","Kimmeridge Clay","","","TP313","3.50","D","008","","","3.50","01","","Natural","31.00","","3.50","01","","","65.00","40.00","25","25.00","100.00","","","","","","","","","","","","","","","","","","","","","","","","","","","","","","","","","","","","3.50","5.00"
"KC","Kimmeridge Clay Formation","KC_UW","Undefined","201","CLAY","Very stiff locally hard fissured thinly laminated grey CLAY with rare shell fragments. Fissures are extremely to very closely spaced randomly orientated. (KIMMERIDGE CLAY FORMATION) (10)","Kimmeridge Clay","","","TP313","4.50","D","009","","","4.50","01","","Natural","31.00","","4.50","01","","","61.00","36.00","25","25.00","100.00","","","","","","","","","","","","","","","","","","","","","","","","","","","","","","","","","","","","3.50","5.00"
"KC","Kimmeridge Clay Formation","KC_UW","Undefined","203","Sandy CLAY","Hard fissured thinly laminated brownish grey and dark grey slightly sandy CLAY with many shell fragments. Fissures are extremely closely spaced randomly orientated (slight bituminous odour) (KIMMERIDGE CLAY FORMATION) (7)","Kimmeridge Clay","","","TP313","2.50","D","007","","","2.50","01","","Natural","29.00","","2.50","01","","","62.00","36.00","26","26.00","100.00","","","","","","","","","","","","","","","","","","","","","","","","","","","","","","","","","","","","2.50","2.80"
"KC","Kimmeridge Clay Formation","KC_W","Undefined","203","Sandy CLAY","Stiff grey mottled orangish brown slightly sandy CLAY with some shell fragments (REWORKED KIMMERIDGE CLAY FORMATION) (4)","Reworked Kimmeridge Clay","","","TP313","1.50","D","005","","","1.50","01","","Natural","32.00","","1.50","01","","","63.00","35.00","28","28.00","100.00","","","","","","","","","","","","","","","","","","","","","","","","","","","","","","","","","","","","0.80","1.95"
"KC","Kimmeridge Clay Formation","KC_W","Undefined","203","Sandy CLAY","Stiff grey mottled orangish brown slightly sandy CLAY with some shell fragments (REWORKED KIMMERIDGE CLAY FORMATION) (4)","Reworked Kimmeridge Clay","","","TP313","1.50","LB","006","","","","","","","","","","","","","","","","","","","","","1.50","01","","","","","","","","","","","","","","","","","","","","","","","","","","","","","","","0.80","1.95"
"KC","Kimmeridge Clay Formation","KC_W","Undefined","201","CLAY","Stiff fissured indistinctly laminated grey CLAY. Fissures are very closely spaced randomly orientated (KIMMERIDGE CLAY FORMATION). (6)","Kimmeridge Clay","","","TP316","2.50","D","005","","","2.50","01","","Natural","41.00","","2.50","01","","","64.00","38.00","26","26.00","100.00","","","","","","","","","","","","","","","","","","","","","","","","","","","","","","","","","","","","1.84","5.00"
"KC","Kimmeridge Clay Formation","KC_W","Undefined","201","CLAY","Stiff fissured indistinctly laminated grey CLAY. Fissures are very closely spaced randomly orientated (KIMMERIDGE CLAY FORMATION). (6)","Kimmeridge Clay","","","TP316","2.50","LB","006","","","","","","","","","","","","","","","","","","","","","2.50","01","","","","","","","","","","2.50","05","","","2.61","Measured","","","","","","","","","","","","","","","","1.84","5.00"
"KC","Kimmeridge Clay Formation","KC_W","Undefined","201","CLAY","Stiff fissured indistinctly laminated grey CLAY. Fissures are very closely spaced randomly orientated (KIMMERIDGE CLAY FORMATION). (6)","Kimmeridge Clay","","","TP316","3.50","D","007","","","3.50","01","","Natural","29.00","","3.50","01","","","63.00","39.00","24","24.00","100.00","","","","","","","","","","","","","","","","","","","","","","","","","","","","","","","","","","","","1.84","5.00"
"KC","Kimmeridge Clay Formation","KC_W","Undefined","201","CLAY","Stiff fissured indistinctly laminated grey CLAY. Fissures are very closely spaced randomly orientated (KIMMERIDGE CLAY FORMATION). (6)","Kimmeridge Clay","","","TP316","3.50","LB","008","","","","","","","","","","","","","","","","","","","","","3.50","01","","","","","","","","","","3.50","05","","","2.65","Measured","","","","","","","","","","","","","","","","1.84","5.00"
"KC","Kimmeridge Clay Formation","KC_W","Undefined","201","CLAY","Stiff fissured indistinctly laminated grey CLAY. Fissures are very closely spaced randomly orientated (KIMMERIDGE CLAY FORMATION). (6)","Kimmeridge Clay","","","TP316","4.50","D","009","","","4.50","01","","Natural","30.00","","4.50","01","","","68.00","42.00","26","26.00","100.00","","","","","","","","","","","","","","","","","","","","","","","","","","","","","","","","","","","","1.84","5.00"
"KC","Kimmeridge Clay Formation","KC_W","Undefined","201","CLAY","Stiff fissured indistinctly laminated grey CLAY. Fissures are very closely spaced randomly orientated (KIMMERIDGE CLAY FORMATION). (6)","Kimmeridge Clay","","","TP316","4.50","LB","010","","","","","","","","","","","","","","","","","","","","","4.50","01","","","","","","","","","","4.50","05","","","2.65","Measured","","","","","","","","","","","","","","","","1.84","5.00"
"KC","Kimmeridge Clay Formation","KC_W","Undefined","203","Sandy CLAY","Firm to stiff fissured dark grey slightly sandy CLAY with occasional shell fragments. Fissures are extremely closely to very closely spaced randomly orientated (KIMMERIDGE CLAY FORMATION). (5)","Kimmeridge Clay","","","TP316","1.50","D","003","","","1.50","01","","Natural","26.00","","1.50","01","","","64.00","38.00","26","26.00","100.00","","","","","","","","","","","","","","","","","","","","","","","","","","","","","","","","","","","","1.50","1.84"
"KC","Kimmeridge Clay Formation","KC_W","Undefined","203","Sandy CLAY","Firm to stiff fissured dark grey slightly sandy CLAY with occasional shell fragments. Fissures are extremely closely to very closely spaced randomly orientated (KIMMERIDGE CLAY FORMATION). (5)","Kimmeridge Clay","","","TP316","1.50","LB","004","","","","","","","","","","","","","","","","","","","","","1.50","01","","","","","","","","","","","","","","","","","","","","","","","","","","","","","","","1.50","1.84"
"KC","Kimmeridge Clay Formation","KC_UW","Undefined","201","CLAY","Stiff fissured dark orangish brown CLAY with occasional phosphatic nodules (up to 40mm). Fissures are very closely spaced randomly orientated (KIMMERIDGE CLAY FORMATION) (9).","Kimmeridge Clay","","","TP310","3.50","D","007","","","3.50","01","","Natural","24.00","","3.50","01","","","56.00","37.00","19","19.00","100.00","","","","","","","","","","","","","","","","","","","","","","","","","","","","","","","","","","","","2.80","5.00"
"KC","Kimmeridge Clay Formation","KC_UW","Undefined","201","CLAY","Stiff fissured dark orangish brown CLAY with occasional phosphatic nodules (up to 40mm). Fissures are very closely spaced randomly orientated (KIMMERIDGE CLAY FORMATION) (9).","Kimmeridge Clay","","","TP310","3.50","LB","008","","","","","","","","","","","","","","","","","","","","","3.50","01","","","","","","","","","","3.50","05","","","2.61","Measured","","","","","","","","","","","","","","","","2.80","5.00"
"KC","Kimmeridge Clay Formation","KC_UW","Undefined","201","CLAY","Stiff fissured dark orangish brown CLAY with occasional phosphatic nodules (up to 40mm). Fissures are very closely spaced randomly orientated (KIMMERIDGE CLAY FORMATION) (9).","Kimmeridge Clay","","","TP310","3.50","LB","008","","","","","","","","","","","","","","","","","","","","","3.50","06","","","","","","","","","","3.50","05","","","2.61","Measured","","","","","","","","","","","","","","","","2.80","5.00"
"KC","Kimmeridge Clay Formation","KC_UW","Undefined","201","CLAY","Stiff fissured dark orangish brown CLAY with occasional phosphatic nodules (up to 40mm). Fissures are very closely spaced randomly orientated (KIMMERIDGE CLAY FORMATION) (9).","Kimmeridge Clay","","","TP310","4.50","D","009","","","4.50","01","","Natural","21.00","","4.50","01","","","51.00","33.00","18","18.00","100.00","","","","","","","","","","","","","","","","","","","","","","","","","","","","","","","","","","","","2.80","5.00"
"KC","Kimmeridge Clay Formation","KC_UW","Undefined","201","CLAY","Stiff fissured dark orangish brown CLAY with occasional phosphatic nodules (up to 40mm). Fissures are very closely spaced randomly orientated (KIMMERIDGE CLAY FORMATION) (9).","Kimmeridge Clay","","","TP310","4.50","LB","010","","","","","","","","","","","","","","","","","","","","","4.50","01","","","","","","","","","","4.50","05","","","2.63","Measured","","","","","","","","","","","","","","","","2.80","5.00"
"KC","Kimmeridge Clay Formation","KC_UW","Undefined","203","Sandy CLAY","Stiff fissured dark orangish brown sandy CLAY with occasional phosphatic nodules (up to 40mm). Fissures are very closely spaced randomly orientated (REWORKED KIMMERIDGE CLAY FORMATION) (4).","Reworked Kimmeridge Clay","","","TP310","1.50","D","003","","","1.50","01","","Natural","24.00","","1.50","01","","","43.00","26.00","17","17.00","100.00","","","","","","","","","","","","","","","","","","","","","","","","","","","","","","","","","","","","1.30","2.10"
"KC","Kimmeridge Clay Formation","KC_UW","Undefined","203","Sandy CLAY","Stiff fissured dark orangish brown sandy CLAY with occasional phosphatic nodules (up to 40mm). Fissures are very closely spaced randomly orientated (REWORKED KIMMERIDGE CLAY FORMATION) (4).","Reworked Kimmeridge Clay","","","TP310","1.50","LB","004","","","","","","","","","","","","","","","","","","","","","1.50","01","","","","","","","","","","","","","","","","","","","","","","","","","","","","","","","1.30","2.10"
"KC","Kimmeridge Clay Formation","KC_UW","Undefined","203","Sandy CLAY","Stiff fissured slightly sandy dark orangish brown CLAY with occasional phosphatic nodules (up to 40mm). Fissures are very closely spaced randomly orientated (KIMMERIDGE CLAY FORMATION) (6).","Kimmeridge Clay","","","TP310","2.50","D","005","","","2.50","01","","Natural","23.00","","2.50","01","","","56.00","34.00","22","22.00","100.00","","","","","","","","","","","","","","","","","","","","","","","","","","","","","","","","","","","","2.30","2.70"
"KC","Kimmeridge Clay Formation","KC_UW","Undefined","203","Sandy CLAY","Stiff fissured slightly sandy dark orangish brown CLAY with occasional phosphatic nodules (up to 40mm). Fissures are very closely spaced randomly orientated (KIMMERIDGE CLAY FORMATION) (6).","Kimmeridge Clay","","","TP310","2.50","LB","006","","","","","","","","","","","","","","","","","","","","","2.50","01","","","","","","","","","","2.50","05","","","2.64","Measured","","","","","","","","","","","","","","","","2.30","2.70"
"KC","Kimmeridge Clay Formation","KC_UW","Undefined","201","CLAY","Stiff and very stiff fissured locally indistinctly laminated grey CLAY with occasional selenite crystals and many shell fragments. Fissures are closely to very closely spaced generally subhorizontal (KIMMERIDGE CLAY FORMATION) (8).","Kimmeridge Clay","","","TP318","3.50","D","006","","","3.50","01","","Natural","27.00","","3.50","01","","","66.00","29.00","37","37.00","100.00","","","","","","","","","","","","","","","","","","","","","","","","","","","","","","","","","","","","3.20","3.90"
"KC","Kimmeridge Clay Formation","KC_UW","Undefined","201","CLAY","Stiff and very stiff fissured locally indistinctly thinly laminated greenish grey CLAY with occasional shell fragments. Fissures are closely to very closely spaced generally subhorizontal (KIMMERIDGE CLAY FORMATION) (9)","Kimmeridge Clay","","","TP318","4.50","D","007","","","4.50","01","","Natural","29.00","","4.50","01","","","66.00","40.00","26","26.00","100.00","","","","","","","","","","","","","","","","","","","","","","","","","","","","","","","","","","","","3.90","5.00"
"KC","Kimmeridge Clay Formation","KC_UW","Undefined","201","CLAY","Stiff fissured locally thinly laminated grey locally greenish grey CLAY with many shell fragments. Fissures are extremely closely spaced randomly orientated. (KIMMERIDGE CLAY FORMATION) (7).","Kimmeridge Clay","","","TP318","2.50","D","005","","","2.50","01","","Wet sieve","33.00","","2.50","01","","","59.00","30.00","29","29.00","95.00","","","","","","","","","","","","","","","","","","","","","","","","","","","","","","","","","","","","2.30","3.20"
"KC","Kimmeridge Clay Formation","KC_UW","Undefined","203","Sandy CLAY","Stiff to very stiff fissured indistinctly thinly laminated grey slightly sandy CLAY with occasional locally some shell fragments. Fissures are very closely spaced randomly orientated (KIMMERIDGE CLAY FORMATION). (7)","Kimmeridge Clay","","","TP317","3.50","D","007","","","3.50","01","","Natural","16.00","","3.50","01","","","59.00","40.00","19","19.00","100.00","","","","","","","","","","","","","","","","","","","","","","","","","","","","","","","","","","","","2.70","5.00"
"KC","Kimmeridge Clay Formation","KC_UW","Undefined","203","Sandy CLAY","Stiff to very stiff fissured indistinctly thinly laminated grey slightly sandy CLAY with occasional locally some shell fragments. Fissures are very closely spaced randomly orientated (KIMMERIDGE CLAY FORMATION). (7)","Kimmeridge Clay","","","TP317","3.50","LB","008","","","","","","","","","","","","","","","","","","","","","3.50","01","","","","","","","","","","3.50","05","","","2.68","Measured","","","","","","","","","","","","","","","","2.70","5.00"
"KC","Kimmeridge Clay Formation","KC_UW","Undefined","203","Sandy CLAY","Stiff to very stiff fissured indistinctly thinly laminated grey slightly sandy CLAY with occasional locally some shell fragments. Fissures are very closely spaced randomly orientated (KIMMERIDGE CLAY FORMATION). (7)","Kimmeridge Clay","","","TP317","4.50","D","009","","","4.50","01","","Natural","28.00","","4.50","01","","","66.00","43.00","23","23.00","100.00","","","","","","","","","","","","","","","","","","","","","","","","","","","","","","","","","","","","2.70","5.00"
"KC","Kimmeridge Clay Formation","KC_UW","Undefined","203","Sandy CLAY","Stiff to very stiff fissured indistinctly thinly laminated grey slightly sandy CLAY with occasional locally some shell fragments. Fissures are very closely spaced randomly orientated (KIMMERIDGE CLAY FORMATION). (7)","Kimmeridge Clay","","","TP317","4.50","LB","010","","","","","","","","","","","","","","","","","","","","","4.50","01","","","","","","","","","","4.50","05","","","2.66","Measured","","","","","","","","","","","","","","","","2.70","5.00"
"KC","Kimmeridge Clay Formation","KC_W","Undefined","201","CLAY","Firm to stiff fissured locally thinly laminated dark grey CLAY with abundant selenite crystals (<30mm). Fissures are extremely closely spaced randomly orientated with occasional yellow discoloration penetrating up to 5mm from surfaces (KIMMERIDGE CLAY FORMATION). (6)","Kimmeridge Clay","","","TP317","2.50","D","005","","","2.50","01","","Natural","29.00","","2.50","01","","","52.00","32.00","20","20.00","100.00","","","","","","","","","","","","","","","","","","","","","","","","","","","","","","","","","","","","1.80","2.70"
"KC","Kimmeridge Clay Formation","KC_W","Undefined","201","CLAY","Firm to stiff fissured locally thinly laminated dark grey CLAY with abundant selenite crystals (<30mm). Fissures are extremely closely spaced randomly orientated with occasional yellow discoloration penetrating up to 5mm from surfaces (KIMMERIDGE CLAY FORMATION). (6)","Kimmeridge Clay","","","TP317","2.50","LB","006","","","","","","","","","","","","","","","","","","","","","2.50","01","","","","","","","","","","2.50","05","","","2.70","Measured","","","","","","","","","","","","","","","","1.80","2.70"
"KC","Kimmeridge Clay Formation","KC_W","Undefined","203","Sandy CLAY","Firm fissured locally thinly laminated grey slightly sandy CLAY. Fissures are closely occasionally very closely spaced randomly orientated (HEAD DEPOSITS). (5)","Head","","","TP317","1.50","D","003","","","1.50","01","","Wet sieve","24.00","","1.50","01","","","67.00","38.00","29","29.00","91.00","","","","","","","","","","","","","","","","","","","","","","","","","","","","","","","","","","","","1.00","1.80"
"KC","Kimmeridge Clay Formation","KC_W","Undefined","203","Sandy CLAY","Firm fissured locally thinly laminated grey slightly sandy CLAY. Fissures are closely occasionally very closely spaced randomly orientated (HEAD DEPOSITS). (5)","Head","","","TP317","1.50","LB","004","","","","","","","","","","","","","","","","","","","","","1.50","01","","","","","","","","","","","","","","","","","","","","","","","","","","","","","","","1.00","1.80"
"KC","Kimmeridge Clay Formation","KC_W","Undefined","201","CLAY","Stiff and very stiff fissured thinly laminated locally thickly laminated dark grey CLAY. Fissures are very closely to closely spaced with occasional orangish brown staining on fissure surfaces (KIMMERIDGE CLAY FORMATION) (7).","Kimmeridge Clay","","","TP327","4.50","D","007","","","4.50","01","","Natural","22.00","","4.50","01","","","50.00","32.00","18","18.00","100.00","","","","","","","","","","","","","","","","","","","","","","","","","","","","","","","","","","","","4.20","5.00"
"KC","Kimmeridge Clay Formation","KC_W","Undefined","201","CLAY","Stiff and very stiff locally indistinctly thinly laminated greenish grey CLAY with occasional shell fragments. Fissures are very closely spaced randomly orientated with occasional partings of silt (KIMMERIDGE CLAY FORMATION) (6).","Kimmeridge Clay","","","TP327","2.50","D","005","","","2.50","01","","Natural","22.00","","2.50","01","","","49.00","31.00","18","18.00","100.00","","","","","","","","","","","","","","","","","","","","","","","","","","","","","","","","","","","","1.60","4.20"
"KC","Kimmeridge Clay Formation","KC_W","Undefined","201","CLAY","Stiff and very stiff locally indistinctly thinly laminated greenish grey CLAY with occasional shell fragments. Fissures are very closely spaced randomly orientated with occasional partings of silt (KIMMERIDGE CLAY FORMATION) (6).","Kimmeridge Clay","","","TP327","3.50","D","006","","","3.50","01","","Natural","17.00","","3.50","01","","","27.00","13.00","14","14.00","100.00","","","","","","","","","","","","","","","","","","","","","","","","","","","","","","","","","","","","1.60","4.20"
"KC","Kimmeridge Clay Formation","KC_UW","Undefined","201","CLAY","Stiff fissured locally thinly laminated grey CLAY with some shell fragments. Fissures are very closely spaced randomly orientated with occasional clay infill. (KIMMERIDGE CLAY FORMATION). (5)","Kimmeridge Clay","","","TP315","1.50","D","003","","","1.50","01","","Natural","23.00","","1.50","01","","","57.00","36.00","21","21.00","100.00","","","","","","","","","","","","","","","","","","","","","","","","","","","","","","","","","","","","1.45","5.00"
"KC","Kimmeridge Clay Formation","KC_UW","Undefined","201","CLAY","Stiff fissured locally thinly laminated grey CLAY with some shell fragments. Fissures are very closely spaced randomly orientated with occasional clay infill. (KIMMERIDGE CLAY FORMATION). (5)","Kimmeridge Clay","","","TP315","1.50","LB","004","","","","","","","","","","","","","","","","","","","","","1.50","01","","","","","","","","","","","","","","","","","","","","","","","","","","","","","","","1.45","5.00"
"KC","Kimmeridge Clay Formation","KC_UW","Undefined","201","CLAY","Stiff fissured locally thinly laminated grey CLAY with some shell fragments. Fissures are very closely spaced randomly orientated with occasional clay infill. (KIMMERIDGE CLAY FORMATION). (5)","Kimmeridge Clay","","","TP315","2.50","D","005","","","2.50","01","","Natural","25.00","","2.50","01","","","59.00","37.00","22","22.00","100.00","","","","","","","","","","","","","","","","","","","","","","","","","","","","","","","","","","","","1.45","5.00"
"KC","Kimmeridge Clay Formation","KC_UW","Undefined","201","CLAY","Stiff fissured locally thinly laminated grey CLAY with some shell fragments. Fissures are very closely spaced randomly orientated with occasional clay infill. (KIMMERIDGE CLAY FORMATION). (5)","Kimmeridge Clay","","","TP315","3.50","D","006","","","3.50","01","","Natural","22.00","","3.50","01","","","54.00","36.00","18","18.00","100.00","","","","","","","","","","","","","","","","","","","","","","","","","","","","","","","","","","","","1.45","5.00"
"KC","Kimmeridge Clay Formation","KC_UW","Undefined","201","CLAY","Stiff fissured locally thinly laminated grey CLAY with some shell fragments. Fissures are very closely spaced randomly orientated with occasional clay infill. (KIMMERIDGE CLAY FORMATION). (5)","Kimmeridge Clay","","","TP315","4.50","D","007","","","4.50","01","","Natural","22.00","","4.50","01","","","54.00","35.00","19","19.00","100.00","","","","","","","","","","","","","","","","","","","","","","","","","","","","","","","","","","","","1.45","5.00"
"KC","Kimmeridge Clay Formation","KC_W","Undefined","201","CLAY","Stiff fissured thinly laminated dark grey CLAY with many selenite crystals (up to 2mm) and occasional shell fragments. (KIMMERIDGE CLAY FORMATION) (4).","Kimmeridge Clay","","","TP319","1.90","D","023","","","1.90","01","","","22.00","","","","","","","","","","","","","","","","","","","","","","","","","","","","","","","","","","","","","","","","","","","","","","1.90","2.30"
"KC","Kimmeridge Clay Formation","KC_W","Undefined","201","CLAY","Stiff fissured thinly laminated dark grey CLAY with many selenite crystals (up to 2mm) and occasional shell fragments. (KIMMERIDGE CLAY FORMATION) (4).","Kimmeridge Clay","","","TP319","2.00","D","024","","","2.00","01","","","22.00","","","","","","","","","","","","","","","","","","","","","","","","","","","","","","","","","","","","","","","","","","","","","","1.90","2.30"
"KC","Kimmeridge Clay Formation","KC_W","Undefined","201","CLAY","Stiff fissured thinly laminated dark grey CLAY with many selenite crystals (up to 2mm) and occasional shell fragments. (KIMMERIDGE CLAY FORMATION) (4).","Kimmeridge Clay","","","TP319","2.10","D","025","","","2.10","01","","","23.00","","","","","","","","","","","","","","","","","","","","","","","","","","","","","","","","","","","","","","","","","","","","","","1.90","2.30"
"KC","Kimmeridge Clay Formation","KC_W","Undefined","201","CLAY","Stiff fissured thinly laminated dark grey CLAY with many selenite crystals (up to 2mm) and occasional shell fragments. (KIMMERIDGE CLAY FORMATION) (4).","Kimmeridge Clay","","","TP319","2.20","D","026","","","2.20","01","","","22.00","","","","","","","","","","","","","","","","","","","","","","","","","","","","","","","","","","","","","","","","","","","","","","1.90","2.30"
"KC","Kimmeridge Clay Formation","KC_W","Undefined","203","Sandy CLAY","Stiff fissured grey slightly sandy CLAY with many selenite crystals (up to 2mm) and occasional phosphate nodules (up to 50mm) (REWORKED KIMMERIDGE CLAY FORMATION) (3).","Reworked Kimmeridge Clay","","","TP319","1.30","D","015","","","1.30","01","","","22.00","","","","","","","","","","","","","","","","","","","","","","","","","","","","","","","","","","","","","","","","","","","","","","1.30","1.90"
"KC","Kimmeridge Clay Formation","KC_W","Undefined","203","Sandy CLAY","Stiff fissured grey slightly sandy CLAY with many selenite crystals (up to 2mm) and occasional phosphate nodules (up to 50mm) (REWORKED KIMMERIDGE CLAY FORMATION) (3).","Reworked Kimmeridge Clay","","","TP319","1.30","D","016","","1.60","1.30","01","","Natural","20.00","","1.30","01","","","48.00","31.00","17","17.00","100.00","","","","","","","","","","","","","","","","","","","","","","","","","","","","","","","","","","","","1.30","1.90"
"KC","Kimmeridge Clay Formation","KC_W","Undefined","203","Sandy CLAY","Stiff fissured grey slightly sandy CLAY with many selenite crystals (up to 2mm) and occasional phosphate nodules (up to 50mm) (REWORKED KIMMERIDGE CLAY FORMATION) (3).","Reworked Kimmeridge Clay","","","TP319","1.30","LB","017","","1.60","","","","","","","","","","","","","","","","","","","1.30","01","","","","","","","","","","","","","","","","","","","","","","","","","","","","","","","1.30","1.90"
"KC","Kimmeridge Clay Formation","KC_W","Undefined","203","Sandy CLAY","Stiff fissured grey slightly sandy CLAY with many selenite crystals (up to 2mm) and occasional phosphate nodules (up to 50mm) (REWORKED KIMMERIDGE CLAY FORMATION) (3).","Reworked Kimmeridge Clay","","","TP319","1.40","D","018","","","1.40","01","","","26.00","","","","","","","","","","","","","","","","","","","","","","","","","","","","","","","","","","","","","","","","","","","","","","1.30","1.90"
"KC","Kimmeridge Clay Formation","KC_W","Undefined","203","Sandy CLAY","Stiff fissured grey slightly sandy CLAY with many selenite crystals (up to 2mm) and occasional phosphate nodules (up to 50mm) (REWORKED KIMMERIDGE CLAY FORMATION) (3).","Reworked Kimmeridge Clay","","","TP319","1.50","D","019","","","1.50","01","","","22.00","","","","","","","","","","","","","","","","","","","","","","","","","","","","","","","","","","","","","","","","","","","","","","1.30","1.90"
"KC","Kimmeridge Clay Formation","KC_W","Undefined","203","Sandy CLAY","Stiff fissured grey slightly sandy CLAY with many selenite crystals (up to 2mm) and occasional phosphate nodules (up to 50mm) (REWORKED KIMMERIDGE CLAY FORMATION) (3).","Reworked Kimmeridge Clay","","","TP319","1.60","D","020","","","1.60","01","","","21.00","","","","","","","","","","","","","","","","","","","","","","","","","","","","","","","","","","","","","","","","","","","","","","1.30","1.90"
"KC","Kimmeridge Clay Formation","KC_W","Undefined","203","Sandy CLAY","Stiff fissured grey slightly sandy CLAY with many selenite crystals (up to 2mm) and occasional phosphate nodules (up to 50mm) (REWORKED KIMMERIDGE CLAY FORMATION) (3).","Reworked Kimmeridge Clay","","","TP319","1.70","D","021","","","1.70","01","","","21.00","","","","","","","","","","","","","","","","","","","","","","","","","","","","","","","","","","","","","","","","","","","","","","1.30","1.90"
"KC","Kimmeridge Clay Formation","KC_W","Undefined","203","Sandy CLAY","Stiff fissured grey slightly sandy CLAY with many selenite crystals (up to 2mm) and occasional phosphate nodules (up to 50mm) (REWORKED KIMMERIDGE CLAY FORMATION) (3).","Reworked Kimmeridge Clay","","","TP319","1.80","D","022","","","1.80","01","","","22.00","","","","","","","","","","","","","","","","","","","","","","","","","","","","","","","","","","","","","","","","","","","","","","1.30","1.90"
"KC","Kimmeridge Clay Formation","KC_W","Undefined","203","Sandy CLAY","Very stiff fissured thickly laminated dark grey slightly sandy CLAY with many selenite crystals (up to 2mm) and occasional shell fragments. Fissures are very close to closely spaced generally subhorizontal. (KIMMERIDGE CLAY FORMATION) (5).","Kimmeridge Clay","","","TP319","2.30","D","027","","","2.30","01","","","22.00","","","","","","","","","","","","","","","","","","","","","","","","","","","","","","","","","","","","","","","","","","","","","","2.30","4.20"
"KC","Kimmeridge Clay Formation","KC_W","Undefined","203","Sandy CLAY","Very stiff fissured thickly laminated dark grey slightly sandy CLAY with many selenite crystals (up to 2mm) and occasional shell fragments. Fissures are very close to closely spaced generally subhorizontal. (KIMMERIDGE CLAY FORMATION) (5).","Kimmeridge Clay","","","TP319","2.30","D","028","","2.60","2.30","01","","Natural","23.00","","2.30","01","","","50.00","31.00","19","19.00","100.00","","","","","","","","","","","","","","","","","","","","","","","","","","","","","","","","","","","","2.30","4.20"
"KC","Kimmeridge Clay Formation","KC_W","Undefined","203","Sandy CLAY","Very stiff fissured thickly laminated dark grey slightly sandy CLAY with many selenite crystals (up to 2mm) and occasional shell fragments. Fissures are very close to closely spaced generally subhorizontal. (KIMMERIDGE CLAY FORMATION) (5).","Kimmeridge Clay","","","TP319","2.30","LB","029","","2.60","","","","","","","","","","","","","","","","","","","2.30","01","","","","","","","","","","2.30","05","","","2.60","Measured","","","","","","","","","","","","","","","","2.30","4.20"
"KC","Kimmeridge Clay Formation","KC_W","Undefined","203","Sandy CLAY","Very stiff fissured thickly laminated dark grey slightly sandy CLAY with many selenite crystals (up to 2mm) and occasional shell fragments. Fissures are very close to closely spaced generally subhorizontal. (KIMMERIDGE CLAY FORMATION) (5).","Kimmeridge Clay","","","TP319","2.40","D","030","","","2.40","01","","","23.00","","","","","","","","","","","","","","","","","","","","","","","","","","","","","","","","","","","","","","","","","","","","","","2.30","4.20"
"KC","Kimmeridge Clay Formation","KC_W","Undefined","203","Sandy CLAY","Very stiff fissured thickly laminated dark grey slightly sandy CLAY with many selenite crystals (up to 2mm) and occasional shell fragments. Fissures are very close to closely spaced generally subhorizontal. (KIMMERIDGE CLAY FORMATION) (5).","Kimmeridge Clay","","","TP319","2.50","D","031","","","2.50","01","","","22.00","","","","","","","","","","","","","","","","","","","","","","","","","","","","","","","","","","","","","","","","","","","","","","2.30","4.20"
"KC","Kimmeridge Clay Formation","KC_W","Undefined","203","Sandy CLAY","Very stiff fissured thickly laminated dark grey slightly sandy CLAY with many selenite crystals (up to 2mm) and occasional shell fragments. Fissures are very close to closely spaced generally subhorizontal. (KIMMERIDGE CLAY FORMATION) (5).","Kimmeridge Clay","","","TP319","2.60","D","032","","","2.60","01","","","21.00","","","","","","","","","","","","","","","","","","","","","","","","","","","","","","","","","","","","","","","","","","","","","","2.30","4.20"
"KC","Kimmeridge Clay Formation","KC_W","Undefined","203","Sandy CLAY","Very stiff fissured thickly laminated dark grey slightly sandy CLAY with many selenite crystals (up to 2mm) and occasional shell fragments. Fissures are very close to closely spaced generally subhorizontal. (KIMMERIDGE CLAY FORMATION) (5).","Kimmeridge Clay","","","TP319","2.70","D","033","","","2.70","01","","","23.00","","","","","","","","","","","","","","","","","","","","","","","","","","","","","","","","","","","","","","","","","","","","","","2.30","4.20"
"KC","Kimmeridge Clay Formation","KC_W","Undefined","203","Sandy CLAY","Very stiff fissured thickly laminated dark grey slightly sandy CLAY with many selenite crystals (up to 2mm) and occasional shell fragments. Fissures are very close to closely spaced generally subhorizontal. (KIMMERIDGE CLAY FORMATION) (5).","Kimmeridge Clay","","","TP319","2.80","D","034","","","2.80","01","","","24.00","","","","","","","","","","","","","","","","","","","","","","","","","","","","","","","","","","","","","","","","","","","","","","2.30","4.20"
"KC","Kimmeridge Clay Formation","KC_W","Undefined","203","Sandy CLAY","Very stiff fissured thickly laminated dark grey slightly sandy CLAY with many selenite crystals (up to 2mm) and occasional shell fragments. Fissures are very close to closely spaced generally subhorizontal. (KIMMERIDGE CLAY FORMATION) (5).","Kimmeridge Clay","","","TP319","2.90","D","035","","","2.90","01","","","23.00","","","","","","","","","","","","","","","","","","","","","","","","","","","","","","","","","","","","","","","","","","","","","","2.30","4.20"
"KC","Kimmeridge Clay Formation","KC_W","Undefined","203","Sandy CLAY","Very stiff fissured thickly laminated dark grey slightly sandy CLAY with many selenite crystals (up to 2mm) and occasional shell fragments. Fissures are very close to closely spaced generally subhorizontal. (KIMMERIDGE CLAY FORMATION) (5).","Kimmeridge Clay","","","TP319","3.00","D","036","","","3.00","01","","","22.00","","","","","","","","","","","","","","","","","","","","","","","","","","","","","","","","","","","","","","","","","","","","","","2.30","4.20"
"KC","Kimmeridge Clay Formation","KC_W","Undefined","203","Sandy CLAY","Very stiff fissured thickly laminated dark grey slightly sandy CLAY with many selenite crystals (up to 2mm) and occasional shell fragments. Fissures are very close to closely spaced generally subhorizontal. (KIMMERIDGE CLAY FORMATION) (5).","Kimmeridge Clay","","","TP319","3.30","D","037","","3.60","3.30","01","","Natural","21.00","","3.30","01","","","48.00","30.00","18","18.00","100.00","","","","","","","","","","","","","","","","","","","","","","","","","","","","","","","","","","","","2.30","4.20"
"KC","Kimmeridge Clay Formation","KC_W","Undefined","203","Sandy CLAY","Very stiff fissured thickly laminated dark grey slightly sandy CLAY with many selenite crystals (up to 2mm) and occasional shell fragments. Fissures are very close to closely spaced generally subhorizontal. (KIMMERIDGE CLAY FORMATION) (5).","Kimmeridge Clay","","","TP319","3.30","LB","038","","3.60","","","","","","","","","","","","","","","","","","","3.30","01","","","","","","","","","","3.30","05","","","2.64","Measured","","","","","","","","","","","","","","","","2.30","4.20"
"KC","Kimmeridge Clay Formation","KC_UW","Undefined","201","CLAY","Stiff to very stiff indistinctly fissured dark grey CLAY with some shell fragments. Fissures are extremely closely to very closely spaced randomly orientated (KIMMERIDGE CLAY FORMATION) (6)","Kimmeridge Clay","","","TP325","2.50","D","007","","","2.50","01","","Natural","41.00","","2.50","01","","","62.00","37.00","25","25.00","100.00","","","","","","","","","","","","","","","","","","","","","","","","","","","","","","","","","","","","2.50","2.85"
"KC","Kimmeridge Clay Formation","KC_UW","Undefined","201","CLAY","Very stiff fissured thinly laminated grey CLAY with rare shell fragments. Fissures are extremely closely spaced randomly orientated. (KIMMERIDGE CLAY FORMATION) (13)","Kimmeridge Clay","","","TP325","4.50","D","009","","","4.50","01","","Natural","45.00","","4.50","01","","","52.00","32.00","20","20.00","100.00","","","","","","","","","","","","","","","","","","","","","","","","","","","","","","","","","","","","4.45","5.00"
"KC","Kimmeridge Clay Formation","KC_UW","Undefined","201","CLAY","Very stiff fissured thinly laminated grey CLAY with some shell fragments. Fissures are extremely closely spaced randomly orientated. (KIMMERIDGE CLAY FORMATION) (9)","Kimmeridge Clay","","","TP325","3.50","D","008","","","3.50","01","","Natural","23.00","","3.50","01","","","51.00","25.00","26","26.00","100.00","","","","","","","","","","","","","","","","","","","","","","","","","","","","","","","","","","","","3.40","3.80"
"KC","Kimmeridge Clay Formation","KC_W","Undefined","203","Sandy CLAY","Firm grey mottled orangish brown slightly sandy CLAY with fragments of firm to stiff clay (30mm). (REWORKED KIMMERIDGE CLAY FORMATION) (4)","Reworked Kimmeridge Clay","","","TP325","1.80","D","005","","","1.80","01","","Wet sieve","33.00","","1.80","01","","","58.00","35.00","23","23.00","96.00","","","","","","","","","","","","","","","","","","","","","","","","","","","","","","","","","","","","1.80","2.50"
"KC","Kimmeridge Clay Formation","KC_UW","Undefined","203","Sandy CLAY","Stiff and very stiff fissured locally indistinctly thinly laminated dark grey sandy CLAY. Fissures are closely spaced randomly orientated with discontinuous thin silt and fine sand partings (KIMMERIDGE CLAY FORMATION) (6).","Kimmeridge Clay","","","TP311","3.50","D","006","","","3.50","01","","Natural","18.00","","3.50","01","","","46.00","24.00","22","22.00","100.00","","","","","","","","","","","","","","","","","","","","","","","","","","","","","","","","","","","","3.40","5.00"
"KC","Kimmeridge Clay Formation","KC_UW","Undefined","203","Sandy CLAY","Stiff and very stiff fissured locally indistinctly thinly laminated dark grey sandy CLAY. Fissures are closely spaced randomly orientated with discontinuous thin silt and fine sand partings (KIMMERIDGE CLAY FORMATION) (6).","Kimmeridge Clay","","","TP311","4.50","D","007","","","4.50","01","","Natural","18.00","","4.50","01","","","47.00","31.00","16","16.00","100.00","","","","","","","","","","","","","","","","","","","","","","","","","","","","","","","","","","","","3.40","5.00"
"KC","Kimmeridge Clay Formation","KC_UW","Undefined","203","Sandy CLAY","Stiff and very stiff fissured locally indistinctly thinly laminated dark grey sandy CLAY. Fissures are extremely closely spaced randomly orientated with occasional thin silt partings (KIMMERIDGE CLAY FORMATION) (5).","Kimmeridge Clay","","","TP311","2.50","D","005","","","2.50","01","","Wet sieve","20.00","","2.50","01","","","35.00","21.00","14","14.00","98.00","","","","","","","","","","","","","","","","","","","","","","","","","","","","","","","","","","","","1.80","3.40"
"KC","Kimmeridge Clay Formation","KC_UW","Undefined","201","CLAY","Stiff fissured thinly laminated grey to light grey CLAY. Fissures are closely to very closely spaced generally subhorizontal. (KIMMERIDGE CLAY FORMATION) (4).","Kimmeridge Clay","","","TP319A","4.70","D","019","","","4.70","01","","","25.00","","","","","","","","","","","","","","","","","","","","","","","","","","","","","","","","","","","","","","","","","","","","","","4.65","5.00"
"KC","Kimmeridge Clay Formation","KC_UW","Undefined","201","CLAY","Stiff fissured thinly laminated grey to light grey CLAY. Fissures are closely to very closely spaced generally subhorizontal. (KIMMERIDGE CLAY FORMATION) (4).","Kimmeridge Clay","","","TP319A","4.80","D","020","","","4.80","01","","","25.00","","","","","","","","","","","","","","","","","","","","","","","","","","","","","","","","","","","","","","","","","","","","","","4.65","5.00"
"KC","Kimmeridge Clay Formation","KC_UW","Undefined","201","CLAY","Stiff fissured thinly laminated grey to light grey CLAY. Fissures are closely to very closely spaced generally subhorizontal. (KIMMERIDGE CLAY FORMATION) (4).","Kimmeridge Clay","","","TP319A","4.90","D","021","","","4.90","01","","","24.00","","","","","","","","","","","","","","","","","","","","","","","","","","","","","","","","","","","","","","","","","","","","","","4.65","5.00"
"KC","Kimmeridge Clay Formation","KC_UW","Undefined","201","CLAY","Stiff fissured thinly laminated grey to light grey CLAY. Fissures are closely to very closely spaced generally subhorizontal. (KIMMERIDGE CLAY FORMATION) (4).","Kimmeridge Clay","","","TP319A","5.00","D","022","","","5.00","01","","","21.00","","","","","","","","","","","","","","","","","","","","","","","","","","","","","","","","","","","","","","","","","","","","","","4.65","5.00"
"KC","Kimmeridge Clay Formation","KC_UW","Undefined","201","CLAY","Very stiff fissured thickly laminated dark grey CLAY with many selenite crystals (up to 2mm). Fissures are closely to very closely spaced generally subhorizontal. (KIMMERIDGE CLAY FORMATION) (3).","Kimmeridge Clay","","","TP319A","3.80","D","008","","","3.80","01","","","18.00","","","","","","","","","","","","","","","","","","","","","","","","","","","","","","","","","","","","","","","","","","","","","","3.80","4.65"
"KC","Kimmeridge Clay Formation","KC_UW","Undefined","201","CLAY","Very stiff fissured thickly laminated dark grey CLAY with many selenite crystals (up to 2mm). Fissures are closely to very closely spaced generally subhorizontal. (KIMMERIDGE CLAY FORMATION) (3).","Kimmeridge Clay","","","TP319A","3.90","D","009","","","3.90","01","","","19.00","","","","","","","","","","","","","","","","","","","","","","","","","","","","","","","","","","","","","","","","","","","","","","3.80","4.65"
"KC","Kimmeridge Clay Formation","KC_UW","Undefined","201","CLAY","Very stiff fissured thickly laminated dark grey CLAY with many selenite crystals (up to 2mm). Fissures are closely to very closely spaced generally subhorizontal. (KIMMERIDGE CLAY FORMATION) (3).","Kimmeridge Clay","","","TP319A","4.00","D","010","","","4.00","01","","","17.00","","","","","","","","","","","","","","","","","","","","","","","","","","","","","","","","","","","","","","","","","","","","","","3.80","4.65"
"KC","Kimmeridge Clay Formation","KC_UW","Undefined","201","CLAY","Very stiff fissured thickly laminated dark grey CLAY with many selenite crystals (up to 2mm). Fissures are closely to very closely spaced generally subhorizontal. (KIMMERIDGE CLAY FORMATION) (3).","Kimmeridge Clay","","","TP319A","4.10","D","011","","","4.10","01","","","20.00","","","","","","","","","","","","","","","","","","","","","","","","","","","","","","","","","","","","","","","","","","","","","","3.80","4.65"
"KC","Kimmeridge Clay Formation","KC_UW","Undefined","201","CLAY","Very stiff fissured thickly laminated dark grey CLAY with many selenite crystals (up to 2mm). Fissures are closely to very closely spaced generally subhorizontal. (KIMMERIDGE CLAY FORMATION) (3).","Kimmeridge Clay","","","TP319A","4.20","D","012","","","4.20","01","","","20.00","","","","","","","","","","","","","","","","","","","","","","","","","","","","","","","","","","","","","","","","","","","","","","3.80","4.65"
"KC","Kimmeridge Clay Formation","KC_UW","Undefined","201","CLAY","Very stiff fissured thickly laminated dark grey CLAY with many selenite crystals (up to 2mm). Fissures are closely to very closely spaced generally subhorizontal. (KIMMERIDGE CLAY FORMATION) (3).","Kimmeridge Clay","","","TP319A","4.30","D","013","","4.60","4.30","01","","Natural","17.00","","4.30","01","","","47.00","29.00","18","18.00","100.00","","","","","","","","","","","","","","","","","","","","","","","","","","","","","","","","","","","","3.80","4.65"
"KC","Kimmeridge Clay Formation","KC_UW","Undefined","201","CLAY","Very stiff fissured thickly laminated dark grey CLAY with many selenite crystals (up to 2mm). Fissures are closely to very closely spaced generally subhorizontal. (KIMMERIDGE CLAY FORMATION) (3).","Kimmeridge Clay","","","TP319A","4.30","D","015","","","4.30","01","","","21.00","","","","","","","","","","","","","","","","","","","","","","","","","","","","","","","","","","","","","","","","","","","","","","3.80","4.65"
"KC","Kimmeridge Clay Formation","KC_UW","Undefined","201","CLAY","Very stiff fissured thickly laminated dark grey CLAY with many selenite crystals (up to 2mm). Fissures are closely to very closely spaced generally subhorizontal. (KIMMERIDGE CLAY FORMATION) (3).","Kimmeridge Clay","","","TP319A","4.30","LB","014","","4.60","","","","","","","","","","","","","","","","","","","","","","","","","","","","","","4.30","04","","","2.64","Measured","","","","","","","","","","","","","","","","3.80","4.65"
"KC","Kimmeridge Clay Formation","KC_UW","Undefined","201","CLAY","Very stiff fissured thickly laminated dark grey CLAY with many selenite crystals (up to 2mm). Fissures are closely to very closely spaced generally subhorizontal. (KIMMERIDGE CLAY FORMATION) (3).","Kimmeridge Clay","","","TP319A","4.40","D","016","","","4.40","01","","","20.00","","","","","","","","","","","","","","","","","","","","","","","","","","","","","","","","","","","","","","","","","","","","","","3.80","4.65"
"KC","Kimmeridge Clay Formation","KC_UW","Undefined","201","CLAY","Very stiff fissured thickly laminated dark grey CLAY with many selenite crystals (up to 2mm). Fissures are closely to very closely spaced generally subhorizontal. (KIMMERIDGE CLAY FORMATION) (3).","Kimmeridge Clay","","","TP319A","4.50","D","017","","","4.50","01","","","23.00","","","","","","","","","","","","","","","","","","","","","","","","","","","","","","","","","","","","","","","","","","","","","","3.80","4.65"
"KC","Kimmeridge Clay Formation","KC_UW","Undefined","201","CLAY","Very stiff fissured thickly laminated dark grey CLAY with many selenite crystals (up to 2mm). Fissures are closely to very closely spaced generally subhorizontal. (KIMMERIDGE CLAY FORMATION) (3).","Kimmeridge Clay","","","TP319A","4.60","D","018","","","4.60","01","","","24.00","","","","","","","","","","","","","","","","","","","","","","","","","","","","","","","","","","","","","","","","","","","","","","3.80","4.65"
"KC","Kimmeridge Clay Formation","KC_W","Undefined","201","CLAY","Very stiff fissured thickly laminated dark grey CLAY with many selenite crystals (up to 2mm). Fissures are closely to very closely spaced generally subhorizontal with orange discolouration penetrating up to 2mm from fissure surfaces. (KIMMERIDGE CLAY FORMATION) (2).","Kimmeridge Clay","","","TP319A","3.40","D","004","","","3.40","01","","","22.00","","","","","","","","","","","","","","","","","","","","","","","","","","","","","","","","","","","","","","","","","","","","","","3.40","3.80"
"KC","Kimmeridge Clay Formation","KC_W","Undefined","201","CLAY","Very stiff fissured thickly laminated dark grey CLAY with many selenite crystals (up to 2mm). Fissures are closely to very closely spaced generally subhorizontal with orange discolouration penetrating up to 2mm from fissure surfaces. (KIMMERIDGE CLAY FORMATION) (2).","Kimmeridge Clay","","","TP319A","3.50","D","005","","","3.50","01","","","20.00","","","","","","","","","","","","","","","","","","","","","","","","","","","","","","","","","","","","","","","","","","","","","","3.40","3.80"
"KC","Kimmeridge Clay Formation","KC_W","Undefined","201","CLAY","Very stiff fissured thickly laminated dark grey CLAY with many selenite crystals (up to 2mm). Fissures are closely to very closely spaced generally subhorizontal with orange discolouration penetrating up to 2mm from fissure surfaces. (KIMMERIDGE CLAY FORMATION) (2).","Kimmeridge Clay","","","TP319A","3.60","D","006","","","3.60","01","","","20.00","","","","","","","","","","","","","","","","","","","","","","","","","","","","","","","","","","","","","","","","","","","","","","3.40","3.80"
"KC","Kimmeridge Clay Formation","KC_W","Undefined","201","CLAY","Very stiff fissured thickly laminated dark grey CLAY with many selenite crystals (up to 2mm). Fissures are closely to very closely spaced generally subhorizontal with orange discolouration penetrating up to 2mm from fissure surfaces. (KIMMERIDGE CLAY FORMATION) (2).","Kimmeridge Clay","","","TP319A","3.70","D","007","","","3.70","01","","","20.00","","","","","","","","","","","","","","","","","","","","","","","","","","","","","","","","","","","","","","","","","","","","","","3.40","3.80"
"KC","Kimmeridge Clay Formation","KC_W","Undefined","201","CLAY","Very stiff fissured thickly laminated dark grey CLAY with many selenite crystals (upto 2mm). Fissures are closely to very closely spaced generally subhorizontal with orange discolouration up to 5mm from fissure surfaces. (KIMMERIDGE CLAY FORMATION) (1).","Kimmeridge Clay","","","TP319A","3.10","D","001","","","3.10","01","","","22.00","","","","","","","","","","","","","","","","","","","","","","","","","","","","","","","","","","","","","","","","","","","","","","3.00","3.40"
"KC","Kimmeridge Clay Formation","KC_W","Undefined","201","CLAY","Very stiff fissured thickly laminated dark grey CLAY with many selenite crystals (upto 2mm). Fissures are closely to very closely spaced generally subhorizontal with orange discolouration up to 5mm from fissure surfaces. (KIMMERIDGE CLAY FORMATION) (1).","Kimmeridge Clay","","","TP319A","3.20","D","002","","","3.20","01","","","23.00","","","","","","","","","","","","","","","","","","","","","","","","","","","","","","","","","","","","","","","","","","","","","","3.00","3.40"
"KC","Kimmeridge Clay Formation","KC_W","Undefined","201","CLAY","Very stiff fissured thickly laminated dark grey CLAY with many selenite crystals (upto 2mm). Fissures are closely to very closely spaced generally subhorizontal with orange discolouration up to 5mm from fissure surfaces. (KIMMERIDGE CLAY FORMATION) (1).","Kimmeridge Clay","","","TP319A","3.30","D","003","","","3.30","01","","","21.00","","","","","","","","","","","","","","","","","","","","","","","","","","","","","","","","","","","","","","","","","","","","","","3.00","3.40"
"KC","Kimmeridge Clay Formation","KC_W","Undefined","201","CLAY","Stiff to very stiff fissured locally thinly laminated brownish grey CLAY. Fissures are very closely to closely spaced randomly orientated with clay infill (KIMMERIDGE CLAY FORMATION). (6)","Kimmeridge Clay","","","TP314","3.50","D","007","","","3.50","01","","Natural","30.00","","3.50","01","","","63.00","32.00","31","31.00","100.00","","","","","","","","","","","","","","","","","","","","","","","","","","","","","","","","","","","","3.20","5.00"
"KC","Kimmeridge Clay Formation","KC_W","Undefined","201","CLAY","Stiff to very stiff fissured locally thinly laminated brownish grey CLAY. Fissures are very closely to closely spaced randomly orientated with clay infill (KIMMERIDGE CLAY FORMATION). (6)","Kimmeridge Clay","","","TP314","4.50","D","008","","","4.50","01","","Natural","34.00","","4.50","01","","","62.00","29.00","33","33.00","100.00","","","","","","","","","","","","","","","","","","","","","","","","","","","","","","","","","","","","3.20","5.00"
"KC","Kimmeridge Clay Formation","KC_W","Undefined","204","Gravelly CLAY","Stiff fissured brownish grey slightly gravelly CLAY. Gravel is subrounded fine to medium of flint. Fissures are very closely spaced randomly orientated (HEAD DEPOSIT). (5)","Head","","","TP314","2.50","D","006","","","2.50","01","","Wet sieve","21.00","","2.50","01","","","50.00","28.00","22","22.00","68.00","","","","","","","","","","","","","","","","","","","","","","","","","","","","","","","","","","","","2.50","3.20"
"KC","Kimmeridge Clay Formation","KC_UW","Undefined","203","Sandy CLAY","Stiff and very stiff fissured thinly laminated dark grey slightly sandy CLAY with occasional pyritised shell fragments. Fissures are closely spaced generally subhorizontal. (KIMMERIDGE CLAY FORMATION) (10)","Kimmeridge Clay","","","TP321","4.80","D","011","","","4.80","01","","Natural","18.00","","4.80","01","","","45.00","24.00","21","21.00","100.00","","","","","","","","","","","","","","","","","","","","","","","","","","","","","","","","","","","","4.20","5.00"
"KC","Kimmeridge Clay Formation","KC_UW","Undefined","203","Sandy CLAY","Stiff and very stiff fissured thinly laminated dark grey slightly sandy CLAY with occasional pyritised shell fragments. Fissures are closely spaced generally subhorizontal. (KIMMERIDGE CLAY FORMATION) (10)","Kimmeridge Clay","","","TP321","4.80","LB","012","","","","","","","","","","","","","","","","","","","","","4.80","01","","","","","","","","","","","","","","","","","","","","","","","","","","","","","","","4.20","5.00"
"KC","Kimmeridge Clay Formation","KC_UW","Undefined","203","Sandy CLAY","Stiff fissured indistinctly thinly laminated slightly sandy greenish grey CLAY. Fissures are very closely to closely spaced randomly orientated. (LOWER GREENSAND GROUP) (8).","Lower Greensand Formation","","","TP321","1.80","D","005","","","1.80","01","","Natural","17.00","","1.80","01","","","44.00","24.00","20","20.00","100.00","","","","","","","","","","","","","","","","","","","","","","","","","","","","","","","","","","","","1.70","2.10"
"KC","Kimmeridge Clay Formation","KC_UW","Undefined","203","Sandy CLAY","Stiff fissured indistinctly thinly laminated slightly sandy greenish grey CLAY. Fissures are very closely to closely spaced randomly orientated. (LOWER GREENSAND GROUP) (8).","Lower Greensand Formation","","","TP321","1.80","LB","006","","","","","","","","","","","","","","","","","","","","","1.80","01","","","","","","","","","","1.80","05","","","2.64","Measured","","","","","","","","","","","","","","","","1.70","2.10"
"KC","Kimmeridge Clay Formation","KC_UW","Undefined","203","Sandy CLAY","Very stiff fissured indistinctly thinly laminated locally thickly laminated greenish grey slightly sandy CLAY with occasional shell fragments. Fissures are very closely spaced to closely spaced randomly orientated. (LOWER GREENSAND GROUP) (9).","Lower Greensand Formation","","","TP321","2.80","D","007","","","2.80","01","","Natural","17.00","","2.80","01","","","43.00","22.00","21","21.00","100.00","","","","","","","","","","","","","","","","","","","","","","","","","","","","","","","","","","","","2.10","4.20"
"KC","Kimmeridge Clay Formation","KC_UW","Undefined","203","Sandy CLAY","Very stiff fissured indistinctly thinly laminated locally thickly laminated greenish grey slightly sandy CLAY with occasional shell fragments. Fissures are very closely spaced to closely spaced randomly orientated. (LOWER GREENSAND GROUP) (9).","Lower Greensand Formation","","","TP321","2.80","LB","008","","","","","","","","","","","","","","","","","","","","","2.80","01","","","","","","","","","","2.80","05","","","2.64","Measured","","","","","","","","","","","","","","","","2.10","4.20"
"KC","Kimmeridge Clay Formation","KC_UW","Undefined","203","Sandy CLAY","Very stiff fissured indistinctly thinly laminated locally thickly laminated greenish grey slightly sandy CLAY with occasional shell fragments. Fissures are very closely spaced to closely spaced randomly orientated. (LOWER GREENSAND GROUP) (9).","Lower Greensand Formation","","","TP321","3.80","D","009","","","3.80","01","","Natural","17.00","","3.80","01","","","43.00","22.00","21","21.00","100.00","","","","","","","","","","","","","","","","","","","","","","","","","","","","","","","","","","","","2.10","4.20"
"KC","Kimmeridge Clay Formation","KC_UW","Undefined","203","Sandy CLAY","Very stiff fissured indistinctly thinly laminated locally thickly laminated greenish grey slightly sandy CLAY with occasional shell fragments. Fissures are very closely spaced to closely spaced randomly orientated. (LOWER GREENSAND GROUP) (9).","Lower Greensand Formation","","","TP321","3.80","LB","010","","","","","","","","","","","","","","","","","","","","","3.80","01","","","","","","","","","","3.80","05","","","2.66","Measured","","","","","","","","","","","","","","","","2.10","4.20"
"KC","Kimmeridge Clay Formation","KC_W","Undefined","201","CLAY","Stiff fissured orange mottled grey CLAY. Fissures are very closely spaced randomly orientated. ( REWORKED GAULT CLAY FORMATION) (6).","Reworked Kimmeridge Clay","","","TP321","1.50","D","003","","","1.50","01","","Natural","19.00","","1.50","01","","","46.00","29.00","17","17.00","100.00","","","","","","","","","","","","","","","","","","","","","","","","","","","","","","","","","","","","1.15","1.60"
"KC","Kimmeridge Clay Formation","KC_W","Undefined","201","CLAY","Stiff fissured orange mottled grey CLAY. Fissures are very closely spaced randomly orientated. ( REWORKED GAULT CLAY FORMATION) (6).","Reworked Kimmeridge Clay","","","TP321","1.50","LB","004","","","","","","","","","","","","","","","","","","","","","1.50","01","","","","","","","","","","","","","","","","","","","","","","","","","","","","","","","1.15","1.60"
"KC","Kimmeridge Clay Formation","KC_W","Undefined","201","CLAY","Stiff grey CLAY with many phosphate nodules (up to 60mm). (REWORKED GAULT CLAY FORMATION) (3)","Reworked Kimmeridge Clay","","","TP321","0.70","D","001","","","0.70","01","","Natural","19.00","","0.70","01","","","52.00","30.00","22","22.00","100.00","","","","","","","","","","","","","","","","","","","","","","","","","","","","","","","","","","","","0.60","0.80"
"KC","Kimmeridge Clay Formation","KC_W","Undefined","201","CLAY","Stiff grey CLAY with many phosphate nodules (up to 60mm). (REWORKED GAULT CLAY FORMATION) (3)","Reworked Kimmeridge Clay","","","TP321","0.70","LB","002","","","","","","","","","","","","","","","","","","","","","0.70","01","","","","","","","","","","","","","","","","","","","","","","","","","","","","","","","0.60","0.80"
"KC","Kimmeridge Clay Formation","KC_UW","Undefined","203","Sandy CLAY","Hard fissured thinly laminated locally thickly laminated slightly sandy CLAY with occasional shell fragments. Fissures are closely spaced generally subhorizontal with occasional discontinuous thin partings of silt. (KIMMERIDGE CLAY FORMATION) (8).","Kimmeridge Clay","","","TP391","3.80","D","006","","","3.80","01","","Natural","20.00","","3.80","01","","","45.00","27.00","18","18.00","98.00","","","","","","","","","","","","","","","","","","","","","","","","","","","","","","","","","","","","3.70","3.95"
"KC","Kimmeridge Clay Formation","KC_UW","Undefined","201","CLAY","Stiff and very stiff fissured thickly laminated CLAY with occasional shell fragments. Fissures are closely to very closely spaced randomly orientated. (KIMMERIDGE CLAY FORMATION) (10).","Kimmeridge Clay","","","TP394","4.50","D","009","","","4.50","01","","Natural","22.00","","4.50","01","","","51.00","32.00","19","19.00","100.00","","","","","","","","","","","","","","","","","","","","","","","","","","","","","","","","","","","","3.90","5.00"
"KC","Kimmeridge Clay Formation","KC_UW","Undefined","201","CLAY","Stiff fissured locally indistinctly thinly laminated dark grey CLAY with occasional shell fragments. Fissures are closely to very closely spaced randomly orientated with occasional penetrative orange staining up to 2mm from fissure faces. (REWORKED KIMMERIDGE CLAY FORMATION) (6).","Reworked Kimmeridge Clay","","","TP394","1.90","D","003","","","1.90","01","","Natural","26.00","","1.90","01","","","50.00","30.00","20","20.00","100.00","","","","","","","","","","","","","","","","","","","","","","","","","","","","","","","","","","","","1.80","2.10"
"KC","Kimmeridge Clay Formation","KC_UW","Undefined","201","CLAY","Stiff fissured thinly laminated dark grey CLAY with occasional shell fragments. Fissures are closely to very closely spaced randomly orientated. (KIMMERIDGE CLAY FORMATION) (8).","Kimmeridge Clay","","","TP394","2.50","D","005","","","2.50","01","","Natural","20.00","","2.50","01","","","50.00","32.00","18","18.00","100.00","","","","","","","","","","","","","","","","","","","","","","","","","","","","","","","","","","","","2.40","3.90"
"KC","Kimmeridge Clay Formation","KC_UW","Undefined","201","CLAY","Stiff fissured thinly laminated dark grey CLAY with occasional shell fragments. Fissures are closely to very closely spaced randomly orientated. (KIMMERIDGE CLAY FORMATION) (8).","Kimmeridge Clay","","","TP394","3.50","D","007","","","3.50","01","","Natural","18.00","","3.50","01","","","51.00","33.00","18","18.00","100.00","","","","","","","","","","","","","","","","","","","","","","","","","","","","","","","","","","","","2.40","3.90"
"KC","Kimmeridge Clay Formation","KC_UW","Undefined","201","CLAY","Hard fissured thinly laminated dark grey CLAY with occasional shell fragments. Fissures are extremely closely to closely spaced randomly orientated (KIMMERIDGE CLAY FORMATION) (12)","Kimmeridge Clay","","","TP395","3.10","D","038","","","3.10","01","","","42.00","","","","","","","","","","","","","","","","","","","","","","","","","","","","","","","","","","","","","","","","","","","","","","3.05","3.50"
"KC","Kimmeridge Clay Formation","KC_UW","Undefined","201","CLAY","Hard fissured thinly laminated dark grey CLAY with occasional shell fragments. Fissures are extremely closely to closely spaced randomly orientated (KIMMERIDGE CLAY FORMATION) (12)","Kimmeridge Clay","","","TP395","3.20","D","039","","","3.20","01","","","38.00","","","","","","","","","","","","","","","","","","","","","","","","","","","","","","","","","","","","","","","","","","","","","","3.05","3.50"
"KC","Kimmeridge Clay Formation","KC_UW","Undefined","201","CLAY","Hard fissured thinly laminated dark grey CLAY with occasional shell fragments. Fissures are extremely closely to closely spaced randomly orientated (KIMMERIDGE CLAY FORMATION) (12)","Kimmeridge Clay","","","TP395","3.30","D","040","","","3.30","01","","","40.00","","","","","","","","","","","","","","","","","","","","","","","","","","","","","","","","","","","","","","","","","","","","","","3.05","3.50"
"KC","Kimmeridge Clay Formation","KC_UW","Undefined","201","CLAY","Hard fissured thinly laminated dark grey CLAY with occasional shell fragments. Fissures are extremely closely to closely spaced randomly orientated (KIMMERIDGE CLAY FORMATION) (12)","Kimmeridge Clay","","","TP395","3.40","D","041","","","3.40","01","","","43.00","","","","","","","","","","","","","","","","","","","","","","","","","","","","","","","","","","","","","","","","","","","","","","3.05","3.50"
"KC","Kimmeridge Clay Formation","KC_UW","Undefined","201","CLAY","Stiff and very stiff fissured thinly laminated grey CLAY with rare shell fragments. Fissures are extremely closely to very closely spaced randomly orientated (KIMMERIDGE CLAY FORMATION) (13)","Kimmeridge Clay","","","TP395","3.50","D","042","","","3.50","01","","","46.00","","","","","","","","","","","","","","","","","","","","","","","","","","","","","","","","","","","","","","","","","","","","","","3.50","5.00"
"KC","Kimmeridge Clay Formation","KC_UW","Undefined","201","CLAY","Stiff and very stiff fissured thinly laminated grey CLAY with rare shell fragments. Fissures are extremely closely to very closely spaced randomly orientated (KIMMERIDGE CLAY FORMATION) (13)","Kimmeridge Clay","","","TP395","3.50","D","044","","3.70","3.50","01","","Natural","29.00","","3.50","01","","","63.00","39.00","24","24.00","100.00","","","","","","","","","","","","","","","","","","","","","","","","","","","","","","","","","","","","3.50","5.00"
"KC","Kimmeridge Clay Formation","KC_UW","Undefined","201","CLAY","Stiff and very stiff fissured thinly laminated grey CLAY with rare shell fragments. Fissures are extremely closely to very closely spaced randomly orientated (KIMMERIDGE CLAY FORMATION) (13)","Kimmeridge Clay","","","TP395","3.50","LB","043","","","3.50","01","","","35.00","","","","","","","","","","","","","","","","","","","","","","","","","","","","","","","","","","","","","","","","","","","","","","3.50","5.00"
"KC","Kimmeridge Clay Formation","KC_UW","Undefined","201","CLAY","Stiff and very stiff fissured thinly laminated grey CLAY with rare shell fragments. Fissures are extremely closely to very closely spaced randomly orientated (KIMMERIDGE CLAY FORMATION) (13)","Kimmeridge Clay","","","TP395","3.60","D","045","","","3.60","01","","","45.00","","","","","","","","","","","","","","","","","","","","","","","","","","","","","","","","","","","","","","","","","","","","","","3.50","5.00"
"KC","Kimmeridge Clay Formation","KC_UW","Undefined","201","CLAY","Stiff and very stiff fissured thinly laminated grey CLAY with rare shell fragments. Fissures are extremely closely to very closely spaced randomly orientated (KIMMERIDGE CLAY FORMATION) (13)","Kimmeridge Clay","","","TP395","3.70","D","046","","","3.70","01","","","46.00","","","","","","","","","","","","","","","","","","","","","","","","","","","","","","","","","","","","","","","","","","","","","","3.50","5.00"
"KC","Kimmeridge Clay Formation","KC_UW","Undefined","201","CLAY","Stiff and very stiff fissured thinly laminated grey CLAY with rare shell fragments. Fissures are extremely closely to very closely spaced randomly orientated (KIMMERIDGE CLAY FORMATION) (13)","Kimmeridge Clay","","","TP395","3.80","D","047","","","3.80","01","","","45.00","","","","","","","","","","","","","","","","","","","","","","","","","","","","","","","","","","","","","","","","","","","","","","3.50","5.00"
"KC","Kimmeridge Clay Formation","KC_UW","Undefined","201","CLAY","Stiff and very stiff fissured thinly laminated grey CLAY with rare shell fragments. Fissures are extremely closely to very closely spaced randomly orientated (KIMMERIDGE CLAY FORMATION) (13)","Kimmeridge Clay","","","TP395","3.90","D","048","","","3.90","01","","","46.00","","","","","","","","","","","","","","","","","","","","","","","","","","","","","","","","","","","","","","","","","","","","","","3.50","5.00"
"KC","Kimmeridge Clay Formation","KC_UW","Undefined","201","CLAY","Stiff and very stiff fissured thinly laminated grey CLAY with rare shell fragments. Fissures are extremely closely to very closely spaced randomly orientated (KIMMERIDGE CLAY FORMATION) (13)","Kimmeridge Clay","","","TP395","4.00","D","049","","","4.00","01","","","41.00","","","","","","","","","","","","","","","","","","","","","","","","","","","","","","","","","","","","","","","","","","","","","","3.50","5.00"
"KC","Kimmeridge Clay Formation","KC_UW","Undefined","201","CLAY","Stiff and very stiff fissured thinly laminated grey CLAY with rare shell fragments. Fissures are extremely closely to very closely spaced randomly orientated (KIMMERIDGE CLAY FORMATION) (13)","Kimmeridge Clay","","","TP395","4.20","D","050","","","4.20","01","","","45.00","","","","","","","","","","","","","","","","","","","","","","","","","","","","","","","","","","","","","","","","","","","","","","3.50","5.00"
"KC","Kimmeridge Clay Formation","KC_UW","Undefined","201","CLAY","Stiff and very stiff fissured thinly laminated grey CLAY with rare shell fragments. Fissures are extremely closely to very closely spaced randomly orientated (KIMMERIDGE CLAY FORMATION) (13)","Kimmeridge Clay","","","TP395","4.30","D","051","","","4.30","01","","","45.00","","","","","","","","","","","","","","","","","","","","","","","","","","","","","","","","","","","","","","","","","","","","","","3.50","5.00"
"KC","Kimmeridge Clay Formation","KC_UW","Undefined","201","CLAY","Stiff and very stiff fissured thinly laminated grey CLAY with rare shell fragments. Fissures are extremely closely to very closely spaced randomly orientated (KIMMERIDGE CLAY FORMATION) (13)","Kimmeridge Clay","","","TP395","4.40","D","052","","","4.40","01","","","36.00","","","","","","","","","","","","","","","","","","","","","","","","","","","","","","","","","","","","","","","","","","","","","","3.50","5.00"
"KC","Kimmeridge Clay Formation","KC_UW","Undefined","201","CLAY","Stiff and very stiff fissured thinly laminated grey CLAY with rare shell fragments. Fissures are extremely closely to very closely spaced randomly orientated (KIMMERIDGE CLAY FORMATION) (13)","Kimmeridge Clay","","","TP395","4.50","D","053","","","4.50","01","","","25.00","","","","","","","","","","","","","","","","","","","","","","","","","","","","","","","","","","","","","","","","","","","","","","3.50","5.00"
"KC","Kimmeridge Clay Formation","KC_UW","Undefined","201","CLAY","Stiff and very stiff fissured thinly laminated grey CLAY with rare shell fragments. Fissures are extremely closely to very closely spaced randomly orientated (KIMMERIDGE CLAY FORMATION) (13)","Kimmeridge Clay","","","TP395","4.50","D","055","","4.70","4.50","01","","Natural","33.00","","4.50","01","","","69.00","40.00","29","29.00","100.00","","","","","","","","","","","","","","","","","","","","","","","","","","","","","","","","","","","","3.50","5.00"
"KC","Kimmeridge Clay Formation","KC_UW","Undefined","201","CLAY","Stiff and very stiff fissured thinly laminated grey CLAY with rare shell fragments. Fissures are extremely closely to very closely spaced randomly orientated (KIMMERIDGE CLAY FORMATION) (13)","Kimmeridge Clay","","","TP395","4.60","D","056","","","4.60","01","","","35.00","","","","","","","","","","","","","","","","","","","","","","","","","","","","","","","","","","","","","","","","","","","","","","3.50","5.00"
"KC","Kimmeridge Clay Formation","KC_UW","Undefined","201","CLAY","Stiff and very stiff fissured thinly laminated grey CLAY with rare shell fragments. Fissures are extremely closely to very closely spaced randomly orientated (KIMMERIDGE CLAY FORMATION) (13)","Kimmeridge Clay","","","TP395","4.70","D","057","","","4.70","01","","","31.00","","","","","","","","","","","","","","","","","","","","","","","","","","","","","","","","","","","","","","","","","","","","","","3.50","5.00"
"KC","Kimmeridge Clay Formation","KC_UW","Undefined","201","CLAY","Stiff to very stiff fissured indistinctly thinly laminated brownish grey CLAY with rare shell fragments. Fissures are extremely closely spaced randomly orientated (KIMMERIDGE CLAY FORMATION) (9)","Kimmeridge Clay","","","TP395","1.90","D","024","","","1.90","01","","","44.00","","","","","","","","","","","","","","","","","","","","","","","","","","","","","","","","","","","","","","","","","","","","","","1.85","2.10"
"KC","Kimmeridge Clay Formation","KC_UW","Undefined","201","CLAY","Stiff to very stiff fissured indistinctly thinly laminated brownish grey CLAY with rare shell fragments. Fissures are extremely closely spaced randomly orientated (KIMMERIDGE CLAY FORMATION) (9)","Kimmeridge Clay","","","TP395","2.00","D","025","","","2.00","01","","","50.00","","","","","","","","","","","","","","","","","","","","","","","","","","","","","","","","","","","","","","","","","","","","","","1.85","2.10"
"KC","Kimmeridge Clay Formation","KC_UW","Undefined","201","CLAY","Very stiff fissured thinly laminated dark grey CLAY with occasional shell fragments. Fissures are extremely closely spaced randomly orientated (KIMMERIDGE CLAY FORMATION) (10)","Kimmeridge Clay","","","TP395","2.10","D","026","","","2.10","01","","","57.00","","","","","","","","","","","","","","","","","","","","","","","","","","","","","","","","","","","","","","","","","","","","","","2.10","3.05"
"KC","Kimmeridge Clay Formation","KC_UW","Undefined","201","CLAY","Very stiff fissured thinly laminated dark grey CLAY with occasional shell fragments. Fissures are extremely closely spaced randomly orientated (KIMMERIDGE CLAY FORMATION) (10)","Kimmeridge Clay","","","TP395","2.20","D","027","","","2.20","01","","","34.00","","","","","","","","","","","","","","","","","","","","","","","","","","","","","","","","","","","","","","","","","","","","","","2.10","3.05"
"KC","Kimmeridge Clay Formation","KC_UW","Undefined","201","CLAY","Very stiff fissured thinly laminated dark grey CLAY with occasional shell fragments. Fissures are extremely closely spaced randomly orientated (KIMMERIDGE CLAY FORMATION) (10)","Kimmeridge Clay","","","TP395","2.30","D","028","","","2.30","01","","","25.00","","","","","","","","","","","","","","","","","","","","","","","","","","","","","","","","","","","","","","","","","","","","","","2.10","3.05"
"KC","Kimmeridge Clay Formation","KC_UW","Undefined","201","CLAY","Very stiff fissured thinly laminated dark grey CLAY with occasional shell fragments. Fissures are extremely closely spaced randomly orientated (KIMMERIDGE CLAY FORMATION) (10)","Kimmeridge Clay","","","TP395","2.40","D","029","","","2.40","01","","","32.00","","","","","","","","","","","","","","","","","","","","","","","","","","","","","","","","","","","","","","","","","","","","","","2.10","3.05"
"KC","Kimmeridge Clay Formation","KC_UW","Undefined","201","CLAY","Very stiff fissured thinly laminated dark grey CLAY with occasional shell fragments. Fissures are extremely closely spaced randomly orientated (KIMMERIDGE CLAY FORMATION) (10)","Kimmeridge Clay","","","TP395","2.50","D","030","","","2.50","01","","","55.00","","","","","","","","","","","","","","","","","","","","","","","","","","","","","","","","","","","","","","","","","","","","","","2.10","3.05"
"KC","Kimmeridge Clay Formation","KC_UW","Undefined","201","CLAY","Very stiff fissured thinly laminated dark grey CLAY with occasional shell fragments. Fissures are extremely closely spaced randomly orientated (KIMMERIDGE CLAY FORMATION) (10)","Kimmeridge Clay","","","TP395","2.50","D","032","","2.70","2.50","01","","Wet sieve","33.00","","2.50","01","","","75.00","39.00","36","36.00","60.00","","","","","","","","","","","","","","","","","","","","","","","","","","","","","","","","","","","","2.10","3.05"
"KC","Kimmeridge Clay Formation","KC_UW","Undefined","201","CLAY","Very stiff fissured thinly laminated dark grey CLAY with occasional shell fragments. Fissures are extremely closely spaced randomly orientated (KIMMERIDGE CLAY FORMATION) (10)","Kimmeridge Clay","","","TP395","2.50","LB","031","","","2.50","01","","","34.00","","","","","","","","","","","","","","","","","","","","","","","","","","","","","","","","","","","","","","","","","","","","","","2.10","3.05"
"KC","Kimmeridge Clay Formation","KC_UW","Undefined","201","CLAY","Very stiff fissured thinly laminated dark grey CLAY with occasional shell fragments. Fissures are extremely closely spaced randomly orientated (KIMMERIDGE CLAY FORMATION) (10)","Kimmeridge Clay","","","TP395","2.60","D","033","","","2.60","01","","","38.00","","","","","","","","","","","","","","","","","","","","","","","","","","","","","","","","","","","","","","","","","","","","","","2.10","3.05"
"KC","Kimmeridge Clay Formation","KC_UW","Undefined","201","CLAY","Very stiff fissured thinly laminated dark grey CLAY with occasional shell fragments. Fissures are extremely closely spaced randomly orientated (KIMMERIDGE CLAY FORMATION) (10)","Kimmeridge Clay","","","TP395","2.70","D","034","","","2.70","01","","","35.00","","","","","","","","","","","","","","","","","","","","","","","","","","","","","","","","","","","","","","","","","","","","","","2.10","3.05"
"KC","Kimmeridge Clay Formation","KC_UW","Undefined","201","CLAY","Very stiff fissured thinly laminated dark grey CLAY with occasional shell fragments. Fissures are extremely closely spaced randomly orientated (KIMMERIDGE CLAY FORMATION) (10)","Kimmeridge Clay","","","TP395","2.80","D","035","","","2.80","01","","","37.00","","","","","","","","","","","","","","","","","","","","","","","","","","","","","","","","","","","","","","","","","","","","","","2.10","3.05"
"KC","Kimmeridge Clay Formation","KC_UW","Undefined","201","CLAY","Very stiff fissured thinly laminated dark grey CLAY with occasional shell fragments. Fissures are extremely closely spaced randomly orientated (KIMMERIDGE CLAY FORMATION) (10)","Kimmeridge Clay","","","TP395","2.90","D","036","","","2.90","01","","","43.00","","","","","","","","","","","","","","","","","","","","","","","","","","","","","","","","","","","","","","","","","","","","","","2.10","3.05"
"KC","Kimmeridge Clay Formation","KC_UW","Undefined","201","CLAY","Very stiff fissured thinly laminated dark grey CLAY with occasional shell fragments. Fissures are extremely closely spaced randomly orientated (KIMMERIDGE CLAY FORMATION) (10)","Kimmeridge Clay","","","TP395","3.00","D","037","","","3.00","01","","","41.00","","","","","","","","","","","","","","","","","","","","","","","","","","","","","","","","","","","","","","","","","","","","","","2.10","3.05"
"KC","Kimmeridge Clay Formation","KC_UW","Undefined","203","Sandy CLAY","Very stiff fissured thinly laminated grey slightly sandy CLAY with rare shell fragments. Fissures are extremely closely to very closely spaced. (KIMMERIDGE CLAY FORMATION) (7)","Kimmeridge Clay","","","TP372","3.50","D","009","","","3.50","01","","Natural","19.00","","3.50","01","","","48.00","30.00","18","18.00","100.00","","","","","","","","","","","","","","","","","","","","","","","","","","","","","","","","","","","","2.75","5.00"
"KC","Kimmeridge Clay Formation","KC_UW","Undefined","203","Sandy CLAY","Very stiff fissured thinly laminated grey slightly sandy CLAY with rare shell fragments. Fissures are extremely closely to very closely spaced. (KIMMERIDGE CLAY FORMATION) (7)","Kimmeridge Clay","","","TP372","4.50","D","011","","","4.50","01","","Natural","18.00","","4.50","01","","","45.00","29.00","16","16.00","100.00","","","","","","","","","","","","","","","","","","","","","","","","","","","","","","","","","","","","2.75","5.00"
"KC","Kimmeridge Clay Formation","KC_W","Undefined","203","Sandy CLAY","Firm and stiff grey mottled orangish brown slightly sandy CLAY. (REWORKED KIMMERIDGE CLAY FORMATION) (6)","Reworked Kimmeridge Clay","","","TP372","2.50","D","007","","","2.50","01","","Natural","19.00","","2.50","01","","","47.00","30.00","17","17.00","100.00","","","","","","","","","","","","","","","","","","","","","","","","","","","","","","","","","","","","2.30","2.75"
"KC","Kimmeridge Clay Formation","KC_UW","Undefined","201","CLAY","Stiff and very stiff fissured fissile grey CLAY with many shell fragments. Fissures are very closely spaced randomly orientated (REWORKED KIMMERIDGE CLAY FORMATION?) (7).","Reworked Kimmeridge Clay","","","TP339","1.50","D","003","","","1.50","01","","Natural","38.00","","1.50","01","","","80.00","47.00","33","33.00","100.00","","","","","","","","","","","","","","","","","","","","","","","","","","","","","","","","","","","","1.50","1.60"
"KC","Kimmeridge Clay Formation","KC_UW","Undefined","201","CLAY","Stiff and very stiff fissured fissile grey CLAY with many shell fragments. Fissures are very closely spaced randomly orientated (REWORKED KIMMERIDGE CLAY FORMATION?) (7).","Reworked Kimmeridge Clay","","","TP339","1.50","LB","004","","","","","","","","","","","","","","","","","","","","","1.50","01","","","","","","","","","","","","","","","","","","","","","","","","","","","","","","","1.50","1.60"
"KC","Kimmeridge Clay Formation","KC_UW","Undefined","201","CLAY","Stiff and very stiff fissured thickly laminated dark greenish grey CLAY with occasional shell fragments. Fissures are closely to very closely spaced randomly orientated (KIMMERIDGE CLAY FORMATION) (11).","Kimmeridge Clay","","","TP339","3.50","D","006","","","3.50","01","","Wet sieve","34.00","","3.50","01","","","58.00","32.00","26","26.00","76.00","","","","","","","","","","","","","","","","","","","","","","","","","","","","","","","","","","","","3.00","5.00"
"KC","Kimmeridge Clay Formation","KC_UW","Undefined","201","CLAY","Stiff and very stiff fissured thickly laminated dark greenish grey CLAY with occasional shell fragments. Fissures are closely to very closely spaced randomly orientated (KIMMERIDGE CLAY FORMATION) (11).","Kimmeridge Clay","","","TP339","4.50","D","007","","","4.50","01","","Natural","31.00","","4.50","01","","","58.00","27.00","31","31.00","100.00","","","","","","","","","","","","","","","","","","","","","","","","","","","","","","","","","","","","3.00","5.00"
"KC","Kimmeridge Clay Formation","KC_UW","Undefined","201","CLAY","Stiff and very stiff fissured thickly laminated greenish grey CLAY with abundant shell fragments. Fissures are closely to very closely spaced (KIMMERIDGE CLAY FORMATION) (10)","Kimmeridge Clay","","","TP339","2.50","D","005","","","2.50","01","","Wet sieve","6.80","","2.50","01","","","63.00","34.00","29","29.00","73.00","","","","","","","","","","","","","","","","","","","","","","","","","","","","","","","","","","","","2.10","3.00"
"KC","Kimmeridge Clay Formation","KC_UW","Undefined","201","CLAY","Stiff and very stiff fissured grey thinly laminated CLAY with occasional shell fragments. (KIMMERIDGE CLAY FORMATION) (6).","Kimmeridge Clay","","","TP390","2.50","D","005","","","2.50","01","","Natural","37.00","","2.50","01","","","75.00","47.00","28","28.00","100.00","","","","","","","","","","","","","","","","","","","","","","","","","","","","","","","","","","","","2.00","3.50"
"KC","Kimmeridge Clay Formation","KC_UW","Undefined","201","CLAY","Stiff and very stiff fissured thinly locally thickly laminated CLAY with occasional shell fragments. Fissures are closely to very closely spaced with some selenite crystals on surfaces. (KIMMERIDGE CLAY FORMATION) (8).","Kimmeridge Clay","","","TP390","4.50","D","007","","","4.50","01","","Natural","34.00","","4.50","01","","","67.00","41.00","26","26.00","100.00","","","","","","","","","","","","","","","","","","","","","","","","","","","","","","","","","","","","3.60","5.00"
"KC","Kimmeridge Clay Formation","KC_UW","Undefined","201","CLAY","Very stiff and hard thinly laminated dark grey CLAY with many shell fragments. (KIMMERIDGE CLAY FORMATION) (7).","Kimmeridge Clay","","","TP390","3.50","D","006","","","3.50","01","","Natural","33.00","","3.50","01","","","70.00","40.00","30","30.00","100.00","","","","","","","","","","","","","","","","","","","","","","","","","","","","","","","","","","","","3.50","3.60"
"KC","Kimmeridge Clay Formation","KC_UW","Undefined","201","CLAY","Stiff and very stiff fissured indistinctly thinly locally thickly laminated dark grey CLAY. Fissures are very closely locally extremely closely spaced with occasional discontinuous silt partings (KIMMERIDGE CLAY FORMATION) (5)","Kimmeridge Clay","","","TP340","2.50","D","005","","","2.50","01","","Natural","33.00","","2.50","01","","","63.00","35.00","28","28.00","100.00","","","","","","","","","","","","","","","","","","","","","","","","","","","","","","","","","","","","1.60","2.90"
"KC","Kimmeridge Clay Formation","KC_UW","Undefined","201","CLAY","Stiff and very stiff fissured thinly locally thickly laminated dark grey CLAY with abundant shell fragments. Fissures are very locally extremely closely spaced with occasional discontinuous silt partings (KIMMERIDGE CLAY FORMATION). (8)","Kimmeridge Clay","","","TP340","3.50","D","006","","","3.50","01","","Natural","27.00","","3.50","01","","","58.00","33.00","25","25.00","100.00","","","","","","","","","","","","","","","","","","","","","","","","","","","","","","","","","","","","2.90","4.10"
"KC","Kimmeridge Clay Formation","KC_UW","Undefined","203","Sandy CLAY","Stiff and very stiff fissured thickly laminated dark grey slightly sandy CLAY with shell fragments (KIMMERIDGE CLAY FORMATION). (9)","Kimmeridge Clay","","","TP340","4.30","D","007","","","4.30","01","","Natural","19.00","","4.30","01","","","53.00","32.00","21","21.00","100.00","","","","","","","","","","","","","","","","","","","","","","","","","","","","","","","","","","","","4.10","4.30"
"KC","Kimmeridge Clay Formation","KC_UW","Undefined","203","Sandy CLAY","Stiff fissured light grey slightly sandy CLAY with occasional shell fragments. Fissures extremely closely spaced randomly orientated (REWORKED KIMMERIDGE CLAY FORMATION). (4)","Reworked Kimmeridge Clay","","","TP340","1.50","D","003","","","1.50","01","","Natural","25.00","","1.50","01","","","55.00","34.00","21","21.00","100.00","","","","","","","","","","","","","","","","","","","","","","","","","","","","","","","","","","","","1.10","1.60"
"KC","Kimmeridge Clay Formation","KC_UW","Undefined","203","Sandy CLAY","Stiff fissured light grey slightly sandy CLAY with occasional shell fragments. Fissures extremely closely spaced randomly orientated (REWORKED KIMMERIDGE CLAY FORMATION). (4)","Reworked Kimmeridge Clay","","","TP340","1.50","LB","004","","","","","","","","","","","","","","","","","","","","","1.50","01","","","","","","","","","","","","","","","","","","","","","","","","","","","","","","","1.10","1.60"
"KC","Kimmeridge Clay Formation","KC_UW","Undefined","201","CLAY","Stiff dark grey extremely to very closely fissured CLAY with trace shell fragments. Fissures sub-horizontal and random tight. [Kimmeridge Clay]","Kimmeridge Clay Formation","","","TP20","4.50","B","1","","","4.50","","","","26.00","","4.50","","","","61.00","36.00","25","25.00","","","","","4.50","","","","","13.00","82.00","2.00","3.00","","","","","","","","","","","","","","","","","","","","","","","","3.70","4.50"
"KC","Kimmeridge Clay Formation","KC_UW","Undefined","201","CLAY","Firm becoming stiff very thinly laminated occasionally fissured micaceous grey CLAY. Fissures are closely spaced smooth stepped between 10 degree and 30 degree from horizontal.","Unweathered KIMMERIDGE CLAY FORMATION, Zone Ib","","","BH406","5.50","D","","#7204972173640016","5.60","5.50","","","","17.00","","5.50","","","","60.00","40.00","20","20.00","91.00","","","","","","","","","","","","","","","","","","","","","","","","","","","","","","","","","","","","5.20","10.45"
"KC","Kimmeridge Clay Formation","KC_UW","Undefined","201","CLAY","Firm becoming stiff very thinly laminated occasionally fissured micaceous grey CLAY. Fissures are closely spaced smooth stepped between 10 degree and 30 degree from horizontal.","Unweathered KIMMERIDGE CLAY FORMATION, Zone Ib","","","BH406","6.70","D","","#7204972173640014","7.15","6.70","","","","18.00","","6.70","","","","57.00","39.00","18","18.00","89.00","","","","","","","","","","","","","","","","","","","","","","","","","","","","","","","","","","","","5.20","10.45"
"KC","Kimmeridge Clay Formation","KC_UW","Undefined","201","CLAY","Firm becoming stiff very thinly laminated occasionally fissured micaceous grey CLAY. Fissures are closely spaced smooth stepped between 10 degree and 30 degree from horizontal.","Unweathered KIMMERIDGE CLAY FORMATION, Zone Ib","","","BH406","6.70","L","","#7204972173640038","7.70","","","","","","","","","","","","","","","","","","","6.70","","","","","87.00","10.00","3.00","0.00","0.00","96.70","","","","","","","","","","","","","","","","","","","","","","5.20","10.45"
"KC","Kimmeridge Clay Formation","KC_UW","Undefined","201","CLAY","Firm becoming stiff very thinly laminated occasionally fissured micaceous grey CLAY. Fissures are closely spaced smooth stepped between 10 degree and 30 degree from horizontal.","Unweathered KIMMERIDGE CLAY FORMATION, Zone Ib","","","BH406","8.65","D","","#7204972173640021","8.70","8.65","","","","16.00","","8.65","","","","42.00","25.00","17","17.00","93.00","","","","","","","","","","","","","","","","","","","","","","","","","","","","","","","","","","","","5.20","10.45"
"KC","Kimmeridge Clay Formation","GF_UW","Undefined","202","Silty CLAY","Very stiff dark grey silty thinly laminated fissured CLAY with frequent shells and shell fragments. Fissures are subhorizontal very closely spaced undulating smooth and stepped rough.","Unweathered GAULT CLAY FORMATION, Zone Ia","","","BH401","8.60","D","","","","8.60","","","","18.00","","8.60","","","","50.00","30.00","20","20.00","100.00","","","","","","","","","","","","","","","","","","","","","","","","","","","","","","","","","","","","7.70","10.65"
"KC","Kimmeridge Clay Formation","GF_UW","Undefined","202","Silty CLAY","Very stiff dark grey silty thinly laminated fissured CLAY with frequent shells and shell fragments. Fissures are subhorizontal very closely spaced undulating smooth and stepped rough.","Unweathered GAULT CLAY FORMATION, Zone Ia","","","BH401","9.20","L","","","","","","","","","","","","","","","","","","","","","","9.20","","","","","80.00","14.00","6.00","0.00","0.00","93.80","","","","","","","","","","","","","","","","","","","","","","7.70","10.65"
"KC","Kimmeridge Clay Formation","KC_UW","Undefined","201","CLAY","Soft becoming stiff thinly to very thinly laminated fissured dark grey occasionally fossiliferous CLAY. Fissures are extremely closely spaced stepped rough orientated between 0 degree and 30 degree from horizontal.","Unweathered GAULT CLAY FORMATION, Zone Ib","","","BH403","2.70","D","","#4315971575820013","","2.70","","","","15.00","","2.70","","","","36.00","25.90","10.1","10.10","100.00","","","","","","","","","","","","","","","","","","","","","","","","","","","","","","","","","","","","2.00","2.80"
"KC","Kimmeridge Clay Formation","KC_UW","Undefined","202","Silty CLAY","Stiff thinly laminated to very thinly laminated fissured dark grey highly fossiliferous slightly micaceous slightly silty CLAY. Fissures are extremely closely spaced stepped rough and smooth orientated between 0 degree and 15 degree from horizontal. ","Unweathered KIMMERIDGE CLAY FORMATION, Zone Ia","","","BH403","7.30","B","32","","","","","","","","","","","","","","","","","","","","","7.30","","","","","74.00","14.00","12.00","0.00","0.00","88.30","","","","","","","","","","","","","","","","","","","","","","5.70","10.45"
"KC","Kimmeridge Clay Formation","KC_UW","Undefined","202","Silty CLAY","Stiff thinly laminated to very thinly laminated fissured dark grey highly fossiliferous slightly micaceous slightly silty CLAY. Fissures are extremely closely spaced stepped rough and smooth orientated between 0 degree and 15 degree from horizontal. ","Unweathered KIMMERIDGE CLAY FORMATION, Zone Ia","","","BH403","8.60","D","34","","","8.60","","","","24.00","","8.60","","","","56.00","33.00","23","23.00","100.00","","","","","","","","","","","","","","","","","","","","","","","","","","","","","","","","","","","","5.70","10.45"
"KC","Kimmeridge Clay Formation","KC_UW","Undefined","207","Silty sandy CLAY","Stiff becoming very stiff thinly laminated fissured grey silty sandy CLAY with occasional fossils and frequent grey sandy partings. Fissures are extremely closely to closely spaced stepped rough orientated between 0 degree and 30 degree from horizontal.  Sand is fine to coarse.","LOWER GREENSAND, Weathering Grade V","","","BH403","3.60","D","16","","","3.60","","","","21.00","","3.60","","","","51.00","30.00","21","21.00","100.00","","","","","","","","","","","","","","","","","","","","","","","","","","","","","","","","","","","","2.80","5.70"
"KC","Kimmeridge Clay Formation","KC_UW","Undefined","207","Silty sandy CLAY","Stiff becoming very stiff thinly laminated fissured grey silty sandy CLAY with occasional fossils and frequent grey sandy partings. Fissures are extremely closely to closely spaced stepped rough orientated between 0 degree and 30 degree from horizontal.  Sand is fine to coarse.","LOWER GREENSAND, Weathering Grade V","","","BH403","4.70","B","29","","","","","","","","","","","","","","","","","","","","","4.70","","","","","95.00","3.00","2.00","0.00","0.00","98.00","","","","","","","","","","","","","","","","","","","","","","2.80","5.70"
"KC","Kimmeridge Clay Formation","KC_W","Undefined","202","Silty CLAY","Firm locally very soft to soft thinly laminated dark grey mottled brown silty CLAY.","Partially Weathered GAULT CLAY FORMATION, Zone IIa","","","BH403","1.25","B","28","","","","","","","","","","","","","","","","","","","","","1.25","","","","","96.00","3.00","1.00","0.00","0.00","98.90","","","","","","","","","","","","","","","","","","","","","","1.20","2.00"
"KC","Kimmeridge Clay Formation","KC_W","Undefined","202","Silty CLAY","Firm locally very soft to soft thinly laminated dark grey mottled brown silty CLAY.","Partially Weathered GAULT CLAY FORMATION, Zone IIa","","","BH403","1.60","D","17","","","1.60","","","","21.00","","1.60","","","","56.00","36.00","20","20.00","100.00","","","","","","","","","","","","","","","","","","","","","","","","","","","","","","","","","","","","1.20","2.00"
"KC","Kimmeridge Clay Formation","KC_UW","Undefined","202","Silty CLAY","Stiff to very stiff laminated fissured grey micaceous highly fossiliferous silty CLAY with occasional pockets of grey fine sand up to 5mmX5mmX5mm in size. Fissures are extremely closely spaced stepped rough and undulating rough randomly orientated.","Unweathered KIMMERIDGE CLAY FORMATION, Zone Ib","","","BH414","18.30","D","64","","","18.30","","","","16.00","","18.30","","","","41.00","22.00","19","19.00","100.00","","","","","","","","","","","","","","","","","","","","","","","","","","","","","","","","","","","","17.20","18.95"
"KC","Kimmeridge Clay Formation","KC_UW","Undefined","303","Sandy SILT","Very stiff laminated extremely closely spaced very dark grey locally clayey sandy SILT with frequent fossils. Fissures are stepped rough randomly orientated. Sand is fine to coarse.","Unweathered KIMMERIDGE CLAY FORMATION, Zone Ia","","","BH414","19.10","B","60","","","","","","","","","","","","","","","","","","","","","19.10","","","","","28.00","24.00","48.00","0.00","0.00","52.10","","","","","","","","","","","","","","","","","","","","","","18.95","20.00"
"KC","Kimmeridge Clay Formation","KC_UW","Undefined","303","Sandy SILT","Very stiff laminated extremely closely spaced very dark grey locally clayey sandy SILT with frequent fossils. Fissures are stepped rough randomly orientated. Sand is fine to coarse.","Unweathered KIMMERIDGE CLAY FORMATION, Zone Ia","","","BH414","19.44","D","63","","","19.44","","","","15.00","","","","","","","","","","","","","","","","","","","","","","","","","","","","","","","","","","","","","","","","","","","","","","18.95","20.00"
"KC","Kimmeridge Clay Formation","KC_UW","Undefined","201","CLAY","Stiff thinly laminated fissured dark grey slightly micaceous occasionally fossiliferous CLAY with occasional thins beds of grey sand between laminae. Fissures are closely spaced planar rough and stepped rough.","Unweathered KIMMERIDGE CLAY FORMATION, Zone Ib","","","BH409","13.25","D","51","","","13.25","","","","26.00","","13.25","","","","51.00","30.00","21","21.00","82.00","","","","","","","","","","","","","","","","","","","","","","","","","","","","","","","","","","","","12.70","14.40"
"KC","Kimmeridge Clay Formation","KC_UW","Undefined","403","Silty SAND","Dark grey micaceous very silty fine to coarse SAND.","Unweathered KIMMERIDGE CLAY FORMATION, Zone Ib","","","BH409","14.55","C","56","","","","","","","","","","","","","","","","","","","","","14.55","","","","","10.00","18.00","40.00","32.00","0.00","27.60","","","","","","","","","","","","","","","","","","","","","","14.40","15.00"
"KC","Kimmeridge Clay Formation","KC_UW","Undefined","202","Silty CLAY","Very stiff laminated fissured grey micaceous slightly silty CLAY with rare bivalve and ammonites fossils. Fissures are closely to extremely closely spaced stepped rough orientated between 0 degree and 5 degree from horizontal.","Unweathered KIMMERIDGE CLAY FORMATION, Zone Ia","","","BH415A","20.20","D","60","","","20.20","","","","22.00","","20.20","","","","53.00","33.00","20","20.00","100.00","","","","","","","","","","","","","","","","","","","","","","","","","","","","","","","","","","","","19.87","24.40"
"KC","Kimmeridge Clay Formation","KC_UW","Undefined","202","Silty CLAY","Very stiff laminated fissured grey micaceous slightly silty CLAY with rare bivalve and ammonites fossils. Fissures are closely to extremely closely spaced stepped rough orientated between 0 degree and 5 degree from horizontal.","Unweathered KIMMERIDGE CLAY FORMATION, Zone Ia","","","BH415A","22.58","B","61","","","","","","","","","","","","","","","","","","","","","22.58","","","","","84.00","12.00","4.00","0.00","0.00","96.40","","","","","","","","","","","","","","","","","","","","","","19.87","24.40"
"KC","Kimmeridge Clay Formation","KC_UW","Undefined","207","Silty sandy CLAY","Very stiff dark grey thinly laminated closely spaced fossiliferous silty sandy CLAY. Sand is fine to coarse with occasional grey fine sandy partings.","Unweathered KIMMERIDGE CLAY FORMATION, Zone Ia","","","BH415A","24.80","B","62","","","","","","","","","","","","","","","","","","","","","24.80","","","","","60.00","24.00","16.00","0.00","0.00","83.80","","","","","","","","","","","","","","","","","","","","","","24.40","25.40"
"KC","Kimmeridge Clay Formation","KC_UW","Undefined","207","Silty sandy CLAY","Very stiff dark grey thinly laminated closely spaced fossiliferous silty sandy CLAY. Sand is fine to coarse with occasional grey fine sandy partings.","Unweathered KIMMERIDGE CLAY FORMATION, Zone Ia","","","BH415A","25.30","D","59","","","25.30","","","","25.00","","25.30","","","","55.00","33.00","22","22.00","100.00","","","","","","","","","","","","","","","","","","","","","","","","","","","","","","","","","","","","24.40","25.40"
"KC","Kimmeridge Clay Formation","KC_UW","Undefined","202","Silty CLAY","Firm becoming very stiff thinly to very thinly laminated fissured grey locally silty CLAY. Fissures are stepped rough orientated between 0 degree and 20 degree from horizontal.","Unweathered KIMMERIDGE CLAY FORMATION, Zone Ib","","","BH410","9.16","B","24","","","","","","","","","","","","","","","","","","","","","","","","","","","","","","","","9.16","","","","","","","","","","","","9.16","","","","","2.07","1.75","18.00","","7.75","11.90"
"KC","Kimmeridge Clay Formation","KC_UW","Undefined","202","Silty CLAY","Firm becoming very stiff thinly to very thinly laminated fissured grey locally silty CLAY. Fissures are stepped rough orientated between 0 degree and 20 degree from horizontal.","Unweathered KIMMERIDGE CLAY FORMATION, Zone Ib","","","BH410","10.00","D","35","","","10.00","","","","29.00","","10.00","","","","64.00","39.00","25","25.00","100.00","","","","","","","","","","","","","","","","","","","","","","","","","","","","","","","","","","","","7.75","11.90"
"KC","Kimmeridge Clay Formation","KC_UW","Undefined","202","Silty CLAY","Stiff to very stiff thinly to very thinly laminated fissured grey slightly silty CLAY. Fissures are stepped rough orientated between 0 degree and 20 degree from horizontal.","Unweathered KIMMERIDGE CLAY FORMATION, Zone Ia","","","BH410","12.40","B","43","","","","","","","","","","","","","","","","","","","","","12.40","","","","","77.00","12.00","11.00","0.00","0.00","89.40","","","","","","","","","","","","","","","","","","","","","","12.40","15.50"
"KC","Kimmeridge Clay Formation","KC_UW","Undefined","202","Silty CLAY","Stiff to very stiff thinly to very thinly laminated fissured grey slightly silty CLAY. Fissures are stepped rough orientated between 0 degree and 20 degree from horizontal.","Unweathered KIMMERIDGE CLAY FORMATION, Zone Ia","","","BH410","14.50","D","36","","","14.50","","","","19.00","","14.50","","","","49.00","32.00","17","17.00","100.00","","","","","","","","","","","","","","","","","","","","","","","","","","","","","","","","","","","","12.40","15.50"
"KC","Kimmeridge Clay Formation","KC_UW","Undefined","202","Silty CLAY","Very stiff thinly laminated fissured grey silty frequently fossiliferous occasionally micaceous CLAY with occasional pockets of grey fine sand up to 20mmX20mmX20mm in size. Fissures are closely spaced stepped smooth and rough orientated 0 degree to 10 degree from horizontal.","Unweathered KIMMERIDGE CLAY FORMATION, Zone Ia","","","BH416","14.50","B","38","","","","","","","","","","","","","","","","","","","","","","","","","","","","","","","","14.50","","","","","","","","","","","","14.50","","","","","2.12","1.78","19.00","","13.20","20.20"
"KC","Kimmeridge Clay Formation","KC_UW","Undefined","202","Silty CLAY","Very stiff thinly laminated fissured grey silty frequently fossiliferous occasionally micaceous CLAY with occasional pockets of grey fine sand up to 20mmX20mmX20mm in size. Fissures are closely spaced stepped smooth and rough orientated 0 degree to 10 degree from horizontal.","Unweathered KIMMERIDGE CLAY FORMATION, Zone Ia","","","BH416","15.10","D","35","","","15.10","","","","14.00","","15.10","","","","45.00","27.00","18","18.00","100.00","","","","","","","","","","","","","","","","","","","","","","","","","","","","","","","","","","","","13.20","20.20"
"KC","Kimmeridge Clay Formation","KC_UW","Undefined","202","Silty CLAY","Very stiff thinly laminated fissured grey silty frequently fossiliferous occasionally micaceous CLAY with occasional pockets of grey fine sand up to 20mmX20mmX20mm in size. Fissures are closely spaced stepped smooth and rough orientated 0 degree to 10 degree from horizontal.","Unweathered KIMMERIDGE CLAY FORMATION, Zone Ia","","","BH416","19.50","B","48","","","","","","","","","","","","","","","","","","","","","19.50","","","","","43.00","27.00","30.00","0.00","0.00","70.00","","","","","","","","","","","","","","","","","","","","","","13.20","20.20"
"KC","Kimmeridge Clay Formation","KC_UW","Undefined","201","CLAY","Stiff very thinly laminated fissured grey occasional micaceous CLAY with rare shell fragments. Fissures are stepped rough orientated between 0 degree and 30 degree from horizontal.","","","","BH551","2.70","D","","#5738084565720015","3.15","2.70","","","","26.00","","2.70","","","","66.00","48.00","18","18.00","100.00","","","","","","","","","","","","","","","","","","","","","","","","","","","","","","","","","","","","2.50","6.70"
"KC","Kimmeridge Clay Formation","KC_UW","Undefined","201","CLAY","Stiff very thinly laminated fissured grey occasional micaceous CLAY with rare shell fragments. Fissures are stepped rough orientated between 0 degree and 30 degree from horizontal.","","","","BH551","3.10","B","","","","","","","","","","","","","","","","","","","","","","3.10","","","","","96.00","3.00","1.00","0.00","0.00","98.60","","","","","","","","","","","","","","","","","","","","","","2.50","6.70"
"KC","Kimmeridge Clay Formation","KC_UW","Undefined","201","CLAY","Stiff very thinly laminated fissured grey occasional micaceous CLAY with rare shell fragments. Fissures are stepped rough orientated between 0 degree and 30 degree from horizontal.","","","","BH551","3.60","D","","#5738084565720020","3.70","3.60","","","","24.00","","3.60","","","","","","","","","","","","","","","","","","","","","","","","","","","","","","","","","","","","","","","","","","","","2.50","6.70"
"KC","Kimmeridge Clay Formation","KC_UW","Undefined","201","CLAY","Stiff very thinly laminated fissured grey occasional micaceous CLAY with rare shell fragments. Fissures are stepped rough orientated between 0 degree and 30 degree from horizontal.","","","","BH551","4.90","B","31","","","","","","","","","","","","","","","","","","","","","","","","","","","","","","","","4.90","","","","","","","","","","","","4.90","","","","","2.03","1.73","17.00","","2.50","6.70"
"KC","Kimmeridge Clay Formation","KC_UW","Undefined","202","Silty CLAY","Very stiff thinly to very thinly laminated fissured spaced grey locally silty CLAY. Fissures are stepped rough orientated between 0 degree and 20 degree from horizontal.","","","","BH551","10.80","D","41","","","10.80","","","","15.00","","10.80","","","","37.00","21.00","16","16.00","94.00","","","","","","","","","","","","","","","","","","","","","","","","","","","","","","","","","","","","10.38","15.65"
"KC","Kimmeridge Clay Formation","KC_UW","Undefined","202","Silty CLAY","Very stiff thinly to very thinly laminated fissured spaced grey locally silty CLAY. Fissures are stepped rough orientated between 0 degree and 20 degree from horizontal.","","","","BH551","12.30","B","45","","","","","","","","","","","","","","","","","","","","","12.30","","","","","93.00","5.00","2.00","0.00","0.00","98.00","","","","","","","","","","","","","","","","","","","","","","10.38","15.65"
"KC","Kimmeridge Clay Formation","KC_UW","Undefined","202","Silty CLAY","Very stiff thinly to very thinly laminated fissured spaced grey locally silty CLAY. Fissures are stepped rough orientated between 0 degree and 20 degree from horizontal.","","","","BH551","14.20","D","39","","","14.20","","","","16.00","","14.20","","","","43.00","28.00","15","15.00","93.00","","","","","","","","","","","","","","","","","","","","","","","","","","","","","","","","","","","","10.38","15.65"
"KC","Kimmeridge Clay Formation","KC_UW","Undefined","801","MUDSTONE","Extremely weak to weak very thinly laminated very dark grey to black locally micaceous fossiliferous fissile MUDSTONE locally recovered as gravelly silty clay.","","","","BH551","6.70","D","10","","","6.70","","","","17.00","","6.70","","","","45.00","30.00","15","15.00","96.00","","","","","","","","","","","","","","","","","","","","","","","","","","","","","","","","","","","","6.70","10.38"
"KC","Kimmeridge Clay Formation","KC_W","Undefined","201","CLAY","Soft to very soft thinly laminated closely spaced grey mottled brown becoming less mottled fissured CLAY with occasional pockets of light brown fine to coarse sand. Fissures are stepped rough orientated between 0 degree and 15 degree from horizontal.","","","","BH551","1.60","D","","","","1.60","","","","27.00","","1.60","","","","55.00","32.00","23","23.00","10.00","","","","","","","","","","","","","","","","","","","","","","","","","","","","","","","","","","","","1.30","2.50"
"KC","Kimmeridge Clay Formation","KC_UW","Undefined","202","Silty CLAY","Very stiff thinly laminated fissured dark grey slightly silty CLAY with occasional shell fragments (<4mm diameter) and rare pockets of light grey silt (<10mm diameter). Fissures are noted to be in 2 sets: Fissure Set 1 is very closely spaced subvertical smooth; Fissure Set 2 is closely spaced subhorizontal smooth.","Partially Weathered KIMMERIDGE CLAY FORMATION, Zone IIa","","","BH412","9.60","D","25","","","9.60","","","","17.00","","9.60","","","","37.00","23.00","14","14.00","100.00","","","","","","","","","","","","","","","","","","","","","","","","","","","","","","","","","","","","9.55","15.65"
"KC","Kimmeridge Clay Formation","KC_UW","Undefined","202","Silty CLAY","Very stiff thinly laminated fissured dark grey slightly silty CLAY with occasional shell fragments (<4mm diameter) and rare pockets of light grey silt (<10mm diameter). Fissures are noted to be in 2 sets: Fissure Set 1 is very closely spaced subvertical smooth; Fissure Set 2 is closely spaced subhorizontal smooth.","Partially Weathered KIMMERIDGE CLAY FORMATION, Zone IIa","","","BH412","10.60","B","26","","","","","","","","","","","","","","","","","","","","","10.60","","","","","90.00","7.00","2.00","1.00","0.00","97.30","","","","","","","","","","","","","","","","","","","","","","9.55","15.65"
"KC","Kimmeridge Clay Formation","KC_UW","Undefined","202","Silty CLAY","Very stiff thinly laminated fissured dark grey slightly silty CLAY with occasional shell fragments (<4mm diameter) and rare pockets of light grey silt (<10mm diameter). Fissures are noted to be in 2 sets: Fissure Set 1 is very closely spaced subvertical smooth; Fissure Set 2 is closely spaced subhorizontal smooth.","Partially Weathered KIMMERIDGE CLAY FORMATION, Zone IIa","","","BH412","12.50","D","29","","","12.50","","","","22.00","","12.50","","","","54.00","35.00","19","19.00","100.00","","","","","","","","","","","","","","","","","","","","","","","","","","","","","","","","","","","","9.55","15.65"
"KC","Kimmeridge Clay Formation","KC_UW","Undefined","202","Silty CLAY","Very stiff thinly laminated fissured dark grey slightly silty CLAY with occasional shell fragments (<4mm diameter) and rare pockets of light grey silt (<10mm diameter). Fissures are noted to be in 2 sets: Fissure Set 1 is very closely spaced subvertical smooth; Fissure Set 2 is closely spaced subhorizontal smooth.","Partially Weathered KIMMERIDGE CLAY FORMATION, Zone IIa","","","BH412","13.60","B","30","","","","","","","","","","","","","","","","","","","","","13.60","","","","","82.00","10.00","8.00","0.00","0.00","91.70","","","","","","","","","","","","","","","","","","","","","","9.55","15.65"
"KC","Kimmeridge Clay Formation","KC_UW","Undefined","202","Silty CLAY","Very stiff thinly laminated fissured dark grey slightly silty CLAY with occasional shell fragments (<4mm diameter) and rare pockets of light grey silt (<10mm diameter). Fissures are noted to be in 2 sets: Fissure Set 1 is very closely spaced subvertical smooth; Fissure Set 2 is closely spaced subhorizontal smooth.","Partially Weathered KIMMERIDGE CLAY FORMATION, Zone IIa","","","BH412","15.10","D","33","","","15.10","","","","17.00","","15.10","","","","40.00","26.00","14","14.00","100.00","","","","","","","","","","","","","","","","","","","","","","","","","","","","","","","","","","","","9.55","15.65"
"KC","Kimmeridge Clay Formation","LG_UW","Undefined","202","Silty CLAY","Stiff to very stiff thinly to thickly laminated dark bluish grey silty CLAY with frequent shells (bivalves).","","","","TP410a","3.20","B","","#2084573876140010","3.70","","","","","","","","","","","","","","","","","","","3.20","","","","","96.00","3.00","1.00","0.00","0.00","99.30","","","","","","","","","","","","","","","","","","","","","","2.20","4.50"
"KC","Kimmeridge Clay Formation","LG_UW","Undefined","202","Silty CLAY","Stiff to very stiff thinly to thickly laminated dark bluish grey silty CLAY with frequent shells (bivalves).","","","","TP410a","4.00","D","","#2084573876140012","","4.00","","","","21.00","","4.00","","","","56.00","36.00","20","20.00","100.00","","","","","","","","","","","","","","","","","","","","","","","","","","","","","","","","","","","","2.20","4.50"
"KC","Kimmeridge Clay Formation","KC_UW","Undefined","202","Silty CLAY","Stiff dark bluish grey thickly laminated silty slightly gravelly CLAY with frequent shell fragments (bivalve, ammonite up to 40 mm diameter). Gravel is subrounded fine of light grey siltstone.","","","","TP409","3.40","B","","#1133714560940018","3.80","","","","","","","","","","","","","","","","","","","3.40","","","","","95.00","3.00","1.00","1.00","0.00","98.40","","","","","","","","","","","","","","","","","","","","","","3.40","4.70"
"KC","Kimmeridge Clay Formation","KC_UW","Undefined","202","Silty CLAY","Stiff dark bluish grey thickly laminated silty slightly gravelly CLAY with frequent shell fragments (bivalve, ammonite up to 40 mm diameter). Gravel is subrounded fine of light grey siltstone.","","","","TP409","3.40","D","","#1133714560940017","","3.40","","","","23.00","","3.40","","","","61.00","41.00","20","20.00","100.00","","","","","","","","","","","","","","","","","","","","","","","","","","","","","","","","","","","","3.40","4.70"
"KC","Kimmeridge Clay Formation","KC_W","Undefined","202","Silty CLAY","Firm light grey fissured silty CLAY. Fissures are subvertical (80 degree) to moderately inclined (40 degree) infilled with creamish brown silt.","","","","TP409","1.10","B","","#1133714560940009","1.60","","","","","","","","","","","","","","","","","","","1.10","","","","","96.00","3.00","1.00","0.00","0.00","98.70","","","","","","","","","","","","","","","","","","","","","","1.10","2.50"
"KC","Kimmeridge Clay Formation","KC_W","Undefined","202","Silty CLAY","Firm light grey fissured silty CLAY. Fissures are subvertical (80 degree) to moderately inclined (40 degree) infilled with creamish brown silt.","","","","TP409","1.70","D","","#1133714560940010","","1.70","","","","24.00","","1.70","","","","65.00","43.00","22","22.00","100.00","","","","","","","","","","","","","","","","","","","","","","","","","","","","","","","","","","","","1.10","2.50"
"KC","Kimmeridge Clay Formation","KC_UW","Undefined","201","CLAY","Firm becoming very stiff thinly to very thinly laminated fissured dark grey fossiliferous locally micaceous CLAY. Fissures are very closely to closely stepped rough and planar rough orientated between 0 degree and 20 degree from horizontal. Fossils are frequent of ammonites and bivalves.","Unweathered KIMMERIDGE CLAY FORMATION, Zone Ia","","","BH420","7.90","D","","","8.00","7.90","","","","31.00","","7.90","","","","65.00","38.00","27","27.00","100.00","","","","","","","","","","","","","","","","","","","","","","","","","","","","","","","","","","","","7.70","16.50"
"KC","Kimmeridge Clay Formation","KC_UW","Undefined","201","CLAY","Firm becoming very stiff thinly to very thinly laminated fissured dark grey fossiliferous locally micaceous CLAY. Fissures are very closely to closely stepped rough and planar rough orientated between 0 degree and 20 degree from horizontal. Fossils are frequent of ammonites and bivalves.","Unweathered KIMMERIDGE CLAY FORMATION, Zone Ia","","","BH420","9.10","B","","","9.50","","","","","","","","","","","","","","","","","","","9.10","","","","","61.00","19.00","20.00","0.00","0.00","80.40","","","","","","","","","","","","","","","","","","","","","","7.70","16.50"
"KC","Kimmeridge Clay Formation","KC_UW","Undefined","201","CLAY","Firm becoming very stiff thinly to very thinly laminated fissured dark grey fossiliferous locally micaceous CLAY. Fissures are very closely to closely stepped rough and planar rough orientated between 0 degree and 20 degree from horizontal. Fossils are frequent of ammonites and bivalves.","Unweathered KIMMERIDGE CLAY FORMATION, Zone Ia","","","BH420","11.20","D","","","11.30","11.20","","","","9.00","","11.20","","","","24.00","16.00","8","8.00","65.00","","","","","","","","","","","","","","","","","","","","","","","","","","","","","","","","","","","","7.70","16.50"
"KC","Kimmeridge Clay Formation","KC_UW","Undefined","201","CLAY","Firm becoming very stiff thinly to very thinly laminated fissured dark grey fossiliferous locally micaceous CLAY. Fissures are very closely to closely stepped rough and planar rough orientated between 0 degree and 20 degree from horizontal. Fossils are frequent of ammonites and bivalves.","Unweathered KIMMERIDGE CLAY FORMATION, Zone Ia","","","BH420","12.80","D","","","","12.80","","","","14.00","","12.80","","","","44.00","33.90","10.1","10.10","98.00","","","","","","","","","","","","","","","","","","","","","","","","","","","","","","","","","","","","7.70","16.50"
"KC","Kimmeridge Clay Formation","KC_UW","Undefined","201","CLAY","Firm becoming very stiff thinly to very thinly laminated fissured dark grey fossiliferous locally micaceous CLAY. Fissures are very closely to closely stepped rough and planar rough orientated between 0 degree and 20 degree from horizontal. Fossils are frequent of ammonites and bivalves.","Unweathered KIMMERIDGE CLAY FORMATION, Zone Ia","","","BH420","13.60","B","","","14.10","","","","","","","","","","","","","","","","","","","13.60","","","","","48.00","28.00","23.00","1.00","0.00","76.50","","","","","","","","","","","","","","","","","","","","","","7.70","16.50"
"KC","Kimmeridge Clay Formation","KC_UW","Undefined","201","CLAY","Firm becoming very stiff thinly to very thinly laminated fissured dark grey fossiliferous locally micaceous CLAY. Fissures are very closely to closely stepped rough and planar rough orientated between 0 degree and 20 degree from horizontal. Fossils are frequent of ammonites and bivalves.","Unweathered KIMMERIDGE CLAY FORMATION, Zone Ia","","","BH420","15.70","D","","","15.80","15.70","","","","20.00","","15.70","","","","61.00","43.00","18","18.00","100.00","","","","","","","","","","","","","","","","","","","","","","","","","","","","","","","","","","","","7.70","16.50"
"KC","Kimmeridge Clay Formation","KC_UW","Undefined","201","CLAY","Stiff to very stiff thinly to very thinly laminated fissured dark grey highly fossiliferous locally partially calcareously cemented CLAY. Fissures are very closely to closely spaced stepped rough and planar rough orientated between 0 degree and 20 degree from horizontal. Fossils are frequent of ammonites and bivalves.","Unweathered KIMMERIDGE CLAY FORMATION, Zone Ia","","","BH420","19.80","D","","","19.90","19.80","","","","17.00","","19.80","","","","47.00","34.00","13","13.00","100.00","","","","","","","","","","","","","","","","","","","","","","","","","","","","","","","","","","","","17.15","22.90"
"KC","Kimmeridge Clay Formation","KC_UW","Undefined","201","CLAY","Stiff to very stiff thinly to very thinly laminated fissured dark grey highly fossiliferous locally partially calcareously cemented CLAY. Fissures are very closely to closely spaced stepped rough and planar rough orientated between 0 degree and 20 degree from horizontal. Fossils are frequent of ammonites and bivalves.","Unweathered KIMMERIDGE CLAY FORMATION, Zone Ia","","","BH420","21.00","B","","","21.60","","","","","","","","","","","","","","","","","","","21.00","","","","","80.00","16.00","4.00","0.00","0.00","96.30","","","","","","","","","","","","","","","","","","","","","","17.15","22.90"
"KC","Kimmeridge Clay Formation","KC_UW","Undefined","201","CLAY","Stiff to very stiff thinly to very thinly laminated fissured dark grey highly fossiliferous locally partially calcareously cemented CLAY. Fissures are very closely to closely spaced stepped rough and planar rough orientated between 0 degree and 20 degree from horizontal. Fossils are frequent of ammonites and bivalves.","Unweathered KIMMERIDGE CLAY FORMATION, Zone Ia","","","BH420","22.00","D","","","22.10","22.00","","","","26.00","","22.00","","","","62.00","41.00","21","21.00","100.00","","","","","","","","","","","","","","","","","","","","","","","","","","","","","","","","","","","","17.15","22.90"
"KC","Kimmeridge Clay Formation","KC_UW","Undefined","202","Silty CLAY","Stiff to very stiff thinly to very thinly laminated fissured light grey silty CLAY with occasional shell fragments. Fissures are very closely to closely spaced stepped rough and undulating smooth and polished orientated between 0 degree and 20 degree from horizontal.","Unweathered KIMMERIDGE CLAY FORMATION, Zone Ia","","","BH420","29.10","D","","","29.20","29.10","","","","29.00","","29.10","","","","56.00","38.00","18","18.00","100.00","","","","","","","","","","","","","","","","","","","","","","","","","","","","","","","","","","","","22.90","30.60"
"KC","Kimmeridge Clay Formation","KC_UW","Undefined","202","Silty CLAY","Stiff to very stiff very dark grey fissured highly fossiliferous slightly micaceous silty CLAY . Fissures are very closely to closely stepped rough orientated between 0 degree and 20 degree from horizontal. Fossils are comprised of ammonites and bivalves and shell fragments.","Unweathered KIMMERIDGE CLAY FORMATION, Zone Ib","","","BH420","7.00","B","","","7.50","","","","","","","","","","","","","","","","","","","7.00","","","","","51.00","19.00","28.00","2.00","0.00","70.10","","","","","","","","","","","","","","","","","","","","","","6.70","7.70"
"KC","Kimmeridge Clay Formation","KC_UW","Undefined","202","Silty CLAY","Very stiff thinly laminated light grey turning dark grey slightly silty CLAY with occasional shell fragments and occasional ammonite fossils between laminae. ","Unweathered KIMMERIDGE CLAY FORMATION, Zone Ia","","","BH420","33.70","L","","","35.20","","","","","","","","","","","","","","","","","","","33.70","","","","","80.00","14.00","6.00","0.00","0.00","93.80","","","","","","","","","","","","","","","","","","","","","","30.90","36.70"
"KC","Kimmeridge Clay Formation","KC_UW","Undefined","202","Silty CLAY","Very stiff thinly laminated light grey turning dark grey slightly silty CLAY with occasional shell fragments and occasional ammonite fossils between laminae. ","Unweathered KIMMERIDGE CLAY FORMATION, Zone Ia","","","BH420","34.80","D","","","34.90","34.80","","","","24.00","","34.80","","","","51.00","31.00","20","20.00","100.00","","","","","","","","","","","","","","","","","","","","","","","","","","","","","","","","","","","","30.90","36.70"
"KC","Kimmeridge Clay Formation","KC_W","Undefined","201","CLAY","Soft to firm thinly to very thinly laminated fissured dark grey fossiliferous CLAY. Fissures are very closely to closely spaced stepped rough and planar rough orientated between 10 degree and 30 degree from horizontal. Fossils are frequent of ammonites and bivalves.","Unweathered KIMMERIDGE CLAY FORMATION, Zone Ib","","","BH420","2.60","D","","","2.70","2.60","","","","22.00","","2.60","","","","57.00","39.00","18","18.00","100.00","","","","","","","","","","","","","","","","","","","","","","","","","","","","","","","","","","","","1.90","6.70"
"KC","Kimmeridge Clay Formation","KC_W","Undefined","201","CLAY","Soft to firm thinly to very thinly laminated fissured dark grey fossiliferous CLAY. Fissures are very closely to closely spaced stepped rough and planar rough orientated between 10 degree and 30 degree from horizontal. Fossils are frequent of ammonites and bivalves.","Unweathered KIMMERIDGE CLAY FORMATION, Zone Ib","","","BH420","3.60","D","","","3.70","3.60","","","","23.00","","3.60","","","","","","","","","","","","","","","","","","","","","","","","","","","","","","","","","","","","","","","","","","","","1.90","6.70"
"KC","Kimmeridge Clay Formation","KC_W","Undefined","201","CLAY","Soft to firm thinly to very thinly laminated fissured dark grey fossiliferous CLAY. Fissures are very closely to closely spaced stepped rough and planar rough orientated between 10 degree and 30 degree from horizontal. Fossils are frequent of ammonites and bivalves.","Unweathered KIMMERIDGE CLAY FORMATION, Zone Ib","","","BH420","4.35","D","","","4.40","4.35","","","","23.00","","4.35","","","","57.00","37.00","20","20.00","100.00","","","","","","","","","","","","","","","","","","","","","","","","","","","","","","","","","","","","1.90","6.70"
"KC","Kimmeridge Clay Formation","KC_W","Undefined","201","CLAY","Soft to firm thinly to very thinly laminated fissured dark grey fossiliferous CLAY. Fissures are very closely to closely spaced stepped rough and planar rough orientated between 10 degree and 30 degree from horizontal. Fossils are frequent of ammonites and bivalves.","Unweathered KIMMERIDGE CLAY FORMATION, Zone Ib","","","BH420","5.70","D","","","6.15","5.70","","","","26.00","","5.70","","","","60.00","40.00","20","20.00","100.00","","","","","","","","","","","","","","","","","","","","","","","","","","","","","","","","","","","","1.90","6.70"
"KC","Kimmeridge Clay Formation","KC_UW","Undefined","202","Silty CLAY","Stiff to very stiff thinly laminated fissured dark grey fossiliferous silty CLAY. Fissures are extremely closely to closely spaced stepped rough and undulating rough orientated between 5 degree and 25 degree from horizontal. Fossils are frequent comprised of bivalves and ammonites.","Unweathered KIMMERIDGE CLAY FORMATION, Zone Ia","","","BH411","16.10","B","","","16.60","","","","","","","","","","","","","","","","","","","16.10","","","","","79.00","15.00","6.00","0.00","0.00","94.10","","","","","","","","","","","","","","","","","","","","","","15.90","17.20"
"KC","Kimmeridge Clay Formation","KC_UW","Undefined","202","Silty CLAY","Stiff to very stiff thinly laminated fissured dark grey fossiliferous silty CLAY. Fissures are extremely closely to closely spaced stepped rough and undulating rough orientated between 5 degree and 25 degree from horizontal. Fossils are frequent comprised of bivalves and ammonites.","Unweathered KIMMERIDGE CLAY FORMATION, Zone Ia","","","BH411","16.90","D","","","17.20","16.90","","","","15.00","","16.90","","","","33.00","20.00","13","13.00","100.00","","","","","","","","","","","","","","","","","","","","","","","","","","","","","","","","","","","","15.90","17.20"
"KC","Kimmeridge Clay Formation","KC_UW","Undefined","202","Silty CLAY","Stiff to very stiff thinly laminated fissured dark grey very occasionally fossiliferous silty CLAY. Fissures are closely spaced stepped rough orientated between 0 degree and 20 degree from horizontal. Fossils are rare of bivalve shells.","Unweathered KIMMERIDGE CLAY FORMATION, Zone Ia","","","BH411","9.60","D","","","9.70","9.60","","","","16.00","","","","","","","","","","","","","","","","","","","","","","","","","","","","","","","","","","","","","","","","","","","","","","9.30","14.85"
"KC","Kimmeridge Clay Formation","KC_UW","Undefined","202","Silty CLAY","Stiff to very stiff thinly laminated fissured dark grey very occasionally fossiliferous silty CLAY. Fissures are closely spaced stepped rough orientated between 0 degree and 20 degree from horizontal. Fossils are rare of bivalve shells.","Unweathered KIMMERIDGE CLAY FORMATION, Zone Ia","","","BH411","9.70","L","","","11.20","","","","","","","","","","","","","","","","","","","9.70","","","","","88.00","10.00","2.00","0.00","0.00","98.40","","","","","","","","","","","","","","","","","","","","","","9.30","14.85"
"KC","Kimmeridge Clay Formation","KC_UW","Undefined","202","Silty CLAY","Stiff to very stiff thinly laminated fissured dark grey very occasionally fossiliferous silty CLAY. Fissures are closely spaced stepped rough orientated between 0 degree and 20 degree from horizontal. Fossils are rare of bivalve shells.","Unweathered KIMMERIDGE CLAY FORMATION, Zone Ia","","","BH411","12.70","D","","","12.80","12.70","","","","21.00","","12.70","","","","57.00","32.00","25","25.00","100.00","","","","","","","","","","","","","","","","","","","","","","","","","","","","","","","","","","","","9.30","14.85"
"KC","Kimmeridge Clay Formation","KC_UW","Undefined","203","Sandy CLAY","Stiff to very stiff indistinctly thinly laminated dark grey slightly fossiliferous sandy CLAY. Sand is fine to medium.","Unweathered KIMMERIDGE CLAY FORMATION, Zone Ia","","","BH411","15.10","D","","","15.20","15.10","","","","18.00","","15.10","","","","45.00","29.00","16","16.00","100.00","","","","","","","","","","","","","","","","","","","","","","","","","","","","","","","","","","","","14.85","15.90"
"KC","Kimmeridge Clay Formation","KC_UW","Undefined","203","Sandy CLAY","Stiff to very stiff indistinctly thinly laminated dark grey slightly fossiliferous sandy CLAY. Sand is fine to medium.","Unweathered KIMMERIDGE CLAY FORMATION, Zone Ia","","","BH411","15.20","B","","","15.60","","","","","","","","","","","","","","","","","","","15.20","","","","","20.00","17.00","61.00","2.00","0.00","37.10","","","","","","","","","","","","","","","","","","","","","","14.85","15.90"
"KC","Kimmeridge Clay Formation","KC_UW","Undefined","201","CLAY","Firm to stiff dark grey thinly to very thinly laminated fissured fossiliferous CLAY. Fissures are very closely to closely spaced stepped rough and undulating rough orientated between 10 degree and 30 degree from horizontal. Fossils are frequent  throughout of ammonites and bivalves.","Unweathered KIMMERIDGE CLAY FORMATION, Zone Ib","","","BH422","10.60","D","","","10.70","10.60","","","","24.00","","10.60","","","","60.00","43.00","17","17.00","100.00","","","","","","","","","","","","","","","","","","","","","","","","","","","","","","","","","","","","9.70","15.20"
"KC","Kimmeridge Clay Formation","KC_UW","Undefined","201","CLAY","Firm to stiff dark grey thinly to very thinly laminated fissured fossiliferous CLAY. Fissures are very closely to closely spaced stepped rough and undulating rough orientated between 10 degree and 30 degree from horizontal. Fossils are frequent  throughout of ammonites and bivalves.","Unweathered KIMMERIDGE CLAY FORMATION, Zone Ib","","","BH422","12.00","B","","","12.50","","","","","","","","","","","","","","","","","","","12.00","","","","","45.00","33.00","21.00","1.00","0.00","78.20","","","","","","","","","","","","","","","","","","","","","","9.70","15.20"
"KC","Kimmeridge Clay Formation","KC_UW","Undefined","201","CLAY","Stiff to very stiff dark grey thinly to very thinly laminated fissured slightly fossiliferous CLAY. Fissures are very closely to closely spaced stepped rough and stepped smooth orientated between 0 degree and 20 degree from horizontal. Fossils are composed of shell fragments.","Unweathered KIMMERIDGE CLAY FORMATION, Zone Ib","","","BH422","15.80","D","","","15.90","15.80","","","","24.00","","15.80","","","","48.00","31.00","17","17.00","100.00","","","","","","","","","","","","","","","","","","","","","","","","","","","","","","","","","","","","15.70","17.20"
"KC","Kimmeridge Clay Formation","KC_UW","Undefined","201","CLAY","Stiff to very stiff thinly to very thinly laminated fissured dark grey fossiliferous CLAY. Fissures are very closely to closely spaced stepped rough and undulating rough orientated between 0 degree and 30 degree from horizontal. Fossils are frequent composed of shell fragments.","Unweathered KIMMERIDGE CLAY FORMATION, Zone Ib","","","BH422","21.60","D","","","21.70","21.60","","","","22.00","","21.60","","","","54.00","38.00","16","16.00","100.00","","","","","","","","","","","","","","","","","","","","","","","","","","","","","","","","","","","","20.20","23.20"
"KC","Kimmeridge Clay Formation","KC_UW","Undefined","201","CLAY","Stiff to very stiff thinly to very thinly laminated fissured dark grey slightly fossiliferous CLAY. Fissures are very closely to closely spaced stepped rough and planar smooth orientated between 0 degree and 20 degree from horizontal. ","Unweathered KIMMERIDGE CLAY FORMATION, Zone Ib","","","BH422","24.60","D","","","24.70","24.60","","","","32.00","","24.60","","","","66.00","36.00","30","30.00","100.00","","","","","","","","","","","","","","","","","","","","","","","","","","","","","","","","","","","","24.30","29.40"
"KC","Kimmeridge Clay Formation","KC_UW","Undefined","201","CLAY","Stiff to very stiff thinly to very thinly laminated fissured dark grey slightly fossiliferous CLAY. Fissures are very closely to closely spaced stepped rough and planar smooth orientated between 0 degree and 20 degree from horizontal. ","Unweathered KIMMERIDGE CLAY FORMATION, Zone Ib","","","BH422","28.70","D","","","28.80","28.70","","","","25.00","","28.70","","","","57.00","35.00","22","22.00","100.00","","","","","","","","","","","","","","","","","","","","","","","","","","","","","","","","","","","","24.30","29.40"
"KC","Kimmeridge Clay Formation","KC_UW","Undefined","202","Silty CLAY","Stiff to very stiff thinly to very thinly laminated light grey fissured silty CLAY. Fissures are very closely to closely spaced stepped rough and undulating rough orientated between 0 degree and 20 degree from horizontal.","Unweathered KIMMERIDGE CLAY FORMATION, Zone Ib","","","BH422","23.80","B","","","24.30","","","","","","","","","","","","","","","","","","","23.80","","","","","75.00","20.00","5.00","0.00","0.00","95.20","","","","","","","","","","","","","","","","","","","","","","23.20","24.30"
"KC","Kimmeridge Clay Formation","KC_W","Undefined","201","CLAY","Soft to firm dark grey thinly laminated fissured CLAY with shell fragments. Fissures are very closely spaced stepped smooth orientated between 10 degree and 30 degree from horizontal.","Partially Weathered KIMMERIDGE CLAY FORMATION, Zone IIa","","","BH422","1.70","D","","","","1.70","","","","26.00","","1.70","","","","60.00","37.00","23","23.00","100.00","","","","","","","","","","","","","","","","","","","","","","","","","","","","","","","","","","","","1.70","8.95"
"KC","Kimmeridge Clay Formation","KC_W","Undefined","201","CLAY","Soft to firm dark grey thinly laminated fissured CLAY with shell fragments. Fissures are very closely spaced stepped smooth orientated between 10 degree and 30 degree from horizontal.","Partially Weathered KIMMERIDGE CLAY FORMATION, Zone IIa","","","BH422","2.70","D","","","3.15","2.70","","","","20.00","","2.70","","","","56.00","38.00","18","18.00","100.00","","","","","","","","","","","","","","","","","","","","","","","","","","","","","","","","","","","","1.70","8.95"
"KC","Kimmeridge Clay Formation","KC_W","Undefined","201","CLAY","Soft to firm dark grey thinly laminated fissured CLAY with shell fragments. Fissures are very closely spaced stepped smooth orientated between 10 degree and 30 degree from horizontal.","Partially Weathered KIMMERIDGE CLAY FORMATION, Zone IIa","","","BH422","5.70","D","","","6.15","5.70","","","","28.00","","5.70","","","","68.00","45.00","23","23.00","100.00","","","","","","","","","","","","","","","","","","","","","","","","","","","","","","","","","","","","1.70","8.95"
"KC","Kimmeridge Clay Formation","KC_W","Undefined","201","CLAY","Soft to firm dark grey thinly laminated fissured CLAY with shell fragments. Fissures are very closely spaced stepped smooth orientated between 10 degree and 30 degree from horizontal.","Partially Weathered KIMMERIDGE CLAY FORMATION, Zone IIa","","","BH422","6.00","B","","","6.60","","","","","","","","","","","","","","","","","","","6.00","","","","","55.00","20.00","22.00","3.00","0.00","75.40","","","","","","","","","","","","","","","","","","","","","","1.70","8.95"
"KC","Kimmeridge Clay Formation","KC_W","Undefined","201","CLAY","Soft to firm dark grey thinly laminated fissured CLAY with shell fragments. Fissures are very closely spaced stepped smooth orientated between 10 degree and 30 degree from horizontal.","Partially Weathered KIMMERIDGE CLAY FORMATION, Zone IIa","","","BH422","8.00","D","","","8.08","8.00","","","","23.00","","8.00","","","","54.00","36.00","18","18.00","100.00","","","","","","","","","","","","","","","","","","","","","","","","","","","","","","","","","","","","1.70","8.95"
"KC","Kimmeridge Clay Formation","KC_UW","Undefined","202","Silty CLAY","Stiff dark grey thinly laminated fissured occasionally fossiliferous slightly micaceous silty CLAY. Fissures are extremely closely spaced stepped rough and stepped smooth orientated between 10 degree and 40 degree from horizonal. Fossils are comprised of ammonites and bivalves.","Unweathered KIMMERIDGE CLAY FORMATION, Zone Ia","","","BH405","5.80","B","","","6.40","","","","","","","","","","","","","","","","","","","5.80","","","","","80.00","16.00","4.00","0.00","0.00","96.40","","","","","","","","","","","","","","","","","","","","","","5.20","10.00"
"KC","Kimmeridge Clay Formation","KC_UW","Undefined","202","Silty CLAY","Stiff dark grey thinly laminated fissured occasionally fossiliferous slightly micaceous silty CLAY. Fissures are extremely closely spaced stepped rough and stepped smooth orientated between 10 degree and 40 degree from horizonal. Fossils are comprised of ammonites and bivalves.","Unweathered KIMMERIDGE CLAY FORMATION, Zone Ia","","","BH405","6.90","D","","","7.00","6.90","","","","19.00","","6.90","","","","53.00","32.00","21","21.00","100.00","","","","","","","","","","","","","","","","","","","","","","","","","","","","","","","","","","","","5.20","10.00"
"KC","Kimmeridge Clay Formation","KC_UW","Undefined","202","Silty CLAY","Stiff dark grey thinly laminated fissured occasionally fossiliferous slightly micaceous silty CLAY. Fissures are extremely closely spaced stepped rough and stepped smooth orientated between 10 degree and 40 degree from horizonal. Fossils are comprised of ammonites and bivalves.","Unweathered KIMMERIDGE CLAY FORMATION, Zone Ia","","","BH405","8.58","B","","","10.00","","","","","","","","","","","","","","","","","","","8.58","","","","","90.00","9.00","1.00","0.00","0.00","98.80","","","","","","","","","","","","","","","","","","","","","","5.20","10.00"
"KC","Kimmeridge Clay Formation","KC_UW","Undefined","202","Silty CLAY","Stiff dark grey thinly laminated fissured occasionally fossiliferous slightly micaceous silty CLAY. Fissures are extremely closely spaced stepped rough and stepped smooth orientated between 10 degree and 40 degree from horizonal. Fossils are comprised of ammonites and bivalves.","Unweathered KIMMERIDGE CLAY FORMATION, Zone Ia","","","BH405","9.70","C","","","10.00","9.70","","","","23.00","","9.70","","","","49.00","30.00","19","19.00","100.00","","","","","","","","","","","","","","","","","","","","","","","","","","","","","","","","","","","","5.20","10.00"
"KC","Kimmeridge Clay Formation","KC_UW","Undefined","203","Sandy CLAY","Stiff very dark grey occasionally fossiliferous sandy CLAY. Sand is fine to coarse.","LOWER GREENSAND, Weathering Grade V","","","BH405","4.30","C","","","4.60","4.30","","","","15.00","","4.30","","","","35.00","18.00","17","17.00","99.00","","","","4.30","","","","","75.00","19.00","5.00","1.00","0.00","94.30","","","","","","","","","","","","","","","","","","","","","","4.00","5.20"
"KC","Kimmeridge Clay Formation","KC_UW","Undefined","203","Sandy CLAY","Stiff very dark grey occasionally fossiliferous sandy CLAY. Sand is fine to coarse.","LOWER GREENSAND, Weathering Grade V","","","BH405","4.75","B","","","5.20","","","","","","","","","","","","","","","","","","","4.75","","","","","25.00","23.00","48.00","4.00","0.00","47.50","","","","","","","","","","","","","","","","","","","","","","4.00","5.20"
"KC","Kimmeridge Clay Formation","KC_UW","Undefined","203","Sandy CLAY","Stiff very dark grey occasionally fossiliferous sandy CLAY. Sand is fine to coarse.","LOWER GREENSAND, Weathering Grade V","","","BH405","5.10","D","","","5.20","5.10","","","","16.00","","5.10","","","","38.00","25.00","13","13.00","100.00","","","","","","","","","","","","","","","","","","","","","","","","","","","","","","","","","","","","4.00","5.20"
"KC","Kimmeridge Clay Formation","KC_W","Undefined","202","Silty CLAY","Firm thinly laminated fissured dark grey silty CLAY with occasional bivalve shells (approx. 60x30x5mm) . Fissures are extremely closely spaced smooth stepped undulating randomly orientated between 0 degree and 10 degree from horizontal.","Unweathered KIMMERIDGE CLAY FORMATION, Zone Ib","","","BH473","2.70","B","","","3.00","","","","","","","","","","","","","","","","","","","2.70","","","","","70.00","22.00","8.00","0.00","0.00","92.10","","","","","","","","","","","","","","","","","","","","","","2.50","5.00"
"KC","Kimmeridge Clay Formation","KC_W","Undefined","202","Silty CLAY","Firm thinly laminated fissured dark grey silty CLAY with occasional bivalve shells (approx. 60x30x5mm) . Fissures are extremely closely spaced smooth stepped undulating randomly orientated between 0 degree and 10 degree from horizontal.","Unweathered KIMMERIDGE CLAY FORMATION, Zone Ib","","","BH473","3.40","D","","","3.50","3.40","","","","26.00","","3.40","","","","54.00","32.00","22","22.00","100.00","","","","","","","","","","","","","","","","","","","","","","","","","","","","","","","","","","","","2.50","5.00"
"KC","Kimmeridge Clay Formation","KC_W","Undefined","202","Silty CLAY","Firm thinly laminated fissured dark grey silty CLAY with occasional bivalve shells (approx. 60x30x5mm) . Fissures are extremely closely spaced smooth stepped undulating randomly orientated between 0 degree and 10 degree from horizontal.","Unweathered KIMMERIDGE CLAY FORMATION, Zone Ib","","","BH473","4.50","B","","","4.90","","","","","","","","","","","","","","","","","","","4.50","","","","","60.00","23.00","17.00","0.00","0.00","82.80","","","","","","","","","","","","","","","","","","","","","","2.50","5.00"
"KC","Kimmeridge Clay Formation","KC_W","Undefined","202","Silty CLAY","Firm thinly laminated fissured dark grey silty CLAY with occasional bivalve shells (approx. 60x30x5mm) . Fissures are extremely closely spaced smooth stepped undulating randomly orientated between 0 degree and 10 degree from horizontal.","Unweathered KIMMERIDGE CLAY FORMATION, Zone Ib","","","BH473","4.90","D","","","5.00","4.90","","","","20.00","","4.90","","","","53.00","35.00","18","18.00","100.00","","","","","","","","","","","","","","","","","","","","","","","","","","","","","","","","","","","","2.50","5.00"
"KC","Kimmeridge Clay Formation","KC_W","Undefined","202","Silty CLAY","Firm becoming stiff dark bluish grey thinly laminated slightly silty CLAY with occasional shell fragments (<8mm diameter). Fissures are very closely spaced subvertical to subhorizontal planar smooth.","","","","BH502","2.70","D","","#2535139481780012","3.15","2.70","","","","24.00","","2.70","","","","67.00","47.00","20","20.00","100.00","","","","","","","","","","","","","","","","","","","","","","","","","","","","","","","","","","","","2.70","9.00"
"KC","Kimmeridge Clay Formation","KC_W","Undefined","202","Silty CLAY","Firm becoming stiff dark bluish grey thinly laminated slightly silty CLAY with occasional shell fragments (<8mm diameter). Fissures are very closely spaced subvertical to subhorizontal planar smooth.","","","","BH502","3.70","D","","#2535139481780013","4.15","3.70","","","","23.00","","3.70","","","","","","","","","","","","","","","","","","","","","","","","","","","","","","","","","","","","","","","","","","","","2.70","9.00"
"KC","Kimmeridge Clay Formation","KC_W","Undefined","202","Silty CLAY","Firm becoming stiff dark bluish grey thinly laminated slightly silty CLAY with occasional shell fragments (<8mm diameter). Fissures are very closely spaced subvertical to subhorizontal planar smooth.","","","","BH502","6.15","D","","#2535139481780018","6.20","6.15","","","","20.00","","6.15","","","","61.00","41.00","20","20.00","100.00","","","","","","","","","","","","","","","","","","","","","","","","","","","","","","","","","","","","2.70","9.00"
"KC","Kimmeridge Clay Formation","KC_W","Undefined","202","Silty CLAY","Firm becoming stiff dark bluish grey thinly laminated slightly silty CLAY with occasional shell fragments (<8mm diameter). Fissures are very closely spaced subvertical to subhorizontal planar smooth.","","","","BH502","7.00","B","","#2535139481780020","7.50","","","","","","","","","","","","","","","","","","","7.00","","","","","65.00","22.00","12.00","1.00","0.00","86.90","","","","","","","","","","","","","","","","","","","","","","2.70","9.00"
"KC","Kimmeridge Clay Formation","KC_UW","Undefined","201","CLAY","Stiff to very stiff thinly laminated fissured grey slightly micaceous slightly fossiliferous CLAY. Fissures are: set 1 - very closely spaced stepped rough and undulating rough orientated between 10 degree & 25 degree from horizontal; set 2 - closely spaced undulating smooth orientated between 50 degree & 80 degree from horizontal. Fossils are numerous located primarily between laminae comprised of ammonites and bivalves.","","","","BH534","10.90","D","","","11.00","10.90","","","","24.00","","10.90","","","","64.00","47.00","17","17.00","100.00","","","","","","","","","","","","","","","","","","","","","","","","","","","","","","","","","","","","10.10","16.60"
"KC","Kimmeridge Clay Formation","KC_UW","Undefined","201","CLAY","Stiff to very stiff thinly laminated fissured grey slightly micaceous slightly fossiliferous CLAY. Fissures are: set 1 - very closely spaced stepped rough and undulating rough orientated between 10 degree & 25 degree from horizontal; set 2 - closely spaced undulating smooth orientated between 50 degree & 80 degree from horizontal. Fossils are numerous located primarily between laminae comprised of ammonites and bivalves.","","","","BH534","14.10","D","","","14.20","14.10","","","","25.00","","14.10","","","","56.00","37.00","19","19.00","100.00","","","","","","","","","","","","","","","","","","","","","","","","","","","","","","","","","","","","10.10","16.60"
"KC","Kimmeridge Clay Formation","KC_UW","Undefined","201","CLAY","Stiff to very stiff thinly laminated fissured grey slightly micaceous slightly fossiliferous CLAY. Fissures are: set 1 - very closely spaced stepped rough and undulating rough orientated between 10 degree & 25 degree from horizontal; set 2 - closely spaced undulating smooth orientated between 50 degree & 80 degree from horizontal. Fossils are numerous located primarily between laminae comprised of ammonites and bivalves.","","","","BH534","14.80","B","","","15.30","","","","","","","","","","","","","","","","","","","14.80","","","","","76.00","14.00","9.00","1.00","0.00","89.90","","","","","","","","","","","","","","","","","","","","","","10.10","16.60"
"KC","Kimmeridge Clay Formation","KC_UW","Undefined","202","Silty CLAY","Firm to stiff thinly laminated fissured grey locally fossiliferous slightly silty CLAY. Fissures are closely spaced stepped rough and undulating rough orientated between 0 degree & 20 degree from horizontal. Fossils are rare of bivalves.","","","","BH534","4.40","D","","","4.50","4.40","","","","21.00","","4.40","","","","56.00","41.00","15","15.00","100.00","","","","","","","","","","","","","","","","","","","","","","","","","","","","","","","","","","","","3.00","7.28"
"KC","Kimmeridge Clay Formation","KC_UW","Undefined","202","Silty CLAY","Stiff to very stiff thinly laminated fissured very dark grey highly fossiliferous silty CLAY. Fissures closely spaced stepped smooth and rough occasionally polished undulating randomly orientated. Fossils are numerous located primarily between laminae comprised of ammonites and bivalves.","","","","BH534","8.10","D","","","8.20","8.10","","","","27.00","","8.10","","","","66.00","53.00","13","13.00","100.00","","","","","","","","","","","","","","","","","","","","","","","","","","","","","","","","","","","","7.28","10.10"
"KC","Kimmeridge Clay Formation","KC_UW","Undefined","202","Silty CLAY","Stiff to very stiff thinly laminated fissured very dark grey highly fossiliferous silty CLAY. Fissures closely spaced stepped smooth and rough occasionally polished undulating randomly orientated. Fossils are numerous located primarily between laminae comprised of ammonites and bivalves.","","","","BH534","9.00","B","","","9.30","","","","","","","","","","","","","","","","","","","9.00","","","","","55.00","19.00","24.00","2.00","0.00","73.70","","","","","","","","","","","","","","","","","","","","","","7.28","10.10"
"KC","Kimmeridge Clay Formation","KC_UW","Undefined","801","MUDSTONE","Very weak to weak dark grey fossiliferous MUDSTONE with occasional pockets of light grey silt (<7mm diameter). Fossils are numerous comprised of ammonites and bivalves.","","","","BH534","20.20","D","","","20.30","20.20","","","","28.00","","20.20","","","","63.00","46.00","17","17.00","100.00","","","","","","","","","","","","","","","","","","","","","","","","","","","","","","","","","","","","19.20","20.60"
"KC","Kimmeridge Clay Formation","KC_UW","Undefined","801","MUDSTONE","Weak very thinly laminated dark grey fossiliferous MUDSTONE.","","","","BH534","17.10","D","","","17.20","17.10","","","","29.00","","17.10","","","","54.00","34.00","20","20.00","100.00","","","","","","","","","","","","","","","","","","","","","","","","","","","","","","","","","","","","16.60","17.20"
"KC","Kimmeridge Clay Formation","KC_W","Undefined","203","Sandy CLAY","Soft to firm fissured grey mottled brown fossiliferous locally slightly sandy CLAY with frequent selenite crystals up to 2mmx2mmx2mm in size. Fissures are stepped rough orientated between 0 degree & 20 degree from horizontal. Fossils are rare comprised of bivalves. Sand is fine to coarse.","","","","BH534","1.40","D","","","1.50","1.40","","","","23.00","","1.40","","","","51.00","33.00","18","18.00","100.00","","","","","","","","","","","","","","","","","","","","","","","","","","","","","","","","","","","","1.20","3.00"
"KC","Kimmeridge Clay Formation","KC_W","Undefined","203","Sandy CLAY","Soft to firm fissured grey mottled brown fossiliferous locally slightly sandy CLAY with frequent selenite crystals up to 2mmx2mmx2mm in size. Fissures are stepped rough orientated between 0 degree & 20 degree from horizontal. Fossils are rare comprised of bivalves. Sand is fine to coarse.","","","","BH534","2.50","D","","","2.60","2.50","","","","22.00","","2.50","","","","62.00","43.00","19","19.00","100.00","","","","","","","","","","","","","","","","","","","","","","","","","","","","","","","","","","","","1.20","3.00"
"KC","Kimmeridge Clay Formation","KC_W","Undefined","202","Silty CLAY","Soft to firm thinly laminated fissured grey slightly micaceous fissured silty CLAY with occasional shell fragments. Fissures are extremely closely spaced undulating rough and stepped rough orientated between 0 degree and 20 degree from horizontal.","","","","BH474","2.60","D","","#1706626406730016","2.70","2.60","","","","19.00","","2.60","","","","54.00","39.00","15","15.00","100.00","","","","","","","","","","","","","","","","","","","","","","","","","","","","","","","","","","","","1.90","5.45"
"KC","Kimmeridge Clay Formation","KC_W","Undefined","202","Silty CLAY","Soft to firm thinly laminated fissured grey slightly micaceous fissured silty CLAY with occasional shell fragments. Fissures are extremely closely spaced undulating rough and stepped rough orientated between 0 degree and 20 degree from horizontal.","","","","BH474","4.60","D","","#1706626406730014","4.70","4.60","","","","22.00","","4.60","","","","46.00","29.00","17","17.00","100.00","","","","","","","","","","","","","","","","","","","","","","","","","","","","","","","","","","","","1.90","5.45"
"KC","Kimmeridge Clay Formation","KC_UW","Undefined","202","Silty CLAY","Stiff grey thinly laminated fissured silty CLAY with rare fossil fragments. Fissures are randomly orientated extremely closely to very closely spaced undulating rough. ","Unweathered KIMMERIDGE CLAY FORMATION, Zone Ib","","","BH437","14.10","D","","","14.20","14.10","","","","14.00","","14.10","","","","60.00","40.00","20","20.00","100.00","","","","","","","","","","","","","","","","","","","","","","","","","","","","","","","","","","","","12.50","15.00"
"KC","Kimmeridge Clay Formation","KC_UW","Undefined","202","Silty CLAY","Stiff thinly laminated fissured dark greyish brown fossiliferous silty CLAY. Fossils consist of frequent fragments of bivalve shells (<3mmx2mm1mm). Fissures are very closely spaced randomly orientated undulating smooth and stepped smooth.","Unweathered KIMMERIDGE CLAY FORMATION, Zone Ib","","","BH437","5.80","D","","","5.90","5.80","","","","30.00","","5.80","","","","70.00","38.00","32","32.00","100.00","","","","","","","","","","","","","","","","","","","","","","","","","","","","","","","","","","","","5.80","8.90"
"KC","Kimmeridge Clay Formation","KC_UW","Undefined","202","Silty CLAY","Stiff thinly laminated fissured dark greyish brown fossiliferous silty CLAY. Fossils consist of frequent fragments of bivalve shells (<3mmx2mm1mm). Fissures are very closely spaced randomly orientated undulating smooth and stepped smooth.","Unweathered KIMMERIDGE CLAY FORMATION, Zone Ib","","","BH437","6.90","D","","","7.00","6.90","","","","35.00","","6.90","","","","64.00","37.00","27","27.00","100.00","","","","","","","","","","","","","","","","","","","","","","","","","","","","","","","","","","","","5.80","8.90"
"KC","Kimmeridge Clay Formation","KC_UW","Undefined","202","Silty CLAY","Stiff thinly laminated fissured dark greyish brown fossiliferous silty CLAY. Fossils consist of frequent fragments of bivalve shells (<3mmx2mm1mm). Fissures are very closely spaced randomly orientated undulating smooth and stepped smooth.","Unweathered KIMMERIDGE CLAY FORMATION, Zone Ib","","","BH437","8.20","L","","","9.70","","","","","","","","","","","","","","","","","","","8.20","","","","","91.00","7.00","2.00","0.00","0.00","98.40","","","","","","","","","","","","","","","","","","","","","","5.80","8.90"
"KC","Kimmeridge Clay Formation","KC_UW","Undefined","202","Silty CLAY","Stiff thinly laminated fissured dark greyish brown fossiliferous silty CLAY. Fossils consist of frequent fragments of bivalve shells (<3mmx2mm1mm). Fissures are very closely spaced randomly orientated undulating smooth and stepped smooth.","Unweathered KIMMERIDGE CLAY FORMATION, Zone Ib","","","BH437","8.55","D","","","8.65","8.55","","","","21.00","","8.55","","","","55.00","32.00","23","23.00","100.00","","","","","","","","","","","","","","","","","","","","","","","","","","","","","","","","","","","","5.80","8.90"
"KC","Kimmeridge Clay Formation","KC_UW","Undefined","202","Silty CLAY","Stiff to very stiff dark grey thinly laminated fissured fossiliferous slightly silty CLAY. Fossils are frequent consisting of bivalve fragments (<3mmx2mmx1mm). Fissures are randomly orientated extremely closely spaced undulating rough.","Unweathered KIMMERIDGE CLAY FORMATION, Zone Ib","","","BH437","9.80","D","","","9.90","9.80","","","","30.00","","9.80","","","","64.00","39.00","25","25.00","100.00","","","","","","","","","","","","","","","","","","","","","","","","","","","","","","","","","","","","8.90","12.50"
"KC","Kimmeridge Clay Formation","KC_UW","Undefined","202","Silty CLAY","Stiff to very stiff dark grey thinly laminated fissured fossiliferous slightly silty CLAY. Fossils are frequent consisting of bivalve fragments (<3mmx2mmx1mm). Fissures are randomly orientated extremely closely spaced undulating rough.","Unweathered KIMMERIDGE CLAY FORMATION, Zone Ib","","","BH437","11.10","D","","","11.20","11.10","","","","25.00","","11.10","","","","59.00","33.00","26","26.00","100.00","","","","","","","","","","","","","","","","","","","","","","","","","","","","","","","","","","","","8.90","12.50"
"KC","Kimmeridge Clay Formation","KC_UW","Undefined","202","Silty CLAY","Stiff to very stiff dark grey thinly laminated fissured fossiliferous slightly silty CLAY. Fossils are frequent consisting of bivalve fragments (<3mmx2mmx1mm). Fissures are randomly orientated extremely closely spaced undulating rough.","Unweathered KIMMERIDGE CLAY FORMATION, Zone Ib","","","BH437","11.80","B","","","12.70","","","","","","","","","","","","","","","","","","","11.80","","","","","70.00","16.00","12.00","2.00","0.00","86.40","","","","","","","","","","","","","","","","","","","","","","8.90","12.50"
"KC","Kimmeridge Clay Formation","KC_W","Undefined","201","CLAY","Soft dark bluish grey mottled light yellowish brown CLAY with occasional gypsum crystals (selenite) (<30mmx10mmx5mm).","Weathered KIMMERIDGE CLAY FORMATION, Zone IIIb","","","BH437","2.00","D","","","2.10","2.00","","","","28.00","","2.00","","","","63.00","42.00","21","21.00","100.00","","","","","","","","","","","","","","","","","","","","","","","","","","","","","","","","","","","","2.00","2.32"
"KC","Kimmeridge Clay Formation","KC_W","Undefined","202","Silty CLAY","Soft becoming firm indistinctly thinly laminated dark bluish grey silty CLAY with rare fragments of bivalve shells (<35mmx25mmx5mm).","Unweathered KIMMERIDGE CLAY FORMATION, Zone Ib","","","BH437","3.00","D","","","3.10","3.00","","","","18.00","","3.00","","","","49.00","29.00","20","20.00","100.00","","","","","","","","","","","","","","","","","","","","","","","","","","","","","","","","","","","","2.32","5.80"
"KC","Kimmeridge Clay Formation","KC_W","Undefined","202","Silty CLAY","Soft becoming firm indistinctly thinly laminated dark bluish grey silty CLAY with rare fragments of bivalve shells (<35mmx25mmx5mm).","Unweathered KIMMERIDGE CLAY FORMATION, Zone Ib","","","BH437","3.22","B","","","3.62","","","","","","","","","","","","","","","","","","","3.22","","","","","88.00","10.00","2.00","0.00","0.00","97.90","","","","","","","","","","","","","","","","","","","","","","2.32","5.80"
"KC","Kimmeridge Clay Formation","KC_W","Undefined","202","Silty CLAY","Soft becoming firm indistinctly thinly laminated dark bluish grey silty CLAY with rare fragments of bivalve shells (<35mmx25mmx5mm).","Unweathered KIMMERIDGE CLAY FORMATION, Zone Ib","","","BH437","4.10","D","","","4.20","4.10","","","","31.00","","4.10","","","","75.00","48.00","27","27.00","100.00","","","","","","","","","","","","","","","","","","","","","","","","","","","","","","","","","","","","2.32","5.80"
"KC","Kimmeridge Clay Formation","KC_UW","Undefined","201","CLAY","Firm to stiff dark bluish grey silty CLAY.","","","","BH522","8.20","D","","","8.65","8.20","","","","19.00","","8.20","","","","49.00","31.00","18","18.00","100.00","","","","","","","","","","","","","","","","","","","","","","","","","","","","","","","","","","","","6.20","12.90"
"KC","Kimmeridge Clay Formation","KC_UW","Undefined","201","CLAY","Firm to stiff dark bluish grey silty CLAY.","","","","BH522","10.20","B","","","10.70","","","","","","","","","","","","","","","","","","","10.20","","","","","85.00","13.00","2.00","0.00","0.00","97.80","","","","","","","","","","","","","","","","","","","","","","6.20","12.90"
"KC","Kimmeridge Clay Formation","KC_UW","Undefined","201","CLAY","Firm to stiff dark bluish grey silty CLAY.","","","","BH522","10.70","UT","","","11.15","10.70","","","","22.00","","10.70","","","","54.00","33.00","21","21.00","100.00","","","","","","","","","","","","","","","","","","","","","","","","","","","","","","","","","","","","6.20","12.90"
"KC","Kimmeridge Clay Formation","KC_UW","Undefined","201","CLAY","Stiff thinly laminated fissured fossiliferous dark grey silty CLAY with occasional bivalves. Fissures are randomly oriented (0 to 10 degrees from horizontal) closely spaced smooth planar stepped and undulating. ","","","","BH522","13.20","D","","","13.65","13.20","","","","23.00","","13.20","","","","55.00","34.00","21","21.00","100.00","","","","","","","","","","","","","","","","","","","","","","","","","","","","","","","","","","","","12.90","15.65"
"KC","Kimmeridge Clay Formation","KC_UW","Undefined","201","CLAY","Very stiff to stiff thinly laminated fissured light grey to grey CLAY with occasional ammonites fossils between laminae. Fissures are extremely closely to very closely spaced stepped smooth to polished orientated between 0 degree and 30 degree from horizontal. ","","","","BH514","20.10","D","","","20.20","20.10","","","","26.00","","20.10","","","","60.00","38.00","22","22.00","100.00","","","","","","","","","","","","","","","","","","","","","","","","","","","","","","","","","","","","19.00","21.40"
"KC","Kimmeridge Clay Formation","KC_UW","Undefined","202","Silty CLAY","Firm to stiff thinly laminated fissured dark grey fossiliferous occasionally micaceous silty CLAY. Fissures are extremely closely to closely spaced stepped rough and undulating smooth randomly orientated. Fossils are common to frequent comprised of bivalves and ammonites located primarily between laminae.","","","","BH514","5.30","D","","","5.40","5.30","","","","27.00","","5.30","","","","59.00","36.00","23","23.00","100.00","","","","","","","","","","","","","","","","","","","","","","","","","","","","","","","","","","","","5.20","11.20"
"KC","Kimmeridge Clay Formation","KC_UW","Undefined","202","Silty CLAY","Firm to stiff thinly laminated fissured dark grey fossiliferous occasionally micaceous silty CLAY. Fissures are extremely closely to closely spaced stepped rough and undulating smooth randomly orientated. Fossils are common to frequent comprised of bivalves and ammonites located primarily between laminae.","","","","BH514","7.70","C","","","8.00","","","","","","","","","","","","","","","","","","","","","","","","","","","","","","7.70","","","","","","","","","","","","7.70","","","","","1.92","1.48","30.00","","5.20","11.20"
"KC","Kimmeridge Clay Formation","KC_UW","Undefined","202","Silty CLAY","Firm to stiff thinly laminated fissured dark grey fossiliferous occasionally micaceous silty CLAY. Fissures are extremely closely to closely spaced stepped rough and undulating smooth randomly orientated. Fossils are common to frequent comprised of bivalves and ammonites located primarily between laminae.","","","","BH514","8.10","D","","","8.20","8.10","","","","19.00","","8.10","","","","43.00","27.00","16","16.00","100.00","","","","","","","","","","","","","","","","","","","","","","","","","","","","","","","","","","","","5.20","11.20"
"KC","Kimmeridge Clay Formation","KC_UW","Undefined","202","Silty CLAY","Firm to stiff thinly laminated fissured dark grey fossiliferous occasionally micaceous silty CLAY. Fissures are extremely closely to closely spaced stepped rough and undulating smooth randomly orientated. Fossils are common to frequent comprised of bivalves and ammonites located primarily between laminae.","","","","BH514","8.80","B","","","9.20","","","","","","","","","","","","","","","","","","","8.80","","","","","93.00","5.00","2.00","0.00","0.00","97.70","","","","","","","","","","","","","","","","","","","","","","5.20","11.20"
"KC","Kimmeridge Clay Formation","KC_UW","Undefined","202","Silty CLAY","Firm to stiff thinly laminated fissured dark grey fossiliferous occasionally micaceous silty CLAY. Fissures are extremely closely to closely spaced stepped rough and undulating smooth randomly orientated. Fossils are common to frequent comprised of bivalves and ammonites located primarily between laminae.","","","","BH514","10.50","C","","","10.80","","","","","","","","","","","","","","","","","","","","","","","","","","","","","","10.50","","","","","","","","","","","","10.50","","","","","1.94","1.49","30.00","","5.20","11.20"
"KC","Kimmeridge Clay Formation","KC_UW","Undefined","202","Silty CLAY","Stiff to very stiff thinly laminated fissured dark grey fossiliferous silty CLAY. Fissures are extremely closely to closely spaced stepped rough and undulating smooth orientated between 60 degree and 70 degree from horizontal. Fossils are frequent comprised of bivalves and ammonites located primarily between laminae.","","","","BH514","23.90","B","","","24.30","23.90","","","","28.00","","23.90","","","","59.00","37.00","22","22.00","100.00","","","","","","","","","","","","","","","","","","","","","","","","","","","","","","","","","","","","21.40","26.85"
"KC","Kimmeridge Clay Formation","KC_UW","Undefined","202","Silty CLAY","Stiff to very stiff thinly laminated fissured dark grey highly fossiliferous silty CLAY. Fissures are closely spaced stepped rough orientated 0 degree and 40 degree from horizontal. Fossils are frequent comprised of bivalves and ammonites located primarily between laminae. Recovery of more competent material.","","","","BH514","11.60","D","","","11.70","11.60","","","","25.00","","11.60","","","","58.00","35.00","23","23.00","100.00","","","","","","","","","","","","","","","","","","","","","","","","","","","","","","","","","","","","11.20","19.00"
"KC","Kimmeridge Clay Formation","KC_UW","Undefined","202","Silty CLAY","Stiff to very stiff thinly laminated fissured dark grey highly fossiliferous silty CLAY. Fissures are closely spaced stepped rough orientated 0 degree and 40 degree from horizontal. Fossils are frequent comprised of bivalves and ammonites located primarily between laminae. Recovery of more competent material.","","","","BH514","13.50","B","","","13.90","","","","","","","","","","","","","","","","","","","13.50","","","","","91.00","5.00","3.00","1.00","0.00","96.20","","","","","","","","","","","","","","","","","","","","","","11.20","19.00"
"KC","Kimmeridge Clay Formation","KC_UW","Undefined","202","Silty CLAY","Stiff to very stiff thinly laminated fissured dark grey highly fossiliferous silty CLAY. Fissures are closely spaced stepped rough orientated 0 degree and 40 degree from horizontal. Fossils are frequent comprised of bivalves and ammonites located primarily between laminae. Recovery of more competent material.","","","","BH514","15.10","D","","","15.20","15.10","","","","29.00","","15.10","","","","58.00","35.00","23","23.00","100.00","","","","","","","","","","","","","","","","","","","","","","","","","","","","","","","","","","","","11.20","19.00"
"KC","Kimmeridge Clay Formation","KC_UW","Undefined","201","CLAY","Firm becoming very stiff thinly laminated fissured dark grey occasionally micaceous fossiliferous CLAY. Fissures are extremely closely spaced stepped rough and undulating rough orientated between 0 degree and 20 degree from horizontal. Fossils are common comprised of ammonites and bivalves located primarily between laminae.","Unweathered KIMMERIDGE CLAY FORMATION, Zone Ib","","","BH428","4.20","B","","","4.70","","","","","","","","","","","","","","","","","","","4.20","","","","","80.00","12.00","8.00","0.00","0.00","92.20","","","","","","","","","","","","","","","","","","","","","","3.80","11.90"
"KC","Kimmeridge Clay Formation","KC_UW","Undefined","201","CLAY","Firm becoming very stiff thinly laminated fissured dark grey occasionally micaceous fossiliferous CLAY. Fissures are extremely closely spaced stepped rough and undulating rough orientated between 0 degree and 20 degree from horizontal. Fossils are common comprised of ammonites and bivalves located primarily between laminae.","Unweathered KIMMERIDGE CLAY FORMATION, Zone Ib","","","BH428","5.60","L","","","7.00","5.60","","","","19.00","","5.60","","","","39.00","19.00","20","20.00","100.00","","","","","","","","","","","","","","","","","","","","","","","","","","","","","","","","","","","","3.80","11.90"
"KC","Kimmeridge Clay Formation","KC_UW","Undefined","201","CLAY","Firm becoming very stiff thinly laminated fissured dark grey occasionally micaceous fossiliferous CLAY. Fissures are extremely closely spaced stepped rough and undulating rough orientated between 0 degree and 20 degree from horizontal. Fossils are common comprised of ammonites and bivalves located primarily between laminae.","Unweathered KIMMERIDGE CLAY FORMATION, Zone Ib","","","BH428","8.40","B","","","8.80","","","","","","","","","","","","","","","","","","","8.40","","","","","85.00","11.00","3.00","1.00","0.00","96.30","","","","","","","","","","","","","","","","","","","","","","3.80","11.90"
"KC","Kimmeridge Clay Formation","KC_UW","Undefined","201","CLAY","Firm becoming very stiff thinly laminated fissured dark grey occasionally micaceous fossiliferous CLAY. Fissures are extremely closely spaced stepped rough and undulating rough orientated between 0 degree and 20 degree from horizontal. Fossils are common comprised of ammonites and bivalves located primarily between laminae.","Unweathered KIMMERIDGE CLAY FORMATION, Zone Ib","","","BH428","9.20","D","","","9.30","9.20","","","","23.00","","9.20","","","","60.00","40.00","20","20.00","100.00","","","","","","","","","","","","","","","","","","","","","","","","","","","","","","","","","","","","3.80","11.90"
"KC","Kimmeridge Clay Formation","KC_UW","Undefined","201","CLAY","Stiff to very stiff thinly laminated fissured dark grey fossiliferous CLAY. Fissures are very closely to extremely closely spaced common becoming frequent stepped rough planar smooth/polished orientated between 0degrees and 90degrees from horizontal. Fossils are common to frequent comprised of bivalves and ammonites and belimnites.","Unweathered KIMMERIDGE CLAY FORMATION, Zone Ib","","","BH428","29.90","B","","","30.40","","","","","","","","","","","","","","","","","","","29.90","","","","","87.00","11.00","1.00","1.00","0.00","98.20","","","","","","","","","","","","","","","","","","","","","","26.30","32.17"
"KC","Kimmeridge Clay Formation","KC_UW","Undefined","201","CLAY","Stiff to very stiff thinly laminated fissured dark grey fossiliferous CLAY. Fissures are very closely to extremely closely spaced common becoming frequent stepped rough planar smooth/polished orientated between 0degrees and 90degrees from horizontal. Fossils are common to frequent comprised of bivalves and ammonites and belimnites.","Unweathered KIMMERIDGE CLAY FORMATION, Zone Ib","","","BH428","31.00","D","","","31.10","31.00","","","","22.00","","31.00","","","","54.00","32.00","22","22.00","100.00","","","","","","","","","","","","","","","","","","","","","","","","","","","","","","","","","","","","26.30","32.17"
"KC","Kimmeridge Clay Formation","KC_UW","Undefined","201","CLAY","Stiff to very stiff thinly laminated fissured dark grey fossiliferous CLAY. Fissures are very closely to extremely closely spaced common becoming frequent stepped rough planar smooth/polished orientated between 0degrees and 90degrees from horizontal. Fossils are common to frequent comprised of bivalves and ammonites and belimnites.","Unweathered KIMMERIDGE CLAY FORMATION, Zone Ib","","","BH428","35.20","D","","","35.30","35.20","","","","19.00","","35.20","","","","54.00","33.00","21","21.00","100.00","","","","","","","","","","","","","","","","","","","","","","","","","","","","","","","","","","","","32.30","38.14"
"KC","Kimmeridge Clay Formation","KC_UW","Undefined","201","CLAY","Stiff to very stiff thinly laminated fissured dark grey fossiliferous CLAY. Fissures are very closely to extremely closely spaced common becoming frequent stepped rough planar smooth/polished orientated between 0degrees and 90degrees from horizontal. Fossils are common to frequent comprised of bivalves and ammonites and belimnites.","Unweathered KIMMERIDGE CLAY FORMATION, Zone Ib","","","BH428","36.80","D","","","36.90","36.80","","","","23.00","","36.80","","","","56.00","32.00","24","24.00","100.00","","","","","","","","","","","","","","","","","","","","","","","","","","","","","","","","","","","","32.30","38.14"
"KC","Kimmeridge Clay Formation","KC_UW","Undefined","201","CLAY","Stiff to very stiff thinly laminated fissured fossiliferous dark grey CLAY. Fissures are very closely spaced stepped rough and undulating rough randomly orientated. Fossils are frequent comprised of bivalve fragments and ammonites.","Unweathered KIMMERIDGE CLAY FORMATION, Zone Ib","","","BH428","20.60","D","","","20.70","20.60","","","","18.00","","20.60","","","","53.00","32.00","21","21.00","100.00","","","","","","","","","","","","","","","","","","","","","","","","","","","","","","","","","","","","19.50","23.97"
"KC","Kimmeridge Clay Formation","KC_UW","Undefined","201","CLAY","Stiff to very stiff thinly laminated fissured fossiliferous dark grey CLAY. Fissures are very closely spaced stepped rough and undulating rough randomly orientated. Fossils are frequent comprised of bivalve fragments and ammonites.","Unweathered KIMMERIDGE CLAY FORMATION, Zone Ib","","","BH428","21.40","B","","","21.90","","","","","","","","","","","","","","","","","","","21.40","","","","","73.00","13.00","10.00","4.00","0.00","86.30","","","","","","","","","","","","","","","","","","","","","","19.50","23.97"
"KC","Kimmeridge Clay Formation","KC_UW","Undefined","202","Silty CLAY","Stiff to very stiff thinly laminated fissured light grey to grey occasionally micaceous silty CLAY with occasional white shell fragments. Fissures are very closely spaced stepped rough and undulating rough orientated between 0 degree and 25 degree from horizontal.","Unweathered KIMMERIDGE CLAY FORMATION, Zone Ib","","","BH428","24.30","C","","","24.60","24.30","","","","15.00","","24.30","","","","38.00","22.00","16","16.00","100.00","","","","","","","","","","","","","","","","","","","","","","","","","","","","","","","","","","","","23.97","26.30"
"KC","Kimmeridge Clay Formation","KC_UW","Undefined","202","Silty CLAY","Stiff to very stiff thinly laminated fissured light grey to grey slight micaceous fossiliferous locally silty CLAY. Fissures are extremely closely spaced stepped rough and undulating rough orientated between 0 degree and 90 degree from horizontal. Fossils are frequent of bivalves and ammonites located primarily between laminae.","Unweathered KIMMERIDGE CLAY FORMATION, Zone Ib","","","BH428","12.90","D","","","13.00","12.90","","","","21.00","","12.90","","","","56.00","32.00","24","24.00","100.00","","","","","","","","","","","","","","","","","","","","","","","","","","","","","","","","","","","","11.90","17.00"
"KC","Kimmeridge Clay Formation","KC_UW","Undefined","202","Silty CLAY","Stiff to very stiff thinly laminated fissured light grey to grey slight micaceous fossiliferous locally silty CLAY. Fissures are extremely closely spaced stepped rough and undulating rough orientated between 0 degree and 90 degree from horizontal. Fossils are frequent of bivalves and ammonites located primarily between laminae.","Unweathered KIMMERIDGE CLAY FORMATION, Zone Ib","","","BH428","13.40","B","","","13.90","","","","","","","","","","","","","","","","","","","13.40","","","","","75.00","19.00","6.00","0.00","0.00","94.30","","","","","","","","","","","","","","","","","","","","","","11.90","17.00"
"KC","Kimmeridge Clay Formation","KC_UW","Undefined","801","MUDSTONE","Interbedded extremely weak to weak dark grey highly fossiliferous MUDSTONE and stiff to very stiff dark grey thinly laminated fissured fossiliferous CLAY. Fissures are extremely closely spaced stepped rough stepped smooth randomly orientated. Fossils are frequent comprised of bivalves.","Unweathered KIMMERIDGE CLAY FORMATION, Zone Ib","","","BH428","17.60","C","","","17.90","17.60","","","","27.00","","17.60","","","","69.00","45.00","24","24.00","100.00","","","","","","","","","","","","","","","","","","","","","","","","","","","","","","","","","","","","17.00","19.50"
"KC","Kimmeridge Clay Formation","KC_W","Undefined","203","Sandy CLAY","Very soft to soft slightly thinly laminated brownish grey sandy CLAY. Sand is fine to coarse.","Partially Weathered KIMMERIDGE CLAY FORMATION Zone IIb","","","BH428","2.10","B","","","2.50","","","","","","","","","","","","","","","","","","","2.10","","","","","62.00","23.00","13.00","2.00","0.00","84.70","","","","","","","","","","","","","","","","","","","","","","1.80","3.80"
"KC","Kimmeridge Clay Formation","KC_W","Undefined","203","Sandy CLAY","Very soft to soft slightly thinly laminated brownish grey sandy CLAY. Sand is fine to coarse.","Partially Weathered KIMMERIDGE CLAY FORMATION Zone IIb","","","BH428","2.60","D","","","2.70","2.60","","","","25.00","","2.60","","","","64.00","42.00","22","22.00","100.00","","","","","","","","","","","","","","","","","","","","","","","","","","","","","","","","","","","","1.80","3.80"
"KC","Kimmeridge Clay Formation","KC_UW","Undefined","201","CLAY","Stiff very thinly laminated dark grey fossiliferous CLAY with frequent shells. Fissures are closely spaced subvertical rough.","","","","BH498","3.40","B","","","3.70","","","","","","","","","","","","","","","","","","","3.40","","","","","96.00","3.00","1.00","0.00","0.00","98.70","","","","","","","","","","","","","","","","","","","","","","3.40","15.40"
"KC","Kimmeridge Clay Formation","KC_UW","Undefined","201","CLAY","Stiff very thinly laminated dark grey fossiliferous CLAY with frequent shells. Fissures are closely spaced subvertical rough.","","","","BH498","3.70","UT","","","4.15","3.70","","","","36.00","","3.70","","","","74.00","42.00","32","32.00","100.00","","","","","","","","","","","","","","","","","","","","","","","","","","","","","","","","","","","","3.40","15.40"
"KC","Kimmeridge Clay Formation","KC_UW","Undefined","201","CLAY","Stiff very thinly laminated dark grey fossiliferous CLAY with frequent shells. Fissures are closely spaced subvertical rough.","","","","BH498","5.20","D","","","5.65","5.20","","","","27.00","","5.20","","","","68.00","43.00","25","25.00","100.00","","","","","","","","","","","","","","","","","","","","","","","","","","","","","","","","","","","","3.40","15.40"
"KC","Kimmeridge Clay Formation","KC_UW","Undefined","201","CLAY","Stiff very thinly laminated dark grey fossiliferous CLAY with frequent shells. Fissures are closely spaced subvertical rough.","","","","BH498","9.30","UT","","","9.75","9.30","","","","36.00","","9.30","","","","64.00","35.00","29","29.00","91.00","","","","","","","","","","","","","","","","","","","","","","","","","","","","","","","","","","","","3.40","15.40"
"KC","Kimmeridge Clay Formation","KC_UW","Undefined","201","CLAY","Stiff very thinly laminated dark grey fossiliferous CLAY with frequent shells. Fissures are closely spaced subvertical rough.","","","","BH498","9.75","D","","","9.80","","","","","","","","","","","","","","","","","","","9.75","","","","","96.00","3.00","1.00","0.00","0.00","99.40","","","","","","","","","","","","","","","","","","","","","","3.40","15.40"
"KC","Kimmeridge Clay Formation","KC_UW","Undefined","204","Gravelly CLAY","Very stiff light grey to grey slightly silty gravelly CLAY with frequent shells. Gravel is angular and subangular fine to coarse of mudstone.","","","","BH498","17.70","D","","","18.08","17.70","","","","31.00","","17.70","","","","60.00","35.00","25","25.00","100.00","","","","","","","","","","","","","","","","","","","","","","","","","","","","","","","","","","","","15.40","20.00"
"KC","Kimmeridge Clay Formation","KC_UW","Undefined","204","Gravelly CLAY","Very stiff light grey to grey slightly silty gravelly CLAY with frequent shells. Gravel is angular and subangular fine to coarse of mudstone.","","","","BH498","18.50","B","","","19.00","","","","","","","","","","","","","","","","","","","18.50","","","","","74.00","5.00","13.00","8.00","0.00","79.20","","","","","","","","","","","","","","","","","","","","","","15.40","20.00"
"KC","Kimmeridge Clay Formation","KC_W","Undefined","201","CLAY","Firm to stiff dark grey mottled orangish brown slightly gravelly CLAY with occasional pockets of light grey silt (<4mm diameter). Gravel is subangular to subrounded medium to coarse of flint and sandstone.","","","","BH498","1.70","D","","","2.15","1.70","","","","18.00","","1.70","","","","51.00","35.00","16","16.00","100.00","","","","","","","","","","","","","","","","","","","","","","","","","","","","","","","","","","","","1.20","3.40"
"KC","Kimmeridge Clay Formation","KC_UW","Undefined","202","Silty CLAY","Stiff locally firm very thinly laminated dark blackish bluish grey slightly silty CLAY with frequent shells (<5mm diameter) and occasional fossil fragments.","","","","BH501","7.20","B","","#5346265102420022","7.70","","","","","","","","","","","","","","","","","","","7.20","","","","","60.00","17.00","19.00","4.00","0.00","77.10","","","","","","","","","","","","","","","","","","","","","","6.15","10.45"
"KC","Kimmeridge Clay Formation","KC_UW","Undefined","202","Silty CLAY","Stiff locally firm very thinly laminated dark blackish bluish grey slightly silty CLAY with frequent shells (<5mm diameter) and occasional fossil fragments.","","","","BH501","7.70","D","","#5346265102420024","8.15","7.70","","","","26.00","","7.70","","","","50.00","31.00","19","19.00","100.00","","","","","","","","","","","","","","","","","","","","","","","","","","","","","","","","","","","","6.15","10.45"
"KC","Kimmeridge Clay Formation","KC_W","Undefined","201","CLAY","Soft to firm thinly laminated dark grey slightly sandy CLAY with occasional shell fragments (<6mm diameter). Sand is fine to coarse.","","","","BH501","1.70","D","","#5346265102420010","2.15","1.70","","","","25.00","","1.70","","","","65.00","42.00","23","23.00","100.00","","","","","","","","","","","","","","","","","","","","","","","","","","","","","","","","","","","","1.40","6.15"
"KC","Kimmeridge Clay Formation","KC_W","Undefined","201","CLAY","Soft to firm thinly laminated dark grey slightly sandy CLAY with occasional shell fragments (<6mm diameter). Sand is fine to coarse.","","","","BH501","2.70","D","","#5346265102420013","3.15","2.70","","","","20.00","","2.70","","","","54.00","37.00","17","17.00","100.00","","","","","","","","","","","","","","","","","","","","","","","","","","","","","","","","","","","","1.40","6.15"
"KC","Kimmeridge Clay Formation","KC_W","Undefined","201","CLAY","Soft to firm thinly laminated dark grey slightly sandy CLAY with occasional shell fragments (<6mm diameter). Sand is fine to coarse.","","","","BH501","3.65","D","","#5346265102420015","3.70","3.65","","","","23.00","","3.65","","","","64.00","46.00","18","18.00","100.00","","","","","","","","","","","","","","","","","","","","","","","","","","","","","","","","","","","","1.40","6.15"
"KC","Kimmeridge Clay Formation","KC_W","Undefined","201","CLAY","Soft to firm thinly laminated dark grey slightly sandy CLAY with occasional shell fragments (<6mm diameter). Sand is fine to coarse.","","","","BH501","4.20","B","","#5346265102420016","4.70","","","","","","","","","","","","","","","","","","","4.20","","","","","72.00","17.00","10.00","1.00","0.00","88.90","","","","","","","","","","","","","","","","","","","","","","1.40","6.15"
"KC","Kimmeridge Clay Formation","KC_UW","Undefined","202","Silty CLAY","Stiff thinly laminated fissured dark grey CLAY with rare fossils. Fissures are extremely closely spaced to very closely spaced undulating rough randomly orientated. Fossils are rare comprised of ammonites.","","","","BH523","8.70","B","","","9.20","","","","","","","","","","","","","","","","","","","8.70","","","","","75.00","18.00","7.00","0.00","0.00","93.40","","","","","","","","","","","","","","","","","","","","","","8.20","10.00"
"KC","Kimmeridge Clay Formation","KC_UW","Undefined","202","Silty CLAY","Stiff thinly laminated fissured dark grey CLAY with rare fossils. Fissures are extremely closely spaced to very closely spaced undulating rough randomly orientated. Fossils are rare comprised of ammonites.","","","","BH523","9.30","D","","","9.40","9.30","","","","19.00","","9.30","","","","49.00","30.00","19","19.00","100.00","","","","","","","","","","","","","","","","","","","","","","","","","","","","","","","","","","","","8.20","10.00"
"KC","Kimmeridge Clay Formation","KC_UW","Undefined","202","Silty CLAY","Stiff thinly laminated fissured dark grey CLAY with rare fossils. Fissures are extremely closely spaced to very closely spaced undulating rough randomly orientated. Fossils are rare comprised of ammonites.","","","","BH523","9.40","C","","","9.70","9.40","","","","24.00","","9.40","","","","58.00","39.00","19","19.00","100.00","","","","","","","","","","","","","","","","","","","","","","","","","","","","","","","","","","","","8.20","10.00"
"KC","Kimmeridge Clay Formation","KC_W","Undefined","203","Sandy CLAY","Firm dark grey occasionally fossiliferous very sandy CLAY with occasional dark grey aligned lensoidal mudstone lithorelicts. Sand is fine to coarse.","","","","BH523","5.90","B","","","6.40","","","","","","","","","","","","","","","","","","","5.90","","","","","30.00","17.00","47.00","6.00","0.00","47.20","","","","","","","","","","","","","","","","","","","","","","4.30","8.20"
"KC","Kimmeridge Clay Formation","KC_W","Undefined","203","Sandy CLAY","Firm dark grey occasionally fossiliferous very sandy CLAY with occasional dark grey aligned lensoidal mudstone lithorelicts. Sand is fine to coarse.","","","","BH523","6.90","D","","","7.00","6.90","","","","16.00","","6.90","","","","41.00","27.00","14","14.00","100.00","","","","","","","","","","","","","","","","","","","","","","","","","","","","","","","","","","","","4.30","8.20"
"KC","Kimmeridge Clay Formation","KC_W","Undefined","203","Sandy CLAY","Firm dark grey occasionally fossiliferous very sandy CLAY with occasional dark grey aligned lensoidal mudstone lithorelicts. Sand is fine to coarse.","","","","BH523","7.40","C","","","7.70","7.40","","","","17.00","","7.40","","","","52.00","36.00","16","16.00","100.00","","","","","","","","","","","","","","","","","","","","","","","","","","","","","","","","","","","","4.30","8.20"
"KC","Kimmeridge Clay Formation","KC_W","Undefined","203","Sandy CLAY","Soft to firm thinly laminated fissured dark brownish grey occasionally slightly sandy CLAY with occasional orangish brown sandy partings and rare becoming frequent selenite crystals. Fissures are extremely closely spaced undulating rough orientated between 0 degree and 30 degree from horizontal. Sand is fine to coarse.","","","","BH523","2.50","D","","","2.60","2.50","","","","34.00","","2.50","","","","75.00","50.00","25","25.00","100.00","","","","","","","","","","","","","","","","","","","","","","","","","","","","","","","","","","","","1.50","4.30"
"KC","Kimmeridge Clay Formation","KC_W","Undefined","203","Sandy CLAY","Soft to firm thinly laminated fissured dark brownish grey occasionally slightly sandy CLAY with occasional orangish brown sandy partings and rare becoming frequent selenite crystals. Fissures are extremely closely spaced undulating rough orientated between 0 degree and 30 degree from horizontal. Sand is fine to coarse.","","","","BH523","3.10","D","","","3.20","3.10","","","","28.00","","3.10","","","","77.00","54.00","23","23.00","100.00","","","","","","","","","","","","","","","","","","","","","","","","","","","","","","","","","","","","1.50","4.30"
"KC","Kimmeridge Clay Formation","KC_W","Undefined","203","Sandy CLAY","Soft to firm thinly laminated fissured dark brownish grey occasionally slightly sandy CLAY with occasional orangish brown sandy partings and rare becoming frequent selenite crystals. Fissures are extremely closely spaced undulating rough orientated between 0 degree and 30 degree from horizontal. Sand is fine to coarse.","","","","BH523","3.40","B","","","3.90","","","","","","","","","","","","","","","","","","","3.40","","","","","70.00","19.00","11.00","0.00","0.00","88.90","","","","","","","","","","","","","","","","","","","","","","1.50","4.30"
"KC","Kimmeridge Clay Formation","KC_W","Undefined","207","Silty sandy CLAY","Firm grey mottled brown silty slightly sandy CLAY. Sand is fine to coarse.","","","","BH523","1.10","B","","","1.20","","","","","","","","","","","","","","","","","","","1.10","","","","","75.00","17.00","8.00","0.00","0.00","92.00","","","","","","","","","","","","","","","","","","","","","","1.10","1.50"
"KC","Kimmeridge Clay Formation","KC_UW","Undefined","201","CLAY","Firm to stiff dark blackish grey very thinly laminated fossiliferous CLAY.","","","","BH500","4.70","D","","#7995143918310017","5.15","4.70","","","","26.00","","4.70","","","","60.00","36.00","24","24.00","93.00","","","","","","","","","","","","","","","","","","","","","","","","","","","","","","","","","","","","3.70","7.00"
"KC","Kimmeridge Clay Formation","KC_UW","Undefined","202","Silty CLAY","Firm to stiff dark grey gravelly silty sandy fossiliferous CLAY. Sand is fine to coarse. Gravel is angular to subrounded fine to coarse of chert and flint.","","","","BH500","7.00","B","","#7995143918310025","7.50","","","","","","","","","","","","","","","","","","","7.00","","","","","42.00","16.00","15.00","27.00","0.00","57.90","","","","","","","","","","","","","","","","","","","","","","7.00","10.45"
"KC","Kimmeridge Clay Formation","KC_UW","Undefined","202","Silty CLAY","Firm to stiff dark grey gravelly silty sandy fossiliferous CLAY. Sand is fine to coarse. Gravel is angular to subrounded fine to coarse of chert and flint.","","","","BH500","7.70","D","","#7995143918310021","8.15","7.70","","","","22.00","","7.70","","","","62.00","42.00","20","20.00","100.00","","","","","","","","","","","","","","","","","","","","","","","","","","","","","","","","","","","","7.00","10.45"
"KC","Kimmeridge Clay Formation","KC_W","Undefined","202","Silty CLAY","Firm dark bluish grey silty CLAY.","","","","BH500","2.70","D","","#7995143918310013","3.15","2.70","","","","26.00","","2.70","","","","63.00","43.00","20","20.00","100.00","","","","","","","","","","","","","","","","","","","","","","","","","","","","","","","","","","","","2.70","3.70"
"KC","Kimmeridge Clay Formation","KC_UW","Undefined","201","CLAY","Stiff to very stiff very dark grey thinly laminated fissured fossiliferous CLAY. Fissures are closely spaced stepped rough and undulating rough orientated between 0 degree & 20 degree from horizontal. Fossils are numerous of ammonites and bivalves.","","","","BH546","18.90","D","","","19.00","18.90","","","","27.00","","18.90","","","","61.00","37.00","24","24.00","100.00","","","","","","","","","","","","","","","","","","","","","","","","","","","","","","","","","","","","17.60","19.67"
"KC","Kimmeridge Clay Formation","KC_UW","Undefined","201","CLAY","Stiff very dark grey thinly laminated fissured fossiliferous CLAY. Fissures are closely spaced stepped rough and undulating rough orientated between 0 degree & 20 degree from the horizontal. Fossils are numerous of ammonites and bivalves.","","","","BH546","12.40","D","","","12.50","12.40","","","","36.00","","12.40","","","","67.00","40.00","27","27.00","100.00","","","","","","","","","","","","","","","","","","","","","","","","","","","","","","","","","","","","10.45","17.30"
"KC","Kimmeridge Clay Formation","KC_UW","Undefined","201","CLAY","Stiff very dark grey thinly laminated fissured fossiliferous CLAY. Fissures are closely spaced stepped rough and undulating rough orientated between 0 degree & 20 degree from the horizontal. Fossils are numerous of ammonites and bivalves.","","","","BH546","13.20","B","","","13.80","","","","","","","","","","","","","","","","","","","13.20","","","","","81.00","9.00","10.00","0.00","0.00","90.30","","","","","","","","","","","","","","","","","","","","","","10.45","17.30"
"KC","Kimmeridge Clay Formation","KC_UW","Undefined","201","CLAY","Stiff very dark grey thinly laminated fissured fossiliferous CLAY. Fissures are closely spaced stepped rough and undulating rough orientated between 0 degree & 20 degree from the horizontal. Fossils are numerous of ammonites and bivalves.","","","","BH546","15.70","D","","","15.80","15.70","","","","36.00","","15.70","","","","65.00","39.00","26","26.00","100.00","","","","","","","","","","","","","","","","","","","","","","","","","","","","","","","","","","","","10.45","17.30"
"KC","Kimmeridge Clay Formation","KC_UW","Undefined","202","Silty CLAY","Firm to stiff dark blackish grey silty CLAY with frequent shell fragments (<20mm diameter).","","","","BH546","9.20","D","","","","9.20","","","","26.00","","9.20","","","","54.00","33.00","21","21.00","100.00","","","","","","","","","","","","","","","","","","","","","","","","","","","","","","","","","","","","7.90","10.45"
"KC","Kimmeridge Clay Formation","KC_UW","Undefined","801","MUDSTONE","Interbedded very weak to weak very thinly laminated dark grey highly fossiliferous highly MUDSTONE and very stiff thinly laminated fissured dark grey CLAY. Fissures are closely spaced stepped smooth stepped rough and planar rough orientated between 0 degree and 20 degree from horizontal..","","","","BH546","21.30","D","","","21.40","21.30","","","","32.00","","21.30","","","","57.00","33.00","24","24.00","100.00","","","","","","","","","","","","","","","","","","","","","","","","","","","","","","","","","","","","19.67","23.40"
"KC","Kimmeridge Clay Formation","KC_W","Undefined","201","CLAY","Firm thinly laminated dark bluish grey CLAY with occasional shell fragments (<15mm diameter). Fissures are closely spaced horizontal smooth.","","","","BH546","2.60","D","","","","2.60","","","","23.00","","2.60","","","","57.00","37.00","20","20.00","100.00","","","","","","","","","","","","","","","","","","","","","","","","","","","","","","","","","","","","1.70","7.90"
"KC","Kimmeridge Clay Formation","KC_W","Undefined","201","CLAY","Firm thinly laminated dark bluish grey CLAY with occasional shell fragments (<15mm diameter). Fissures are closely spaced horizontal smooth.","","","","BH546","3.00","D","","","","3.00","","","","19.00","","3.00","","","","48.00","31.00","17","17.00","96.00","","","","","","","","","","","","","","","","","","","","","","","","","","","","","","","","","","","","1.70","7.90"
"KC","Kimmeridge Clay Formation","KC_W","Undefined","201","CLAY","Firm thinly laminated dark bluish grey CLAY with occasional shell fragments (<15mm diameter). Fissures are closely spaced horizontal smooth.","","","","BH546","6.20","D","","","","6.20","","","","29.00","","6.20","","","","60.00","36.00","24","24.00","100.00","","","","","","","","","","","","","","","","","","","","","","","","","","","","","","","","","","","","1.70","7.90"
"KC","Kimmeridge Clay Formation","KC_W","Undefined","201","CLAY","Firm thinly laminated dark bluish grey CLAY with occasional shell fragments (<15mm diameter). Fissures are closely spaced horizontal smooth.","","","","BH546","6.90","B","","","","","","","","","","","","","","","","","","","","","","6.90","","","","","96.00","3.00","1.00","0.00","0.00","99.50","","","","","","","","","","","","","","","","","","","","","","1.70","7.90"
"KC","Kimmeridge Clay Formation","KC_UW","Undefined","201","CLAY","Firm to stiff thickly laminated fissured dark grey fossiliferous CLAY. Fissures are stepped smooth & shiny and undulating smooth & shiny orientated between 0 degree & 80 degree from horizontal. Fossils are numerous comprised of ammonites and bivalves located primarily between laminae.","","","","BH547","11.00","B","","","11.50","","","","","","","","","","","","","","","","","","","11.00","","","","","80.00","12.00","8.00","0.00","0.00","92.30","","","","","","","","","","","","","","","","","","","","","","10.57","15.70"
"KC","Kimmeridge Clay Formation","KC_UW","Undefined","201","CLAY","Firm to stiff thickly laminated fissured dark grey fossiliferous CLAY. Fissures are stepped smooth & shiny and undulating smooth & shiny orientated between 0 degree & 80 degree from horizontal. Fossils are numerous comprised of ammonites and bivalves located primarily between laminae.","","","","BH547","11.10","D","","","11.20","11.10","","","","25.00","","11.10","","","","49.00","27.00","22","22.00","100.00","","","","","","","","","","","","","","","","","","","","","","","","","","","","","","","","","","","","10.57","15.70"
"KC","Kimmeridge Clay Formation","KC_UW","Undefined","201","CLAY","Firm to stiff thickly laminated fissured dark grey fossiliferous CLAY. Fissures are stepped smooth & shiny and undulating smooth & shiny orientated between 0 degree & 80 degree from horizontal. Fossils are numerous comprised of ammonites and bivalves located primarily between laminae.","","","","BH547","14.20","D","","","14.30","14.20","","","","28.00","","14.20","","","","53.00","30.00","23","23.00","100.00","","","","","","","","","","","","","","","","","","","","","","","","","","","","","","","","","","","","10.57","15.70"
"KC","Kimmeridge Clay Formation","KC_UW","Undefined","201","CLAY","Stiff to very stiff thinly laminated fissured dark grey locally fossiliferous CLAY. Fissures are extremely closely spaced to closely spaced undulating rough orientated between 0 degree and 20 degree from horizontal.","","","","BH547","21.60","D","","","21.70","21.60","","","","32.00","","21.60","","","","62.00","40.00","22","22.00","100.00","","","","","","","","","","","","","","","","","","","","","","","","","","","","","","","","","","","","20.77","23.20"
"KC","Kimmeridge Clay Formation","KC_UW","Undefined","201","CLAY","Stiff to very stiff thinly laminated fissured fossiliferous dark grey CLAY. Fissures are extremely closely spaced to closely spaced stepped rough and smooth orientated between 0 degree and 20 degree from horizontal. Fossils are numerous located throughout.","","","","BH547","17.10","D","","","17.20","17.10","","","","31.00","","17.10","","","","59.00","35.00","24","24.00","100.00","","","","","","","","","","","","","","","","","","","","","","","","","","","","","","","","","","","","16.75","18.80"
"KC","Kimmeridge Clay Formation","KC_UW","Undefined","201","CLAY","Stiff to very stiff thinly laminated fissured fossiliferous dark grey CLAY. Fissures are extremely closely spaced to closely spaced stepped rough and smooth orientated between 0 degree and 20 degree from horizontal. Fossils are numerous located throughout.","","","","BH547","17.20","L","","","18.70","","","","","","","","","","","","","","","","","","","17.20","","","","","77.00","10.00","12.00","1.00","0.00","86.60","","","","","","","","","","","","","","","","","","","","","","16.75","18.80"
"KC","Kimmeridge Clay Formation","KC_UW","Undefined","202","Silty CLAY","Firm to stiff very thinly laminated fissured dark blackish grey slightly sandy silty CLAY with frequent shell fragments (<13mm diameter). Fissures are widely spaced horizontal smooth. Sand is fine to coarse.","","","","BH547","9.40","D","","#9805047577140039","","9.40","","","","48.00","","9.40","","","","80.00","47.00","33","33.00","100.00","","","","","","","","","","","","","","","","","","","","","","","","","","","","","","","","","","","","8.00","10.57"
"KC","Kimmeridge Clay Formation","KC_UW","Undefined","202","Silty CLAY","Stiff to very stiff thinly laminated fissured dark grey slightly locally fossiliferous silty CLAY. Fissures are very closely spaced stepped rough and undulating smooth/shiny orientated between 0 degree and 35 degree from horizontal.","","","","BH547","23.80","D","","","23.90","23.80","","","","24.00","","23.80","","","","48.00","27.00","21","21.00","100.00","","","","","","","","","","","","","","","","","","","","","","","","","","","","","","","","","","","","23.20","29.49"
"KC","Kimmeridge Clay Formation","KC_W","Undefined","201","CLAY","Firm to stiff very thinly laminated dark blackish bluish grey CLAY with occasional shell fragments (<16mm diameter).","","","","BH547","6.65","D","","#9805047577140030","6.70","6.65","","","","24.00","","6.65","","","","47.00","27.00","20","20.00","97.00","","","","","","","","","","","","","","","","","","","","","","","","","","","","","","","","","","","","4.20","8.00"
"KC","Kimmeridge Clay Formation","KC_W","Undefined","202","Silty CLAY","Firm thinly laminated dark bluish grey mottled greenish brown silty CLAY with frequent shell fragments (<11mm diameter).","","","","BH547","2.70","D","","#9805047577140015","3.15","2.70","","","","21.00","","2.70","","","","53.00","36.00","17","17.00","100.00","","","","","","","","","","","","","","","","","","","","","","","","","","","","","","","","","","","","1.70","4.20"
"KC","Kimmeridge Clay Formation","KC_W","Undefined","202","Silty CLAY","Firm thinly laminated dark bluish grey mottled greenish brown silty CLAY with frequent shell fragments (<11mm diameter).","","","","BH547","3.65","D","","#9805047577140018","3.70","3.65","","","","20.00","","3.65","","","","","","","","","","","","","","","","","","","","","","","","","","","","","","","","","","","","","","","","","","","","1.70","4.20"
"KC","Kimmeridge Clay Formation","KC_UW","Undefined","201","CLAY","Stiff to very stiff thinly laminated dark grey slightly fossiliferous CLAY. Fissures are extremely closely to very closely spaced planar rough and planar smooth and stepped rough and smooth/shiny orientated between 0 degree & 10 degree from horizontal. Fossils are rare becoming numerous with depth comprised of bivalves an ammonites located primarily between laminae.","","","","BH545","4.10","D","","","4.20","4.10","","","","24.00","","4.10","","","","57.00","35.00","22","22.00","100.00","","","","","","","","","","","","","","","","","","","","","","","","","","","","","","","","","","","","3.10","16.00"
"KC","Kimmeridge Clay Formation","KC_UW","Undefined","201","CLAY","Stiff to very stiff thinly laminated dark grey slightly fossiliferous CLAY. Fissures are extremely closely to very closely spaced planar rough and planar smooth and stepped rough and smooth/shiny orientated between 0 degree & 10 degree from horizontal. Fossils are rare becoming numerous with depth comprised of bivalves an ammonites located primarily between laminae.","","","","BH545","7.10","D","","","7.20","7.10","","","","25.00","","7.10","","","","64.00","43.00","21","21.00","100.00","","","","","","","","","","","","","","","","","","","","","","","","","","","","","","","","","","","","3.10","16.00"
"KC","Kimmeridge Clay Formation","KC_UW","Undefined","201","CLAY","Stiff to very stiff thinly laminated dark grey slightly fossiliferous CLAY. Fissures are extremely closely to very closely spaced planar rough and planar smooth and stepped rough and smooth/shiny orientated between 0 degree & 10 degree from horizontal. Fossils are rare becoming numerous with depth comprised of bivalves an ammonites located primarily between laminae.","","","","BH545","8.40","B","","","8.80","","","","","","","","","","","","","","","","","","","8.40","","","","","85.00","13.00","2.00","0.00","0.00","98.20","","","","","","","","","","","","","","","","","","","","","","3.10","16.00"
"KC","Kimmeridge Clay Formation","KC_UW","Undefined","201","CLAY","Stiff to very stiff thinly laminated dark grey slightly fossiliferous CLAY. Fissures are extremely closely to very closely spaced planar rough and planar smooth and stepped rough and smooth/shiny orientated between 0 degree & 10 degree from horizontal. Fossils are rare becoming numerous with depth comprised of bivalves an ammonites located primarily between laminae.","","","","BH545","11.70","C","","","12.00","11.70","","","","18.00","","11.70","","","","48.00","32.00","16","16.00","100.00","","","","","","","","","","","","","","","","","","","","","","","","","","","","","","","","","","","","3.10","16.00"
"KC","Kimmeridge Clay Formation","KC_UW","Undefined","201","CLAY","Stiff to very stiff thinly laminated dark grey slightly fossiliferous CLAY. Fissures are extremely closely to very closely spaced planar rough and planar smooth and stepped rough and smooth/shiny orientated between 0 degree & 10 degree from horizontal. Fossils are rare becoming numerous with depth comprised of bivalves an ammonites located primarily between laminae.","","","","BH545","12.30","B","","","12.80","","","","","","","","","","","","","","","","","","","12.30","","","","","80.00","15.00","5.00","0.00","0.00","94.80","","","","","","","","","","","","","","","","","","","","","","3.10","16.00"
"KC","Kimmeridge Clay Formation","KC_UW","Undefined","201","CLAY","Stiff to very stiff thinly laminated dark grey slightly fossiliferous CLAY. Fissures are extremely closely to very closely spaced planar rough and planar smooth and stepped rough and smooth/shiny orientated between 0 degree & 10 degree from horizontal. Fossils are rare becoming numerous with depth comprised of bivalves an ammonites located primarily between laminae.","","","","BH545","15.30","D","","","15.40","15.30","","","","26.00","","15.30","","","","61.00","39.00","22","22.00","100.00","","","","","","","","","","","","","","","","","","","","","","","","","","","","","","","","","","","","3.10","16.00"
"KC","Kimmeridge Clay Formation","KC_UW","Undefined","801","MUDSTONE","Interbedded extremely weak to weak thinly laminated grey calcareous MUDSTONE and stiff to very stiff thinly laminated fissured dark grey fossiliferous CLAY. Fissures are closely spaced stepped rough randomly orientated. Fossils are numerous located throughout comprised of ammonites and bivalves.","","","","BH545","17.80","D","","","17.90","17.80","","","","28.00","","17.80","","","","63.00","32.00","31","31.00","100.00","","","","","","","","","","","","","","","","","","","","","","","","","","","","","","","","","","","","16.00","22.56"
"KC","Kimmeridge Clay Formation","KC_UW","Undefined","801","MUDSTONE","Interbedded extremely weak to weak thinly laminated grey calcareous MUDSTONE and stiff to very stiff thinly laminated fissured dark grey fossiliferous CLAY. Fissures are closely spaced stepped rough randomly orientated. Fossils are numerous located throughout comprised of ammonites and bivalves.","","","","BH545","21.70","D","","","21.80","21.70","","","","29.00","","21.70","","","","66.00","43.00","23","23.00","100.00","","","","","","","","","","","","","","","","","","","","","","","","","","","","","","","","","","","","16.00","22.56"
"KC","Kimmeridge Clay Formation","KC_W","Undefined","202","Silty CLAY","Stiff dark grey mottled dark greenish brown slightly silty fossiliferous micaceous CLAY with rare pockets of dark brown fine to medium sand (<90mmx55mm) and occasional pockets of light grey silt (<10mm diameter). Fissures are closely spaced stepped rough and planar rough orientated between 0 degree & 20 degree from horizontal. Fossils are comprised of ammonites and bivalves.","","","","BH545","1.90","D","","","2.00","1.90","","","","22.00","","1.90","","","","51.00","32.00","19","19.00","100.00","","","","","","","","","","","","","","","","","","","","","","","","","","","","","","","","","","","","1.90","3.10"
"KC","Kimmeridge Clay Formation","KC_W","Undefined","202","Silty CLAY","Stiff dark grey mottled dark greenish brown slightly silty fossiliferous micaceous CLAY with rare pockets of dark brown fine to medium sand (<90mmx55mm) and occasional pockets of light grey silt (<10mm diameter). Fissures are closely spaced stepped rough and planar rough orientated between 0 degree & 20 degree from horizontal. Fossils are comprised of ammonites and bivalves.","","","","BH545","2.90","D","","","3.00","2.90","","","","19.00","","2.90","","","","56.00","39.00","17","17.00","100.00","","","","","","","","","","","","","","","","","","","","","","","","","","","","","","","","","","","","1.90","3.10"
"KC","Kimmeridge Clay Formation","KC_UW","Undefined","202","Silty CLAY","Stiff to very stiff dark grey thinly laminated occasionally fissured fossiliferous locally slightly silty CLAY with occasional subrounded fine gravels of chert. Fissures are closely spaced stepped rough and stepped smooth/polished orientated between 35 degree & 90 degree from the horizontal. Fossils are numerous comprised of ammonites, bivalves and belemnites.","","","","BH535","15.10","D","","","15.21","15.10","","","","22.00","","15.10","","","","44.00","25.00","19","19.00","100.00","","","","","","","","","","","","","","","","","","","","","","","","","","","","","","","","","","","","14.75","15.70"
"KC","Kimmeridge Clay Formation","KC_UW","Undefined","202","Silty CLAY","Stiff to very stiff thinly laminated fissured dark grey silty and fossiliferous CLAY with occasional fine to medium subrounded gravels of chert. Fossils are frequent consisting of ammonites and bivalves. Fissures are very closely spaced, stepped rough and planar rough & smooth randomly oriented.","","","","BH535","17.20","B","","","","","","","","","","","","","","","","","","","","","","17.20","","","","","91.00","6.00","3.00","0.00","0.00","96.80","","","","","","","","","","","","","","","","","","","","","","16.06","19.20"
"KC","Kimmeridge Clay Formation","KC_UW","Undefined","202","Silty CLAY","Stiff to very stiff thinly laminated fissured dark grey silty and fossiliferous CLAY with occasional fine to medium subrounded gravels of chert. Fossils are frequent consisting of ammonites and bivalves. Fissures are very closely spaced, stepped rough and planar rough & smooth randomly oriented.","","","","BH535","18.60","D","","","18.70","18.60","","","","31.00","","18.60","","","","74.00","49.00","25","25.00","100.00","","","","","","","","","","","","","","","","","","","","","","","","","","","","","","","","","","","","16.06","19.20"
"KC","Kimmeridge Clay Formation","KC_UW","Undefined","202","Silty CLAY","Stiff to very stiff thinly laminated fissured very dark blackish grey fossiliferous organic silty CLAY with slight organic odour. Fissures are stepped rough and undulating rough and undulating smooth randomly orientated. Fossils are frequent comprised of ammonites and bivalves. ","","","","BH535","21.60","D","","","21.70","21.60","","","","30.00","","21.60","","","","65.00","40.00","25","25.00","100.00","","","","","","","","","","","","","","","","","","","","","","","","","","","","","","","","","","","","21.58","22.70"
"KC","Kimmeridge Clay Formation","KC_W","Undefined","201","CLAY","Soft becoming stiff thinly laminated fissured grey CLAY with occasional fossils of ammonites and bivalves. Fissures are extremely closely spaced stepped smooth orientated between 0 degree and 60 degree from the horizontal.","","","","BH535","2.60","D","","","2.70","2.60","","","","23.00","","2.60","","","","60.00","39.00","21","21.00","100.00","","","","","","","","","","","","","","","","","","","","","","","","","","","","","","","","","","","","1.80","13.27"
"KC","Kimmeridge Clay Formation","KC_W","Undefined","201","CLAY","Soft becoming stiff thinly laminated fissured grey CLAY with occasional fossils of ammonites and bivalves. Fissures are extremely closely spaced stepped smooth orientated between 0 degree and 60 degree from the horizontal.","","","","BH535","3.60","D","","","3.70","3.60","","","","27.00","","3.60","","","","73.00","49.00","24","24.00","96.00","","","","","","","","","","","","","","","","","","","","","","","","","","","","","","","","","","","","1.80","13.27"
"KC","Kimmeridge Clay Formation","KC_W","Undefined","201","CLAY","Soft becoming stiff thinly laminated fissured grey CLAY with occasional fossils of ammonites and bivalves. Fissures are extremely closely spaced stepped smooth orientated between 0 degree and 60 degree from the horizontal.","","","","BH535","6.60","D","","","6.70","6.60","","","","25.00","","6.60","","","","47.00","26.00","21","21.00","100.00","","","","","","","","","","","","","","","","","","","","","","","","","","","","","","","","","","","","1.80","13.27"
"KC","Kimmeridge Clay Formation","KC_W","Undefined","201","CLAY","Soft becoming stiff thinly laminated fissured grey CLAY with occasional fossils of ammonites and bivalves. Fissures are extremely closely spaced stepped smooth orientated between 0 degree and 60 degree from the horizontal.","","","","BH535","9.60","D","","","9.70","9.60","","","","21.00","","9.60","","","","52.00","33.00","19","19.00","100.00","","","","","","","","","","","","","","","","","","","","","","","","","","","","","","","","","","","","1.80","13.27"
"KC","Kimmeridge Clay Formation","KC_W","Undefined","201","CLAY","Soft becoming stiff thinly laminated fissured grey CLAY with occasional fossils of ammonites and bivalves. Fissures are extremely closely spaced stepped smooth orientated between 0 degree and 60 degree from the horizontal.","","","","BH535","12.00","B","","","12.50","","","","","","","","","","","","","","","","","","","12.00","","","","","93.00","5.00","2.00","0.00","0.00","97.80","","","","","","","","","","","","","","","","","","","","","","1.80","13.27"
"KC","Kimmeridge Clay Formation","KC_W","Undefined","201","CLAY","Soft becoming stiff thinly laminated fissured grey CLAY with occasional fossils of ammonites and bivalves. Fissures are extremely closely spaced stepped smooth orientated between 0 degree and 60 degree from the horizontal.","","","","BH535","12.60","D","","","12.70","12.60","","","","37.00","","12.60","","","","65.00","38.00","27","27.00","100.00","","","","","","","","","","","","","","","","","","","","","","","","","","","","","","","","","","","","1.80","13.27"
"KC","Kimmeridge Clay Formation","KC_W","Undefined","202","Silty CLAY","Soft to firm grey mottled brown locally sandy silty CLAY. Sand is fine to coarse.","","","","BH535","1.20","D","","","1.70","1.20","","","","26.00","","1.20","","","","51.00","32.00","19","19.00","93.00","","","","","","","","","","","","","","","","","","","","","","","","","","","","","","","","","","","","0.75","1.80"
"KC","Kimmeridge Clay Formation","KC_UW","Undefined","201","CLAY","Firm to stiff fissured locally thinly laminated grey CLAY. Fissures are closely spaced stepped smooth and stepped rough randomly orientated. ","Unweathered KIMMERIDGE CLAY FORMATION, Zone Ia","","","BH425","21.30","B","58","","21.80","","","","","","","","","","","","","","","","","","","21.30","","","","","86.00","8.00","4.00","2.00","0.00","94.30","","","","","","","","","","","","","","","","","","","","","","18.50","28.00"
"KC","Kimmeridge Clay Formation","KC_UW","Undefined","201","CLAY","Firm to stiff fissured locally thinly laminated grey CLAY. Fissures are closely spaced stepped smooth and stepped rough randomly orientated. ","Unweathered KIMMERIDGE CLAY FORMATION, Zone Ia","","","BH425","24.20","D","66","","","24.20","","","","21.00","","24.20","","","","45.00","26.00","19","19.00","100.00","","","","","","","","","","","","","","","","","","","","","","","","","","","","","","","","","","","","18.50","28.00"
"KC","Kimmeridge Clay Formation","KC_UW","Undefined","201","CLAY","Firm to stiff fissured locally thinly laminated grey fossiliferous CLAY with occasional fine sandy lenses and fossil fragments of bivalve and ammonite. Fissures are closely spaced stepped smooth and stepped rough randomly orientated.","Unweathered KIMMERIDGE CLAY FORMATION, Zone Ia","","","BH425","6.10","B","21","","6.60","","","","","","","","","","","","","","","","","","","6.10","","","","","63.00","9.00","17.00","11.00","0.00","72.10","","","","","","","","","","","","","","","","","","","","","","6.10","12.70"
"KC","Kimmeridge Clay Formation","KC_UW","Undefined","201","CLAY","Firm to stiff fissured locally thinly laminated grey fossiliferous CLAY with occasional fine sandy lenses and fossil fragments of bivalve and ammonite. Fissures are closely spaced stepped smooth and stepped rough randomly orientated.","Unweathered KIMMERIDGE CLAY FORMATION, Zone Ia","","","BH425","9.80","D","30","","9.90","9.80","","","","29.00","","9.80","","","","62.00","38.00","24","24.00","100.00","","","","","","","","","","","","","","","","","","","","","","","","","","","","","","","","","","","","6.10","12.70"
"KC","Kimmeridge Clay Formation","KC_UW","Undefined","201","CLAY","Firm to stiff fissured locally thinly laminated grey fossiliferous CLAY with occasional fine sandy lenses and fossil fragments of bivalve and ammonite. Fissures are closely spaced stepped smooth and stepped rough randomly orientated.","Unweathered KIMMERIDGE CLAY FORMATION, Zone Ia","","","BH425","9.80","L","","","11.30","","","","","","","","","","","","","","","","","","","9.80","","","","","44.00","14.00","34.00","8.00","0.00","57.80","","","","","","","","","","","","","","","","","","","","","","6.10","12.70"
"KC","Kimmeridge Clay Formation","KC_UW","Undefined","201","CLAY","Firm to stiff fissured locally thinly laminated grey fossiliferous CLAY with occasional fine sandy lenses and fossil fragments of bivalve and ammonite. Fissures are closely spaced stepped smooth and stepped rough randomly orientated.","Unweathered KIMMERIDGE CLAY FORMATION, Zone Ia","","","BH425","11.80","D","36","","","11.80","","","","28.00","","11.80","","","","63.00","41.00","22","22.00","100.00","","","","","","","","","","","","","","","","","","","","","","","","","","","","","","","","","","","","6.10","12.70"
"KC","Kimmeridge Clay Formation","KC_UW","Undefined","201","CLAY","Stiff locally thinly laminated fissured light grey to grey fossiliferous CLAY with occasional fine sandy lenses, bands of very weak mudstone, and fossil fragments of bivalve and ammonite. Fissures are closely spaced stepped smooth and stepped rough randomly orientated. ","Unweathered KIMMERIDGE CLAY FORMATION, Zone Ia","","","BH425","15.50","D","44","","","15.50","","","","22.00","","15.50","","","","43.00","24.00","19","19.00","100.00","","","","","","","","","","","","","","","","","","","","","","","","","","","","","","","","","","","","14.20","18.50"
"KC","Kimmeridge Clay Formation","KC_UW","Undefined","203","Sandy CLAY","Stiff dark greyish brown sandy CLAY with occasional pyrite nodules (<60mm). Sand is fine to coarse. ","Unweathered KIMMERIDGE CLAY FORMATION, Zone Ia","","","BH425","28.10","D","76","","","28.10","","","","18.00","","28.10","","","","47.00","30.00","17","17.00","100.00","","","","","","","","","","","","","","","","","","","","","","","","","","","","","","","","","","","","28.00","28.30"
"KC","Kimmeridge Clay Formation","KC_W","Undefined","207","Silty sandy CLAY","Firm to stiff dark slightly sandy silty CLAY. Sand is fine to coarse with occasional to frequent fossiliferous shell fragments and bivalves.","Unweathered KIMMERIDGE CLAY FORMATION, Zone Ia","","","BH425","4.95","D","19","","5.00","4.95","","","","28.00","","4.95","","","","75.00","52.00","23","23.00","100.00","","","","","","","","","","","","","","","","","","","","","","","","","","","","","","","","","","","","4.30","6.10"
"KC","Kimmeridge Clay Formation","KC_W","Undefined","201","CLAY","Soft light bluish grey mottled orangish brown CLAY.","Weathered KIMMERIDGE CLAY FORMATION, Zone IIIb.","","","BH467","3.09","D","","","","3.09","","","","27.00","","3.09","","","","54.00","32.00","22","22.00","98.00","","","","","","","","","","","","","","","","","","","","","","","","","","","","","","","","","","","","2.40","3.28"
"KC","Kimmeridge Clay Formation","KC_W","Undefined","201","CLAY","Soft to firm thinly laminated fissured fossilised dark grey CLAY. Fissures are closely to very closely spaced stepped rough. Fossils consist of occasional ammonites and frequent bivalves located primarily between laminae","Partially weathered KIMMERIDGE CLAY FORMATION, Zone IIa","","","BH467","3.40","B","","","","","","","","","","","","","","","","","","","","","","3.40","","","","","93.00","5.00","2.00","0.00","0.00","97.70","","","","","","","","","","","","","","","","","","","","","","3.28","4.40"
"KC","Kimmeridge Clay Formation","KC_W","Undefined","201","CLAY","Soft to firm thinly laminated fissured fossilised dark grey CLAY. Fissures are closely to very closely spaced stepped rough. Fossils consist of occasional ammonites and frequent bivalves located primarily between laminae","Partially weathered KIMMERIDGE CLAY FORMATION, Zone IIa","","","BH467","4.25","D","","","","4.25","","","","30.00","","4.25","","","","60.00","35.00","25","25.00","93.00","","","","","","","","","","","","","","","","","","","","","","","","","","","","","","","","","","","","3.28","4.40"
"KC","Kimmeridge Clay Formation","KC_UW","Undefined","201","CLAY","Stiff becoming very stiff dark grey thinly laminated fossiliferous CLAY. Fossils consist of bivalves and ammonite fragments present on laminations.","Unweathered KIMMERIDGE CLAY FORMATION, Zone Ia","","","BH423","11.45","D","","","","11.45","","","","31.00","","11.45","","","","61.00","34.00","27","27.00","100.00","","","","","","","","","","","","","","","","","","","","","","","","","","","","","","","","","","","","9.50","13.90"
"KC","Kimmeridge Clay Formation","KC_UW","Undefined","202","Silty CLAY","Stiff dark grey thinly laminated fossiliferous silty CLAY. Fossils consist of bivalves located on laminations.","Unweathered KIMMERIDGE CLAY FORMATION, Zone Ia","","","BH423","5.45","D","","","","5.45","","","","28.00","","5.45","","","","63.00","37.00","26","26.00","100.00","","","","","","","","","","","","","","","","","","","","","","","","","","","","","","","","","","","","4.45","9.50"
"KC","Kimmeridge Clay Formation","KC_UW","Undefined","203","Sandy CLAY","Very stiff dark grey thinly laminated sandy CLAY. Sand is fine to coarse. Fossils consist of bivalves present on laminae.","Kimmeridge Clay Formation","","","BH423","17.45","D","","","","17.45","","","","28.00","","17.45","","","","65.00","25.00","40","40.00","100.00","","","","","","","","","","","","","","","","","","","","","","","","","","","","","","","","","","","","13.90","20.55"
"KC","Kimmeridge Clay Formation","KC_UW","Undefined","202","Silty CLAY","Firm becoming stiff thinly laminated fissured grey locally slightly sandy silty CLAY with occasional pockets of white and light grey sandy silt (10mm). Fissures are vertical and horizontal to sub-horizontal very closely to closely spaced smooth locally infilled with grey sandy silt. ","KIMMERIDGE CLAY FORMATION","","","BH506A","6.50","D","11","","","6.50","","","","26.00","","6.50","","","","70.00","47.00","23","23.00","100.00","","","","","","","","","","","","","","","","","","","","","","","","","","","","","","","","","","","","3.75","11.30"
"KC","Kimmeridge Clay Formation","KC_UW","Undefined","202","Silty CLAY","Firm becoming stiff thinly laminated fissured grey locally slightly sandy silty CLAY with occasional pockets of white and light grey sandy silt (10mm). Fissures are vertical and horizontal to sub-horizontal very closely to closely spaced smooth locally infilled with grey sandy silt. ","KIMMERIDGE CLAY FORMATION","","","BH506A","9.70","D","16","","","9.70","","","","19.00","","9.70","","","","59.00","37.00","22","22.00","90.00","","","","","","","","","","","","","","","","","","","","","","","","","","","","","","","","","","","","3.75","11.30"
"KC","Kimmeridge Clay Formation","KC_UW","Undefined","202","Silty CLAY","Very stiff thinly laminated fissured grey locally slightly sandy silty CLAY with rare shell fragments (<4mm). Fissures are vertical and horizontal closely and very closely spaced smooth locally infilled with soft to firm clay (<10mm). ","","","","BH506A","17.05","D","25","","","17.05","","","","23.00","","17.05","","","","59.00","39.00","20","20.00","100.00","","","","","","","","","","","","","","","","","","","","","","","","","","","","","","","","","","","","14.10","24.15"
"KC","Kimmeridge Clay Formation","KC_UW","Undefined","202","Silty CLAY","Very stiff thinly laminated fissured grey locally slightly sandy silty CLAY with rare shell fragments (<4mm). Fissures are vertical and horizontal closely and very closely spaced smooth locally infilled with soft to firm clay (<10mm). ","","","","BH506A","20.00","D","31","","","20.00","","","","27.00","","20.00","","","","58.00","36.00","22","22.00","100.00","","","","","","","","","","","","","","","","","","","","","","","","","","","","","","","","","","","","14.10","24.15"
"KC","Kimmeridge Clay Formation","KC_UW","Undefined","201","CLAY","Stiff tending to very stiff thinly dark grey tending to black CLAY with rare shell fragments (<30x25x1mm).","","","","BH495","6.95","D","20","","7.00","6.95","","","","29.00","","6.95","","","","73.00","49.00","24","24.00","100.00","","","","","","","","","","","","","","","","","","","","","","","","","","","","","","","","","","","","6.00","8.00"
"KC","Kimmeridge Clay Formation","KC_UW","Undefined","202","Silty CLAY","Stiff dark grey tending to black silty CLAY with abundant shell fragments (<3x1x1mm) and rare lithorelicts (<10x10x10mm).","","","","BH495","5.00","D","16","","5.45","5.00","","","","23.00","","5.00","","","","54.00","37.00","17","17.00","99.00","","","","","","","","","","","","","","","","","","","","","","","","","","","","","","","","","","","","4.00","6.00"
"KC","Kimmeridge Clay Formation","KC_UW","Undefined","202","Silty CLAY","Stiff dark grey tending to black silty CLAY with rare shell fragments (<15x15x1mm).","","","","BH495","3.00","D","11","","3.45","3.00","","","","28.00","","3.00","","","","70.00","47.00","23","23.00","100.00","","","","","","","","","","","","","","","","","","","","","","","","","","","","","","","","","","","","2.20","4.00"
"KC","Kimmeridge Clay Formation","KC_W","Undefined","207","Silty sandy CLAY","Firm locally tending to soft greyish brown mottled greenish yellow slightly sandy silty CLAY  ","","","","BH495","1.20","D","6","","1.65","1.20","","","","28.00","","1.20","","","","57.00","32.00","25","25.00","99.00","","","","","","","","","","","","","","","","","","","","","","","","","","","","","","","","","","","","1.20","2.20"
"KC","Kimmeridge Clay Formation","KC_W","Undefined","207","Silty sandy CLAY","Firm locally tending to soft greyish brown mottled greenish yellow slightly sandy silty CLAY  ","","","","BH495","1.50","B","7","","1.80","","","","","","","","","","","","","","","","","","","1.50","","","","","71.00","18.00","5.00","6.00","0.00","89.20","","","","","","","","","","","","","","","","","","","","","","1.20","2.20"
"KC","Kimmeridge Clay Formation","KC_UW","Undefined","201","CLAY","Stiff grey CLAY with rare claystone nodules (<20mm) and occasional marine fossils.","","","","BH494","4.00","D","13","#2936120870780010","4.45","4.00","","","","24.00","","4.00","","","","52.00","31.00","21","21.00","91.00","","","","","","","","","","","","","","","","","","","","","","","","","","","","","","","","","","","","3.30","14.75"
"KC","Kimmeridge Clay Formation","KC_W","Undefined","201","CLAY","Firm to stiff brown mottled grey CLAY with frequent claystone nodules (<20mm) and marine fossils.","","","","BH494","2.00","D","10","#2936120870780007","2.45","2.00","","","","46.00","","2.00","","","","87.00","55.00","32","32.00","92.00","","","","","","","","","","","","","","","","","","","","","","","","","","","","","","","","","","","","1.00","3.30"
"KC","Kimmeridge Clay Formation","KC_UW","Undefined","202","Silty CLAY","Firm to stiff dark grey fossiliferous slightly silty CLAY. Fossils are frequent of bivalve shells.","","","","BH496","8.45","D","24","#5460445227560024","8.50","8.45","","","","18.00","","8.45","","","","52.00","37.00","15","15.00","99.00","","","","","","","","","","","","","","","","","","","","","","","","","","","","","","","","","","","","7.50","10.00"
"KC","Kimmeridge Clay Formation","KC_W","Undefined","202","Silty CLAY","Soft grey locally sandy silty CLAY with frequent shells and shell fragments.","KIMMERIDGE CLAY FORMATION","","","BH496","3.45","D","12","#5460445227560017","3.50","3.45","","","","21.00","","3.45","","","","56.00","34.00","22","22.00","98.00","","","","","","","","","","","","","","","","","","","","","","","","","","","","","","","","","","","","2.80","7.50"
"KC","Kimmeridge Clay Formation","KC_W","Undefined","202","Silty CLAY","Soft grey locally sandy silty CLAY with frequent shells and shell fragments.","KIMMERIDGE CLAY FORMATION","","","BH496","6.50","D","21","#5460445227560028","6.95","6.50","","","","21.00","","6.50","","","","57.00","37.00","20","20.00","98.00","","","","","","","","","","","","","","","","","","","","","","","","","","","","","","","","","","","","2.80","7.50"
"KC","Kimmeridge Clay Formation","KC_W","Undefined","202","Silty CLAY","Firm becoming stiff thinly laminated grey fossiliferous silty CLAY with frequent lensoidal fine lithorelicts of mudstone and occasional fine selenite crystals. Fossils are frequent of shell fragments.","Weathered KIMMERIDGE CLAY FORMATION, Zone IIIc","","","BH477","3.10","B","","","3.60","","","","","","","","","","","","","","","","","","","3.10","","","","","65.00","7.00","18.00","10.00","0.00","72.10","","","","","","","","","","","","","","","","","","","","","","2.40","3.90"
"KC","Kimmeridge Clay Formation","KC_W","Undefined","202","Silty CLAY","Firm becoming stiff thinly laminated grey fossiliferous silty CLAY with frequent lensoidal fine lithorelicts of mudstone and occasional fine selenite crystals. Fossils are frequent of shell fragments.","Weathered KIMMERIDGE CLAY FORMATION, Zone IIIc","","","BH477","3.30","D","","","3.40","3.30","","","","24.00","","3.30","","","","46.00","25.00","21","21.00","95.00","","","","","","","","","","","","","","","","","","","","","","","","","","","","","","","","","","","","2.40","3.90"
"KC","Kimmeridge Clay Formation","KC_W","Undefined","202","Silty CLAY","Soft to firm thinly laminated locally fissured brownish grey mottled brown slightly micaceous locally sandy silty CLAY  Fissures are closely spaced stepped rough orientated between 0 degree and 10 degree.","Reworked KIMMERIDGE CLAY FORMATION, Zone V","","","BH477","1.90","D","","","2.00","1.90","","","","52.00","","1.90","","","","95.00","53.00","42","42.00","100.00","","","","","","","","","","","","","","","","","","","","","","","","","","","","","","","","","","","","1.60","2.40"
"KC","Kimmeridge Clay Formation","KC_W","Undefined","202","Silty CLAY","Soft to firm thinly laminated locally fissured brownish grey mottled brown slightly micaceous locally sandy silty CLAY  Fissures are closely spaced stepped rough orientated between 0 degree and 10 degree.","Reworked KIMMERIDGE CLAY FORMATION, Zone V","","","BH477","2.20","D","","","2.30","2.20","","","","48.00","","2.20","","","","94.00","52.00","42","42.00","100.00","","","","","","","","","","","","","","","","","","","","","","","","","","","","","","","","","","","","1.60","2.40"
"KC","Kimmeridge Clay Formation","KC_UW","Undefined","202","Silty CLAY","Stiff to very stiff friable thinly laminated fissured dark grey locally black and mottled white silty CLAY with frequent shell fragments (<6mm). Fissures are very closely to closely spaced planar undulating and smooth, locally infilled with soft grey silty clay and shell fragments (<2mm). ","","","","BH539","9.50","D","27","","9.50","9.50","","","","31.00","","9.50","","","","64.00","42.00","22","22.00","100.00","","","","","","","","","","","","","","","","","","","","","","","","","","","","","","","","","","","","7.30","21.20"
"KC","Kimmeridge Clay Formation","KC_UW","Undefined","202","Silty CLAY","Stiff to very stiff friable thinly laminated fissured dark grey locally black and mottled white silty CLAY with frequent shell fragments (<6mm). Fissures are very closely to closely spaced planar undulating and smooth, locally infilled with soft grey silty clay and shell fragments (<2mm). ","","","","BH539","13.90","D","29","","","13.90","","","","19.00","","13.90","","","","55.00","33.00","22","22.00","100.00","","","","","","","","","","","","","","","","","","","","","","","","","","","","","","","","","","","","7.30","21.20"
"KC","Kimmeridge Clay Formation","KC_UW","Undefined","202","Silty CLAY","Stiff to very stiff friable thinly laminated fissured dark grey locally black and mottled white silty CLAY with frequent shell fragments (<6mm). Fissures are very closely to closely spaced planar undulating and smooth, locally infilled with soft grey silty clay and shell fragments (<2mm). ","","","","BH539","21.70","D","31","","","21.70","","","","16.00","","21.70","","","","51.00","33.00","18","18.00","100.00","","","","","","","","","","","","","","","","","","","","","","","","","","","","","","","","","","","","21.35","26.75"
"KC","Kimmeridge Clay Formation","KC_UW","Undefined","202","Silty CLAY","Stiff thinly laminated fissured dark grey slightly sandy silty CLAY. Fissures are closely to very closely spaced horizontal and vertical smooth. ","KIMMERIDGE CLAY FORMATION","","","BH537","6.10","D","18","","","6.10","","","","18.00","","6.10","","","","48.00","28.00","20","20.00","100.00","","","","","","","","","","","","","","","","","","","","","","","","","","","","","","","","","","","","5.20","37.20"
"KC","Kimmeridge Clay Formation","KC_UW","Undefined","202","Silty CLAY","Stiff thinly laminated fissured dark grey slightly sandy silty CLAY. Fissures are closely to very closely spaced horizontal and vertical smooth. ","KIMMERIDGE CLAY FORMATION","","","BH537","10.40","D","24","","","10.40","","","","22.00","","10.40","","","","58.00","32.00","26","26.00","100.00","","","","","","","","","","","","","","","","","","","","","","","","","","","","","","","","","","","","5.20","37.20"
"KC","Kimmeridge Clay Formation","KC_UW","Undefined","202","Silty CLAY","Stiff thinly laminated fissured dark grey slightly sandy silty CLAY. Fissures are closely to very closely spaced horizontal and vertical smooth. ","KIMMERIDGE CLAY FORMATION","","","BH537","13.40","D","28","","","13.40","","","","12.00","","13.40","","","","43.00","27.00","16","16.00","86.00","","","","","","","","","","","","","","","","","","","","","","","","","","","","","","","","","","","","5.20","37.20"
"KC","Kimmeridge Clay Formation","KC_UW","Undefined","202","Silty CLAY","Stiff thinly laminated fissured dark grey slightly sandy silty CLAY. Fissures are closely to very closely spaced horizontal and vertical smooth. ","KIMMERIDGE CLAY FORMATION","","","BH537","19.40","D","34","","","19.40","","","","28.00","","19.40","","","","70.00","37.00","33","33.00","100.00","","","","","","","","","","","","","","","","","","","","","","","","","","","","","","","","","","","","5.20","37.20"
"KC","Kimmeridge Clay Formation","KC_UW","Undefined","201","CLAY","Very stiff thickly laminated fissured dark grey CLAY with occasional fossils (<20mm). Fissures are vertical to sub-vertical closely spaced planar smooth.  ","KIMMERIDGE CLAY FORMATION","","","BH541","14.20","D","29","","","14.20","","","","26.00","","14.20","","","","61.00","34.00","27","27.00","100.00","","","","","","","","","","","","","","","","","","","","","","","","","","","","","","","","","","","","13.10","15.15"
"KC","Kimmeridge Clay Formation","KC_UW","Undefined","202","Silty CLAY","Stiff to very stiff thickly laminated dark greenish grey slightly sandy silty CLAY with occasional shell/fossil fragments (<5mm).","KIMMERIDGE CLAY FORMATION","","","BH541","24.70","D","40","","","24.70","","","","25.00","","24.70","","","","54.00","31.00","23","23.00","100.00","","","","","","","","","","","","","","","","","","","","","","","","","","","","","","","","","","","","22.60","27.45"
"KC","Kimmeridge Clay Formation","KC_UW","Undefined","202","Silty CLAY","Stiff to very stiff thinly laminated fissured dark grey silty CLAY with occasional shell fragments (<20mm). Fissures are horizontal to sub-horizontal closely spaced planar smooth. ","KIMMERIDGE CLAY FORMATION","","","BH541","18.40","D","34","","","18.40","","","","28.00","","18.40","","","","57.00","33.00","24","24.00","100.00","","","","","","","","","","","","","","","","","","","","","","","","","","","","","","","","","","","","17.20","21.80"
"KC","Kimmeridge Clay Formation","KC_W","Undefined","202","Silty CLAY","Soft becoming Firm thinly to thickly laminated dark grey silty CLAY with occasional shell fragments. partially weathered zone 2a/b","KIMMERIDGE CLAY FORMATION","","","BH541","4.70","D","17","","","4.70","","","","23.00","","4.70","","","","59.00","38.00","21","21.00","100.00","","","","","","","","","","","","","","","","","","","","","","","","","","","","","","","","","","","","4.20","10.28"
"KC","Kimmeridge Clay Formation","KC_W","Undefined","202","Silty CLAY","Soft becoming Firm thinly to thickly laminated dark grey silty CLAY with occasional shell fragments. partially weathered zone 2a/b","KIMMERIDGE CLAY FORMATION","","","BH541","8.10","D","21","","","8.10","","","","26.00","","8.10","","","","64.00","42.00","22","22.00","100.00","","","","","","","","","","","","","","","","","","","","","","","","","","","","","","","","","","","","4.20","10.28"
"KC","Kimmeridge Clay Formation","KC_UW","Undefined","201","CLAY","Stiff thinly laminated fissured grey fossiliferous CLAY. Fissures are extremely closely spaced stepped smooth and undulating roughly subhorizontal. Fossils are rare comprised of bivalves and ammonites located primarily between laminations.","Unweathered KIMMERIDGE CLAY FORMATION, Zone Ia","","","BH548","17.70","D","49","","17.80","17.70","","","","26.00","","17.70","","","","59.00","37.00","22","22.00","94.00","","","","","","","","","","","","","","","","","","","","","","","","","","","","","","","","","","","","13.94","18.80"
"KC","Kimmeridge Clay Formation","KC_UW","Undefined","201","CLAY","Very stiff thinly laminated fissured dark grey fossiliferous CLAY. Fissures are very closely spaced planar smooth and stepped smooth randomly orientated. Fossils are frequent comprised of ammonites and bivalve shells. ","Unweathered KIMMERIDGE CLAY FORMATION, Zone Ia","","","BH548","31.10","D","87","","31.20","31.10","","","","30.00","","31.10","","","","65.00","40.00","25","25.00","100.00","","","","","","","","","","","","","","","","","","","","","","","","","","","","","","","","","","","","27.80","32.60"
"KC","Kimmeridge Clay Formation","KC_UW","Undefined","201","CLAY","Very stiff thinly laminated fissured grey fossiliferous CLAY. Fissures are closely spaced stepped rough and undulating smooth randomly orientated. Fossils are frequent comprised of bivalve shells and ammonites.","Unweathered KIMMERIDGE CLAY FORMATION, Zone Ia","","","BH548","20.80","D","57","","20.90","20.80","","","","29.00","","20.80","","","","75.00","53.00","22","22.00","100.00","","","","","","","","","","","","","","","","","","","","","","","","","","","","","","","","","","","","18.80","21.80"
"KC","Kimmeridge Clay Formation","KC_UW","Undefined","201","CLAY","Very stiff thinly laminated grey CLAY.","Unweathered KIMMERIDGE CLAY FORMATION, Zone Ia","","","BH548","26.60","D","74","","26.70","26.60","","","","20.00","","26.60","","","","58.00","35.00","23","23.00","100.00","","","","","","","","","","","","","","","","","","","","","","","","","","","","","","","","","","","","25.10","27.80"
"KC","Kimmeridge Clay Formation","KC_UW","Undefined","202","Silty CLAY","Firm thinly laminated occasionally fissured dark grey fossiliferous locally silty CLAY with occasional lenses of sand. Fissuring is randomly oriented stepped smooth. Fossils are common consisting of bivalves.","KIMMERIDGE CLAY FORMATION PARTIALLY WEATHERED ZONE IIa","","","BH548","7.00","D","21","","7.10","7.00","","","","20.00","","7.00","","","","52.00","29.00","23","23.00","95.00","","","","","","","","","","","","","","","","","","","","","","","","","","","","","","","","","","","","4.90","11.70"
"KC","Kimmeridge Clay Formation","KC_UW","Undefined","202","Silty CLAY","Stiff thinly laminated fossiliferous silty CLAY. Fossils are numerous comprised of bivalves and ammonites located primarily between laminations.","UNWEATHERD KIMMERIDGE CLAY ZONE Ib","","","BH548","12.20","D","33","","12.30","12.20","","","","21.00","","12.20","","","","57.00","33.00","24","24.00","93.00","","","","","","","","","","","","","","","","","","","","","","","","","","","","","","","","","","","","11.70","13.67"
"KC","Kimmeridge Clay Formation","KC_W","Undefined","201","CLAY","Firm grey slightly sandy CLAY.","","","","BH548","2.00","B","7","","2.50","","","","","","","","","","","","","","","","","","","2.00","","","","","69.00","26.00","3.00","2.00","0.00","94.60","","","","","","","","","","","","","","","","","","","","","","1.50","4.90"
"KC","Kimmeridge Clay Formation","KC_W","Undefined","201","CLAY","Firm grey slightly sandy CLAY.","","","","BH548","2.50","D","8","#3026733963770008","2.50","2.50","","","","20.00","","2.50","","","","48.00","30.00","18","18.00","100.00","","","","","","","","","","","","","","","","","","","","","","","","","","","","","","","","","","","","1.50","4.90"
"KC","Kimmeridge Clay Formation","KC_UW","Undefined","201","CLAY","Stiff becoming very stiff thinly laminated fissured dark grey fossiliferous CLAY with localised zones of partially calcareously cemented clay. Fissures are extremely closely to very closely spaced planar rough and undulating rough randomly orientated. Fossils are frequent of ammonites bivalves and shell fragments","Unweathered KIMMERIDGE CLAY FORMATION,  Zone Ia","","","BH536","15.60","D","","","15.70","15.60","","","","27.00","","15.60","","","","63.00","35.00","28","28.00","100.00","","","","","","","","","","","","","","","","","","","","","","","","","","","","","","","","","","","","13.80","21.90"
"KC","Kimmeridge Clay Formation","KC_UW","Undefined","201","CLAY","Stiff becoming very stiff thinly laminated fissured dark grey fossiliferous CLAY with localised zones of partially calcareously cemented clay. Fissures are extremely closely to very closely spaced planar rough and undulating rough randomly orientated. Fossils are frequent of ammonites bivalves and shell fragments","Unweathered KIMMERIDGE CLAY FORMATION,  Zone Ia","","","BH536","18.00","D","","","18.10","18.00","","","","20.00","","18.00","","","","58.00","41.00","17","17.00","100.00","","","","","","","","","","","","","","","","","","","","","","","","","","","","","","","","","","","","13.80","21.90"
"KC","Kimmeridge Clay Formation","KC_UW","Undefined","201","CLAY","Stiff thinly laminated fissured very dark grey locally micaceous CLAY Fissures are extremely closely to very closely spaced undulating smooth/polished stepped rough randomly orientated.","Unweathered KIMMERIDGE CLAY FORMATION , Zone Ia","","","BH536","11.20","D","","","11.30","11.20","","","","22.00","","11.20","","","","59.00","40.00","19","19.00","100.00","","","","","","","","","","","","","","","","","","","","","","","","","","","","","","","","","","","","9.80","13.80"
"KC","Kimmeridge Clay Formation","KC_UW","Undefined","201","CLAY","Stiff thinly laminated fissured very dark grey locally micaceous CLAY Fissures are extremely closely to very closely spaced undulating smooth/polished stepped rough randomly orientated.","Unweathered KIMMERIDGE CLAY FORMATION , Zone Ia","","","BH536","12.80","D","","","12.90","12.80","","","","23.00","","12.80","","","","62.00","43.00","19","19.00","100.00","","","","","","","","","","","","","","","","","","","","","","","","","","","","","","","","","","","","9.80","13.80"
"KC","Kimmeridge Clay Formation","KC_UW","Undefined","201","CLAY","Stiff to very stiff thinly laminated fissured dark grey locally fossiliferous CLAY with occasional nodules of pyrite. Fissures are extremely closely to very closely spaced stepped rough and undulating rough randomly orientated. Fossils are comprised of ammonites and bivalves. ","Unweathered KIMMERIDGE CLAY FORMATION, Zone Ia","","","BH536","29.00","D","","","29.10","29.00","","","","21.00","","29.00","","","","61.00","43.00","18","18.00","100.00","","","","","","","","","","","","","","","","","","","","","","","","","","","","","","","","","","","","27.80","34.67"
"KC","Kimmeridge Clay Formation","KC_UW","Undefined","201","CLAY","Stiff to very stiff thinly laminated fissured dark grey occasionally fossiliferous CLAY with frequent weak dark grey mudstone lithorelicts orientated roughly between 0 degree and 10 degree from horizontal. Fissures are extremely closely to very closely spaced stepped rough and undulating rough randomly orientated. Fossils are rare of ammonites.","Potentially Weathered KIMMERIDGE CLAY FORMATION, Zone IIIc","","","BH536","22.20","D","","","22.30","22.20","","","","19.00","","22.20","","","","50.00","32.00","18","18.00","97.00","","","","","","","","","","","","","","","","","","","","","","","","","","","","","","","","","","","","21.90","24.10"
"KC","Kimmeridge Clay Formation","KC_UW","Undefined","201","CLAY","Very stiff thinly laminated fissured dark grey fossiliferous CLAY. Fissures are extremely closely to very closely spaced stepped rough and undulating rough randomly orientated. Fossils are numerous of ammonites bivalves and shell fragments.","Unweathered KIMMERIDGE CLAY FORMATION, Zone Ia","","","BH536","27.20","D","","","27.30","27.20","","","","25.00","","27.20","","","","69.00","48.00","21","21.00","100.00","","","","","","","","","","","","","","","","","","","","","","","","","","","","","","","","","","","","26.30","27.80"
"KC","Kimmeridge Clay Formation","KC_UW","Undefined","201","CLAY","Stiff thinly laminated fissured grey CLAY. Fissures are closely spaced undulating rough orientated between 0 degree and 10 degree.","Unweathered KIMMERIDGE CLAY FORMATION, Zone Ia","","","BH538","16.00","D","30","#2626623869790028","16.10","16.00","","","","20.00","","16.00","","","","52.00","35.00","17","17.00","99.00","","","","","","","","","","","","","","","","","","","","","","","","","","","","","","","","","","","","15.80","17.40"
"KC","Kimmeridge Clay Formation","KC_UW","Undefined","201","CLAY","Stiff to very stiff thinly laminated highly fossiliferous locally slightly gravelly CLAY. Gravel is subangular fine to medium of mudstone lithorelicts. Fossils are numerous of ammonite and bivalve shells.","KIMMERIDGE CLAY FORMATION","","","BH538","12.20","D","26","#2626623869790020","12.30","12.20","","","","20.00","","12.20","","","","54.00","36.00","18","18.00","100.00","","","","","","","","","","","","","","","","","","","","","","","","","","","","","","","","","","","","11.40","15.80"
"KC","Kimmeridge Clay Formation","KC_UW","Undefined","202","Silty CLAY","Stiff thinly laminated fissured dark grey fossiliferous silty CLAY. Fissures are extremely closely spaced stepped rough orientated between 9 degree and 10 degree","Unweathered KIMMERIDGE CLAY FORMATION, Zone Ia","","","BH538","18.60","D","35","#2626623869790024","18.70","18.60","","","","32.00","","18.60","","","","","","","","","","","","","","","","","","","","","","","","","","","","","","","","","","","","","","","","","","","","17.40","23.04"
"KC","Kimmeridge Clay Formation","KC_UW","Undefined","202","Silty CLAY","Stiff thinly laminated fissured dark grey fossiliferous silty CLAY. Fissures are extremely closely spaced stepped rough orientated between 9 degree and 10 degree","Unweathered KIMMERIDGE CLAY FORMATION, Zone Ia","","","BH538","20.70","D","39","#2626623869790030","20.80","20.70","","","","29.00","","20.70","","","","61.00","41.00","20","20.00","100.00","","","","","","","","","","","","","","","","","","","","","","","","","","","","","","","","","","","","17.40","23.04"
"KC","Kimmeridge Clay Formation","KC_UW","Undefined","202","Silty CLAY","Stiff to very stiff thinly laminated fissured grey fossiliferous slightly silty CLAY. Fissures are closely spaced stepped rough and orientated randomly. Fossils are numerous comprised of bivalves and ammonites.","KIMMERIDGE CLAY FORMATION","","","BH538","8.10","D","19","#2626623869790015","8.30","8.10","","","","24.00","","8.10","","","","62.00","33.00","29","29.00","99.00","","","","","","","","","","","","","","","","","","","","","","","","","","","","","","","","","","","","7.45","11.40"
"KC","Kimmeridge Clay Formation","KC_UW","Undefined","202","Silty CLAY","Stiff to very stiff thinly laminated fissured grey fossiliferous slightly silty CLAY. Fissures are closely spaced stepped rough and orientated randomly. Fossils are numerous comprised of bivalves and ammonites.","KIMMERIDGE CLAY FORMATION","","","BH538","10.10","D","22","#2626623869790016","10.20","10.10","","","","33.00","","10.10","","","","","","","","","","","","","","","","","","","","","","","","","","","","","","","","","","","","","","","","","","","","7.45","11.40"
"KC","Kimmeridge Clay Formation","KC_UW","Undefined","201","CLAY","Stiff fissured dark grey fossiliferous occasionally micaceous CLAY. Fissures are closely spaced curved planar rough randomly orientated. Fossils are occasional comprised of bivalves and ammonites located primarily between laminae.","","","","BH543","14.00","D","","","","14.00","","","","17.00","","","","","","","","","","","","","","","","","","","","","","","","","","","","","","","","","","","","","","","","","","","","","","13.60","15.50"
"KC","Kimmeridge Clay Formation","KC_UW","Undefined","201","CLAY","Stiff thinly laminated fissured dark grey fossiliferous occasionally micaceous CLAY. Fissures are extremely closely to closely spaced stepped rough and undulating smooth randomly orientated. Fossils are common to frequent comprised of bivalves and ammonites located primarily between laminae.","","","","BH543","12.70","D","","","","12.70","","","","25.00","","12.70","","","","64.00","47.00","17","17.00","92.00","","","","","","","","","","","","","","","","","","","","","","","","","","","","","","","","","","","","11.85","13.60"
"KC","Kimmeridge Clay Formation","KC_UW","Undefined","201","CLAY","Stiff thinly laminated fissured dark grey fossiliferous occasionally micaceous CLAY. Fissures are extremely closely to closely spaced stepped rough and undulating smooth randomly orientated. Fossils are common to frequent comprised of bivalves and ammonites located throughout.","Unweathered KIMMERIDGE CLAY FORMATION, Zone Ia","","","BH543","15.50","D","","","","15.50","","","","22.00","","","","","","","","","","","","","","","","","","","","","","","","","","","","","","","","","","","","","","","","","","","","","","15.50","18.80"
"KC","Kimmeridge Clay Formation","KC_UW","Undefined","201","CLAY","Stiff thinly laminated fissured dark grey fossiliferous occasionally micaceous CLAY. Fissures are extremely closely to closely spaced stepped rough and undulating smooth randomly orientated. Fossils are common to frequent comprised of bivalves and ammonites located throughout.","Unweathered KIMMERIDGE CLAY FORMATION, Zone Ia","","","BH543","17.20","D","","","17.30","17.20","","","","20.00","","17.20","","","","54.00","38.00","16","16.00","100.00","","","","","","","","","","","","","","","","","","","","","","","","","","","","","","","","","","","","15.50","18.80"
"KC","Kimmeridge Clay Formation","KC_UW","Undefined","201","CLAY","Stiff thinly laminated fissured dark grey fossiliferous occasionally micaceous CLAY. Fissures are extremely closely to closely spaced stepped rough and undulating smooth randomly orientated. Fossils are common to frequent comprised of bivalves and ammonites located throughout.","Unweathered KIMMERIDGE CLAY FORMATION, Zone Ia","","","BH543","17.30","B","","","","","","","","","","","","","","","","","","","","","","17.30","","","","","94.00","4.00","2.00","0.00","0.00","97.80","","","","","","","","","","","","","","","","","","","","","","15.50","18.80"
"KC","Kimmeridge Clay Formation","KC_UW","Undefined","201","CLAY","Stiff thinly laminated fissured dark grey fossiliferous occasionally micaceous CLAY. Fissures are extremely closely to closely spaced stepped rough and undulating smooth randomly orientated. Fossils are common to frequent comprised of bivalves and ammonites located throughout.","Unweathered KIMMERIDGE CLAY FORMATION, Zone Ia","","","BH543","17.86","C","","","18.16","","","","","","","","","","","","","","","","","","","","","","","","","","","","","","17.86","","","","2.63","Measured","","","","","","","17.86","","","","","1.76","1.32","33.00","","15.50","18.80"
"KC","Kimmeridge Clay Formation","KC_UW","Undefined","201","CLAY","Stiff thinly laminated fissured dark grey fossiliferous occasionally micaceous CLAY. Fissures are extremely closely to closely spaced stepped rough and undulating smooth randomly orientated. Fossils are common to frequent comprised of bivalves and ammonites located throughout.","Unweathered KIMMERIDGE CLAY FORMATION, Zone Ia","","","BH543","18.70","D","","","18.80","18.70","","","","20.00","","18.70","","","","47.00","29.00","18","18.00","100.00","","","","","","","","","","","","","","","","","","","","","","","","","","","","","","","","","","","","15.50","18.80"
"KC","Kimmeridge Clay Formation","KC_UW","Undefined","201","CLAY","Stiff thinly laminated fissured grey CLAY. Fissures are extremely closely to closely spaced stepped rough and occasionally undulating smooth/polished randomly orientated. Fossils are common to frequent comprised of bivalves and ammonites located primarily between laminae.","Unweathered KIMMERIDGE CLAY FORMATION, Zone Ia","","","BH543","18.80","L","","","20.30","","","","","","","","","","","","","","","","","","","","","","","","","","","","","","18.80","","","","2.62","Measured","","","","","","","18.80","","","","","1.90","1.48","28.00","","18.80","20.65"
"KC","Kimmeridge Clay Formation","KC_UW","Undefined","201","CLAY","Stiff thinly laminated fissured grey CLAY. Fissures are extremely closely to closely spaced stepped rough and occasionally undulating smooth/polished randomly orientated. Fossils are common to frequent comprised of bivalves and ammonites located primarily between laminae.","Unweathered KIMMERIDGE CLAY FORMATION, Zone Ia","","","BH543","20.20","D","","","20.30","20.20","","","","29.00","","20.20","","","","58.00","37.00","21","21.00","100.00","","","","","","","","","","","","","","","","","","","","","","","","","","","","","","","","","","","","18.80","20.65"
"KC","Kimmeridge Clay Formation","KC_UW","Undefined","201","CLAY","Firm to stiff becoming very stiff extremely to very closely fissured dark grey CLAY with frequent bivalve and ammonite shell fragments. Fissures neinty sub-horizontal irregular. (KIMMERIDGE CLAY)","Kimmeridge Clay Formation","","","TP05","3.50","B","3","","","3.50","","","","25.00","","3.50","","","","53.00","34.00","19","19.00","","","","","","","","","","","","","","","","3.50","","","","2.63","","","","","","","","3.50","1","","","","1.99","","","","3.40","4.65"
"KC","Kimmeridge Clay Formation","KC_UW","Undefined","201","CLAY","Firm to stiff becoming very stiff extremely to very closely fissured dark grey CLAY with frequent bivalve and ammonite shell fragments. Fissures neinty sub-horizontal irregular. (KIMMERIDGE CLAY)","Kimmeridge Clay Formation","","","TP05","3.50","B","3","","","3.50","","","","25.00","","3.50","","","","53.00","34.00","19","19.00","","","","","","","","","","","","","","","","3.50","","","","2.63","","","","","","","","3.50","2","","","","2.00","","","","3.40","4.65"
"KC","Kimmeridge Clay Formation","KC_UW","Undefined","201","CLAY","Firm to stiff becoming very stiff extremely to very closely fissured dark grey CLAY with frequent bivalve and ammonite shell fragments. Fissures neinty sub-horizontal irregular. (KIMMERIDGE CLAY)","Kimmeridge Clay Formation","","","TP05","3.50","B","3","","","3.50","","","","25.00","","3.50","","","","53.00","34.00","19","19.00","","","","","","","","","","","","","","","","3.50","","","","2.63","","","","","","","","3.50","3","","","","1.98","","","","3.40","4.65"
"KC","Kimmeridge Clay Formation","KC_W","Undefined","201","CLAY","Soft and soft to firm extremely closely fissured dark grey CLAY, with many firm to stiff lithorelicts towards base. Fissures sub-horizontal and random many with yellow silt coating. (KIMMERIDGE CLAY)","Kimmeridge Clay Formation","","","TP05","2.30","B","2","","","2.30","","","","36.00","","2.30","","","","59.00","34.00","25","25.00","","","","","","","","","","","","","","","","2.30","","","","2.65","","","","","","","","2.30","1","","","","1.84","","","","2.10","2.60"
"KC","Kimmeridge Clay Formation","KC_W","Undefined","201","CLAY","Soft and soft to firm extremely closely fissured dark grey CLAY, with many firm to stiff lithorelicts towards base. Fissures sub-horizontal and random many with yellow silt coating. (KIMMERIDGE CLAY)","Kimmeridge Clay Formation","","","TP05","2.30","B","2","","","2.30","","","","36.00","","2.30","","","","59.00","34.00","25","25.00","","","","","","","","","","","","","","","","2.30","","","","2.65","","","","","","","","2.30","2","","","","1.85","","","","2.10","2.60"
"KC","Kimmeridge Clay Formation","KC_W","Undefined","201","CLAY","Soft and soft to firm extremely closely fissured dark grey CLAY, with many firm to stiff lithorelicts towards base. Fissures sub-horizontal and random many with yellow silt coating. (KIMMERIDGE CLAY)","Kimmeridge Clay Formation","","","TP05","2.30","B","2","","","2.30","","","","36.00","","2.30","","","","59.00","34.00","25","25.00","","","","","","","","","","","","","","","","2.30","","","","2.65","","","","","","","","2.30","3","","","","1.80","","","","2.10","2.60"
"KC","Kimmeridge Clay Formation","KC_UW","Undefined","201","CLAY","Stiff grey and grey-green CLAY, abundant shell debris, slightly cemented.","","","","BH240B","22.54","CS","4","HT4","22.82","22.54","","","","27.00","No","","","","","","","","","","","","","","","","","","","","","","","","","","","","","","","","","","","","","","","","","","","","","22.37","23.03"
"KC","Kimmeridge Clay Formation","KC_UW","Undefined","201","CLAY","Stiff, weakly fissile, grey-green CLAY, infrequent shell fragments","","","","BH240B","30.94","CS","6","HT6","31.13","30.94","","","","28.00","No","","","","","","","","","","","","","","","","","","","","","","","","","","","","","","","","","","","","","","","","","","","","","30.66","31.07"
"KC","Kimmeridge Clay Formation","KC_UW","Undefined","201","CLAY","Very stiff grey CLAY, rare shell fragments","","","","BH240B","44.85","CS","9","HT9","45.07","44.85","","","","12.00","No","","","","","","","","","","","","","","","","","","","","","","","","","","","","","","","","","","","","","","","","","","","","","44.33","44.98"
"KC","Kimmeridge Clay Formation","KC_UW","Undefined","201","CLAY","Very stiff grey CLAY, rare shell fragments, becoming grey-green for 48.3, pyritised fossil fragments at 48.9","","","","BH240B","47.50","CS","10","HT10","47.75","47.50","","","","24.00","No","","","","","","","","","","","","","","","","","","","","","","","","","","","","","","","","","","","","","","","","","","","","","47.20","49.11"
"KC","Kimmeridge Clay Formation","KC_UW","Undefined","201","CLAY","Very stiff grey CLAY, shell fragments on bedding planes","","","","BH240B","35.51","CS","7","HT7","35.77","35.51","","","","21.00","No","","","","","","","","","","","","","","","","","","","","","","","","","","","","","","","","","","","","","","","","","","","","","35.41","36.12"
"KC","Kimmeridge Clay Formation","KC_UW","Undefined","201","CLAY","Very stiff grey to grey-green CLAY, rare shell fragments, calcareous, grading to:","","","","BH240B","38.32","CS","8","HT8","38.57","38.32","","","","20.00","No","","","","","","","","","","","","","","","","","","","","","","","","","","","","","","","","","","","","","","","","","","","","","38.20","39.65"
"KC","Kimmeridge Clay Formation","KC_UW","Undefined","202","Silty CLAY","Stiff grey-green CLAY, weakly fissile, slightly silty to base","","","","BH240B","25.87","CS","5","HT5","26.14","25.87","","","","17.00","No","","","","","","","","","","","","","","","","","","","","","","","","","","","","","","","","","","","","","","","","","","","","","25.56","26.30"
"LG","Lower Greensand Formation","LG_W","Undefined","410","Clayey gravelly SAND","Dark grey very silty very clayey SAND with some fine angular gravel. (Lower Green Sand)","Lower Greensand","","","EA2","9.50","U","100","","9.95","9.50","","","","13.00","No","","","","","","","","","","","","","","","","","","","","","","","","","","","","","","","","","","","","","","","","","","","","","9.25","10.50"
"LG","Lower Greensand Formation","LG_W","Undefined","207","Silty sandy CLAY","Firm dark grey and dark green brown sandy and very sandy CLAY with frequent lenses and pockets up to 5mm thick of green brown silty fine sand. (LOWER GREENSAND)","Lower Greensand","","","TP07","4.00","B","4","","","","","","","","","","","","","","","","","","","","","4.00","","","","","2.00","46.00","47.00","5.00","","","4.00","","","","2.83","","","","","","","","","","","","","","","","","4.00","4.30"
"LG","Lower Greensand Formation","LG_UW","Undefined","803","SANDSTONE","Weakly cemented light grey brown clayey fine to medium SAND and SANDSTONE very weak, with some rounded fine to medium quartzose gravel. [Lower Greensand]","Lower Greensand","","","TP13","3.20","B","4","","","3.20","","","","21.00","","3.20","","","","54.00","32.00","22","22.00","","","","","3.20","","","","","21.00","65.00","13.00","1.00","","","3.20","","","","2.49","","","","","","","","","","","","","","","","","3.20","3.40"
"LG","Lower Greensand Formation","LG_W","Undefined","211","Silty sandy gravelly CLAY","Very stiff friable dark green grey and grey very sandy very silty CLAY with some rounded siliceous gravel. (Lower Green Sand)","Lower Greensand","","","EA3","15.00","U","74","","15.45","15.00","","","","12.00","No","","","","","","","","","","","","","","","","","","","","","","","","","","","","","","","","","","","","","","","","","","","","","14.50","15.50"
"LG","Lower Greensand Formation","LG_W","Undefined","201","CLAY","8) Stiff fissured thinly laminated dark grey CLAY with occasional shell fragments (upto 10mm). Fissures are extremely closely spaced randomly orientated. (KIMMERIDGE CLAY FORMATION)","Kimmeridge Clay","","","TP392","4.45","D","010","","","4.45","01","","Natural","23.00","","4.45","01","","","70.00","43.00","27","27.00","100.00","","","BS1377: Part 2: 1990: Clause 4.3 and 5","","","","","","","","","","","","","","","","","","","","","","","","","","","","","","","","","4.45","4.50"
"LG","Lower Greensand Formation","LG_W","Undefined","201","CLAY","8) Stiff fissured thinly laminated dark grey CLAY with occasional shell fragments (upto 10mm). Fissures are extremely closely spaced randomly orientated. (KIMMERIDGE CLAY FORMATION)","Kimmeridge Clay","","","TP392","4.45","LB","011","","","","","","","","","","","","","","","","","","","","","4.45","01","","","","","","","","","","","","","","","","","","","","","","","","","","","","","","","4.45","4.50"
"LG","Lower Greensand Formation","LG_W","Undefined","220","Sandy gravelly CLAY","6) Firm to stiff dark brownish grey slightly sandy locally sandy slightly gravelly CLAY with pockets of orangish brown glauconitic sand. Gravel is subrounded to rounded of mixed lithologies including sandstone and quartz. (LOWER GREENSAND GROUP)","Lower Greensand Formation","","","TP392","3.40","D","008","","","3.40","01","","Natural","20.00","","3.40","01","","","59.00","34.00","25","25.00","97.00","","","BS1377: Part 2: 1990: Clause 4.3 and 5","","","","","","","","","","","","","","","","","","","","","","","","","","","","","","","","","3.25","4.45"
"LG","Lower Greensand Formation","LG_W","Undefined","220","Sandy gravelly CLAY","6) Firm to stiff dark brownish grey slightly sandy locally sandy slightly gravelly CLAY with pockets of orangish brown glauconitic sand. Gravel is subrounded to rounded of mixed lithologies including sandstone and quartz. (LOWER GREENSAND GROUP)","Lower Greensand Formation","","","TP392","3.60","LB","009","","","","","","","","","","","","","","","","","","","","","3.60","01","","","","","","","","","","","","","","","","","","","","","","","","","","","","","","","3.25","4.45"
"LG","Lower Greensand Formation","LG_W","Undefined","203","Sandy CLAY","5) Stiff fissured grey and greenish grey slightly sandy CLAY. Fissures are very to extremely closely spaced randomly orientated. (LOWER GREENSAND GROUP)","Lower Greensand Formation","","","TP392C","2.30","D","005","","","2.30","01","","Natural","29.00","","2.30","01","","","58.00","32.00","26","26.00","100.00","","","BS1377: Part 2: 1990: Clause 4.3 and 5","","","","","","","","","","","","","","","","","","","","","","","","","","","","","","","","","2.15","3.10"
"LG","Lower Greensand Formation","LG_W","Undefined","203","Sandy CLAY","5) Stiff fissured grey and greenish grey slightly sandy CLAY. Fissures are very to extremely closely spaced randomly orientated. (LOWER GREENSAND GROUP)","Lower Greensand Formation","","","TP392C","2.50","LB","006","","","","","","","","","","","","","","","","","","","","","2.50","01","","","","","","","","","","","","","","","","","","","","","","","","","","","","","","","2.15","3.10"
"LG","Lower Greensand Formation","LG_W","Undefined","203","Sandy CLAY","5) Firm orangish brown slightly sandy CLAY with closely spaced discontinuous thin beds of sandstone. (LOWER GREENSAND GROUP)","Lower Greensand Formation","","","TP392E","1.80","D","003","","","1.80","01","","Natural","23.00","","1.80","01","","","43.00","23.00","20","20.00","100.00","","","BS1377: Part 2: 1990: Clause 4.3 and 5","","","","","","","","","","","","","","","","","","","","","","","","","","","","","","","","","1.80","2.25"
"LG","Lower Greensand Formation","LG_W","Undefined","203","Sandy CLAY","5) Firm orangish brown slightly sandy CLAY with closely spaced discontinuous thin beds of sandstone. (LOWER GREENSAND GROUP)","Lower Greensand Formation","","","TP392E","2.00","LB","004","","","","","","","","","","","","","","","","","","","","","2.00","01","","","","","","","","","","","","","","","","","","","","","","","","","","","","","","","1.80","2.25"
"LG","Lower Greensand Formation","LG_W","Undefined","203","Sandy CLAY","7) Stiff indistinctly fissured indistinctly thinly laminated dark grey slightly sandy CLAY with rare shell fragments and occasional pockets (up to 25mm) of green brown glauconitic sand. Fissures are extremely closely to very closely spaced randomly orientated. (LOWER GREENSAND GROUP)","Lower Greensand Formation","","","TP392G","2.60","D","005","","","2.60","01","","Natural","25.00","","2.60","01","","","48.00","26.00","22","22.00","100.00","","","BS1377: Part 2: 1990: Clause 4.3 and 5","","","","","","","","","","","","","","","","","","","","","","","","","","","","","","","","","2.60","2.80"
"LG","Lower Greensand Formation","LG_W","Undefined","803","SANDSTONE","Soft dark brownish grey very sandy CLAY with occasional gravel and cobble sized fragments of sandstone. (LOWER GREENSAND GROUP)","Lower Greensand Formation","","","BH330","8.00","D","008","","","8.00","01","","Wet sieve","14.00","","8.00","01","","","34.00","20.00","14","14.00","70.00","","","","","","","","","","","","","","","","","","","","","","","","","","","","","","","","","","","","7.80","9.15"
"LG","Lower Greensand Formation","LG_W","Undefined","997","Undetermined","Samples removed for testing.","Lower Greensand Formation","","","BH330","5.90","D","006","","","5.90","01","","Wet sieve","20.00","","5.90","01","","","54.00","35.00","19","19.00","83.00","","","","","","","","","","","","","","","","","","","","","","","","","","","","","","","","","","","","5.90","6.30"
"LG","Lower Greensand Formation","LG_UW","Undefined","997","Undetermined","Samples removed for testing","Lower Greensand Formation","","","BH331","14.35","D","028","","","14.35","01","","Natural","29.00","","14.35","01","","","39.00","23.00","16","16.00","100.00","","","","","","","","","","","","","","","","","","","","","","","","","","","","","","","","","","","","13.95","14.46"
"LG","Lower Greensand Formation","LG_UW","Undefined","220","Sandy gravelly CLAY","Stiff and very stiff slightly gravelly sandy greenish grey and greyish green CLAY. Gravel is subrounded to rounded fine occasionally medium of quartzite (LOWER GREENSAND GROUP). (10)","Lower Greensand Formation","","","OS03","12.50","D","025","","","12.50","01","","Natural","18.00","","12.50","01","","","40.00","22.00","18","18.00","100.00","","","","","","","","","","","","","","","","","","","","","","","","","","","","","","","","","","","","12.30","13.55"
"LG","Lower Greensand Formation","LG_UW","Undefined","220","Sandy gravelly CLAY","Stiff and very stiff slightly gravelly sandy greenish grey and greyish green CLAY. Gravel is subrounded to rounded fine occasionally medium of quartzite (LOWER GREENSAND GROUP). (10)","Lower Greensand Formation","","","OS03","12.50","LB","026","","","","","","","","","","","","","","","","","","","","","12.50","01","","","","","","","","","","","","","","","","","","","","","","","","","","","","","","","12.30","13.55"
"LG","Lower Greensand Formation","LG_UW","Undefined","220","Sandy gravelly CLAY","Stiff and very stiff slightly gravelly sandy greenish grey and greyish green CLAY. Gravel is subrounded to rounded fine occasionally medium of quartzite (LOWER GREENSAND GROUP). (10)","Lower Greensand Formation","","","OS03","13.50","D","027","","","13.50","01","","Natural","19.00","","13.50","01","","","43.00","26.00","17","17.00","100.00","","","","","","","","","","","","","","","","","","","","","","","","","","","","","","","","","","","","12.30","13.55"
"LG","Lower Greensand Formation","LG_UW","Undefined","220","Sandy gravelly CLAY","Stiff and very stiff slightly gravelly sandy greenish grey and greyish green CLAY. Gravel is subrounded to rounded fine occasionally medium of quartzite (LOWER GREENSAND GROUP). (10)","Lower Greensand Formation","","","OS03","13.50","LB","028","","","","","","","","","","","","","","","","","","","","","13.50","01","","","","","","","","","","","","","","","","","","","","","","","","","","","","","","","12.30","13.55"
"LG","Lower Greensand Formation","LG_UW","Undefined","404","Gravelly SAND","Greenish grey clayey gravelly fine to coarse SAND with rare subrounded to rounded fine gravel of quartz (LOWER GREENSAND GROUP) (6).","Lower Greensand Formation","","","TP329","3.50","D","007","","","3.50","01","","Natural","19.00","","3.50","01","","","44.00","27.00","17","17.00","100.00","","","","","","","","","","","","","","","","","","","","","","","","","","","","","","","","","","","","3.20","3.70"
"LG","Lower Greensand Formation","LG_UW","Undefined","404","Gravelly SAND","Greenish grey clayey gravelly fine to coarse SAND with rare subrounded to rounded fine gravel of quartz (LOWER GREENSAND GROUP) (6).","Lower Greensand Formation","","","TP329","3.50","LB","008","","","","","","","","","","","","","","","","","","","","","3.50","01","","","","","","","","","","","","","","","","","","","","","","","","","","","","","","","3.20","3.70"
"LG","Lower Greensand Formation","LG_UW","Undefined","404","Gravelly SAND","Orangeish brown locally greenish brown slightly gravelly clayey fine to coarse SAND. Gravel is subrounded to rounded fine gravel of quartz. (LOWER GREENSAND GROUP) (5).","Lower Greensand Formation","","","TP329","2.80","D","005","","","2.80","01","","Natural","19.00","","2.80","01","","","31.00","16.00","15","15.00","100.00","","","","","","","","","","","","","","","","","","","","","","","","","","","","","","","","","","","","2.50","3.20"
"LG","Lower Greensand Formation","LG_UW","Undefined","404","Gravelly SAND","Orangeish brown locally greenish brown slightly gravelly clayey fine to coarse SAND. Gravel is subrounded to rounded fine gravel of quartz. (LOWER GREENSAND GROUP) (5).","Lower Greensand Formation","","","TP329","2.80","LB","006","","","","","","","","","","","","","","","","","","","","","2.80","01","","","","","","","","","","","","","","","","","","","","","","","","","","","","","","","2.50","3.20"
"LG","Lower Greensand Formation","LG_UW","Undefined","203","Sandy CLAY","Greenish grey and greenish brown very clayey fine to medium SAND. Locally sandy clay (LOWER GREENSAND GROUP). (6)","Lower Greensand Formation","","","TP332","3.50","D","006","","","3.50","01","","Natural","18.00","","3.50","01","","","44.00","23.00","21","21.00","100.00","","","","","","","","","","","","","","","","","","","","","","","","","","","","","","","","","","","","2.75","4.70"
"LG","Lower Greensand Formation","LG_UW","Undefined","203","Sandy CLAY","Greenish grey and greenish brown very clayey fine to medium SAND. Locally sandy clay (LOWER GREENSAND GROUP). (6)","Lower Greensand Formation","","","TP332","4.50","D","008","","","4.50","01","","Natural","22.00","","4.50","01","","","45.00","24.00","21","21.00","100.00","","","","","","","","","","","","","","","","","","","","","","","","","","","","","","","","","","","","2.75","4.70"
"LG","Lower Greensand Formation","LG_UW","Undefined","203","Sandy CLAY","Stiff fissured thinly laminated greenish grey slightly sandy CLAY. Fissures are very closely spaced randomly orientated. (LOWER GREENSAND GROUP ?) (9).","Lower Greensand Formation","","","TP323","4.20","D","009","","","4.20","01","","Natural","34.00","","4.20","01","","","74.00","41.00","33","33.00","100.00","","","","","","","","","","","","","","","","","","","","","","","","","","","","","","","","","","","","3.80","4.60"
"LG","Lower Greensand Formation","LG_UW","Undefined","203","Sandy CLAY","Stiff fissured thinly laminated greenish grey slightly sandy CLAY. Fissures are very closely spaced randomly orientated. (LOWER GREENSAND GROUP ?) (9).","Lower Greensand Formation","","","TP323","4.20","LB","010","","","","","","","","","","","","","","","","","","","","","4.20","01","","","","","","","","","","4.20","05","","","2.67","Measured","","","","","","","","","","","","","","","","3.80","4.60"
"LG","Lower Greensand Formation","LG_UW","Undefined","220","Sandy gravelly CLAY","Stiff fissured thickly laminated greenish grey slightly gravelly sandy CLAY. Gravel is subrounded fine of quartz and quartzite. (LOWER GREENSAND GROUP) (10).","Lower Greensand Formation","","","TP323","4.80","D","011","","","4.80","01","","Natural","21.00","","4.80","01","","","41.00","24.00","17","17.00","100.00","","","","","","","","","","","","","","","","","","","","","","","","","","","","","","","","","","","","4.60","5.00"
"LG","Lower Greensand Formation","LG_UW","Undefined","220","Sandy gravelly CLAY","Stiff fissured thickly laminated greenish grey slightly gravelly sandy CLAY. Gravel is subrounded fine of quartz and quartzite. (LOWER GREENSAND GROUP) (10).","Lower Greensand Formation","","","TP323","4.80","LB","012","","","","","","","","","","","","","","","","","","","","","4.80","01","","","","","","","","","","","","","","","","","","","","","","","","","","","","","","","4.60","5.00"
"LG","Lower Greensand Formation","LG_UW","Undefined","220","Sandy gravelly CLAY","Stiff dark grey slightly gravelly sandy CLAY. Gravel is subrounded to rounded fine occasionally medium of quartz and quartzite. (LOWER GREENSAND GROUP) (7).","Lower Greensand Formation","","","TP391","3.20","D","005","","","3.20","01","","Wet sieve","18.00","","3.20","01","","","47.00","25.00","22","22.00","43.00","","","","","","","","","","","","","","","","","","","","","","","","","","","","","","","","","","","","2.95","3.70"
"LG","Lower Greensand Formation","LG_W","Undefined","404","Gravelly SAND","Orangish brown mottled greenish grey slightly gravelly clayey SAND. Gravel is subrounded to rounded fine to medium of quartz and quartzite. (REWORKED LOWER GREENSAND GROUP) (5).","Reworked Kimmeridge Clay","","","TP391","1.80","D","003","","","1.80","01","","Natural","26.00","","1.80","01","","","48.00","24.00","24","24.00","100.00","","","","","","","","","","","","","","","","","","","","","","","","","","","","","","","","","","","","1.70","2.70"
"LG","Lower Greensand Formation","LG_W","Undefined","404","Gravelly SAND","Orangish brown mottled greenish grey slightly gravelly clayey SAND. Gravel is subrounded to rounded fine to medium of quartz and quartzite. (REWORKED LOWER GREENSAND GROUP) (5).","Reworked Kimmeridge Clay","","","TP391","1.80","LB","004","","","","","","","","","","","","","","","","","","","","","1.80","01","","","","","","","","","","","","","","","","","","","","","","","","","","","","","","","1.70","2.70"
"LG","Lower Greensand Formation","LG_W","Undefined","818","IRONSTONE","Orangish brown mottled greenish grey slightly gravelly clayey SAND. Gravel is subrounded to rounded fine occasionally medium of quartz, glauconite and ironstone. (REWORKED LOWER GREENSAND GROUP) (5).","Reworked Kimmeridge Clay","","","TP391B","2.50","D","003","","","2.50","01","","Natural","22.00","","2.50","01","","","41.00","20.00","21","21.00","93.00","","","","","","","","","","","","","","","","","","","","","","","","","","","","","","","","","","","","1.70","3.00"
"LG","Lower Greensand Formation","LG_W","Undefined","818","IRONSTONE","Orangish brown mottled greenish grey slightly gravelly clayey SAND. Gravel is subrounded to rounded fine occasionally medium of quartz, glauconite and ironstone. (REWORKED LOWER GREENSAND GROUP) (5).","Reworked Kimmeridge Clay","","","TP391B","2.50","LB","004","","","","","","","","","","","","","","","","","","","","","2.50","01","","","","","","","","","","","","","","","","","","","","","","","","","","","","","","","1.70","3.00"
"LG","Lower Greensand Formation","LG_UW","Undefined","818","IRONSTONE","Dark grey and greenish grey slightly gravelly very clayey fine to coarse SAND. Gravel is subrounded to rounded fine to medium of quartz and ironstone. (LOWER GREENSAND GROUP) (7).","Lower Greensand Formation","","","TP391C","3.20","D","005","","","3.20","01","","Wet sieve","16.00","","3.20","01","","","46.00","29.00","17","17.00","69.00","","","","","","","","","","","","","","","","","","","","","","","","","","","","","","","","","","","","2.80","3.80"
"LG","Lower Greensand Formation","LG_UW","Undefined","818","IRONSTONE","Dark grey and greenish grey slightly gravelly very clayey fine to coarse SAND. Gravel is subrounded to rounded fine to medium of quartz and ironstone. (LOWER GREENSAND GROUP) (7).","Lower Greensand Formation","","","TP391C","3.20","LB","006","","","","","","","","","","","","","","","","","","","","","3.20","01","","","","","","","","","","","","","","","","","","","","","","","","","","","","","","","2.80","3.80"
"LG","Lower Greensand Formation","LG_W","Undefined","404","Gravelly SAND","Greenish grey locally orange mottled greenish grey slightly gravelly clayey SAND. Gravel is subrounded fine to medium of quartz. (REWORKED LOWER GREENSAND GROUP) (6).","Reworked Kimmeridge Clay","","","TP391C","2.10","D","003","","","2.10","01","","Natural","21.00","","2.10","01","","","42.00","23.00","19","19.00","100.00","","","","","","","","","","","","","","","","","","","","","","","","","","","","","","","","","","","","2.00","2.80"
"LG","Lower Greensand Formation","LG_W","Undefined","404","Gravelly SAND","Greenish grey locally orange mottled greenish grey slightly gravelly clayey SAND. Gravel is subrounded fine to medium of quartz. (REWORKED LOWER GREENSAND GROUP) (6).","Reworked Kimmeridge Clay","","","TP391C","2.10","LB","004","","","","","","","","","","","","","","","","","","","","","2.10","01","","","","","","","","","","","","","","","","","","","","","","","","","","","","","","","2.00","2.80"
"LG","Lower Greensand Formation","LG_UW","Undefined","818","IRONSTONE","Greenish grey locally orangish grey very clayey slightly gravelly fine to coarse SAND Gravel is subrounded to rounded fine to medium of quartz and ironstone. (LOWER GREENSAND GROUP) (7).","Lower Greensand Formation","","","TP391A","2.50","D","005","","","2.50","01","","Natural","19.00","","2.50","01","","","37.00","20.00","17","17.00","78.00","","","","","","","","","","","","","","","","","","","","","","","","","","","","","","","","","","","","2.30","3.10"
"LG","Lower Greensand Formation","LG_W","Undefined","818","IRONSTONE","Orangish brown slightly gravelly clayey fine to coarse SAND. Gravel is subrounded fine occasionally medium of quartz and ironstone. (REWORKED LOWER GREENSAND GROUP) (6).","Reworked Kimmeridge Clay","","","TP391A","2.00","D","003","","","2.00","01","","Natural","21.00","","2.00","01","","","40.00","20.00","20","20.00","100.00","","","","","","","","","","","","","","","","","","","","","","","","","","","","","","","","","","","","1.70","2.30"
"LG","Lower Greensand Formation","LG_W","Undefined","818","IRONSTONE","Orangish brown slightly gravelly clayey fine to coarse SAND. Gravel is subrounded fine occasionally medium of quartz and ironstone. (REWORKED LOWER GREENSAND GROUP) (6).","Reworked Kimmeridge Clay","","","TP391A","2.00","LB","004","","","","","","","","","","","","","","","","","","","","","2.00","01","","","","","","","","","","","","","","","","","","","","","","","","","","","","","","","1.70","2.30"
"LG","Lower Greensand Formation","LG_W","Undefined","301","SILT","Medium dense dark greenish grey fine to coarse SAND. ","LOWER GREENSAND, Weathering Grade V","","","BH406","4.70","L","","#7204972173640036","5.70","","","","","","","","","","","","","","","","","","","4.70","","","","","73.00","17.00","10.00","0.00","0.00","90.10","","","","","","","","","","","","","","","","","","","","","","4.70","5.20"
"LG","Lower Greensand Formation","LG_W","Undefined","301","SILT","Very dense dark greenish grey fine to coarse SAND.","LOWER GREENSAND, Weathering Grade IV/V","","","BH406","3.70","L","","#7204972173640035","4.70","","","","","","","","","","","","","","","","","","","3.70","","","","","0.00","20.00","40.00","40.00","0.00","20.50","","","","","","","","","","","","","","","","","","","","","","3.35","4.14"
"LG","Lower Greensand Formation","LG_UW","Undefined","803","SANDSTONE","Strong to very strong creamish brown calcareous very fine to very coarse grained SANDSTONE.","LOWER GREENSAND, Weathering Grade I","","","BH407","8.20","L","27","","","","","","","","","","","","","","","","","","","","","8.20","","","","","18.00","9.00","48.00","25.00","0.00","26.80","","","","","","","","","","","","","","","","","","","","","","8.20","8.50"
"LG","Lower Greensand Formation","LG_W","Undefined","207","Silty sandy CLAY","Stiff to very stiff dark greenish grey silty very sandy CLAY with pockets of fine to coarse sand up to 70mmX70mmX70mm and frequent subrounded fine nodules of pyrite. Sand is fine to coarse.","LOWER GREENSAND, Weathering Grade IV","","","BH407","9.30","D","24","","","9.30","","","","21.00","","9.30","","","","54.00","35.00","19","19.00","89.00","","","","","","","","","","","","","","","","","","","","","","","","","","","","","","","","","","","","9.20","10.10"
"LG","Lower Greensand Formation","LG_W","Undefined","220","Sandy gravelly CLAY","Stiff to very stiff occasionally very thinly laminated dark grey sandy gravelly micaceous CLAY. Gravel is subrounded fine of flint. Sand is fine to coarse.","LOWER GREENSAND, Weathering Grade IV","","","BH408","17.20","D","60","","","17.20","","","","15.00","","17.20","","","","41.00","24.00","17","17.00","90.00","","","","","","","","","","","","","","","","","","","","","","","","","","","","","","","","","","","","16.65","18.70"
"LG","Lower Greensand Formation","LG_W","Undefined","220","Sandy gravelly CLAY","Stiff to very stiff occasionally very thinly laminated dark grey sandy gravelly micaceous CLAY. Gravel is subrounded fine of flint. Sand is fine to coarse.","LOWER GREENSAND, Weathering Grade IV","","","BH408","17.20","L","55","","","","","","","","","","","","","","","","","","","","","17.20","","","","","17.00","12.00","60.00","11.00","0.00","29.00","","","","","","","","","","","","","","","","","","","","","","16.65","18.70"
"LG","Lower Greensand Formation","LG_W","Undefined","403","Silty SAND","Dense to very dense dark greyish green locally clayey silty fine to coarse SAND with occasional subrounded fine gravels of flint and chert.","LOWER GREENSAND, Weathering Grade IV/V","","","BH414","16.70","C","51","","","","","","","","","","","","","","","","","","","","","16.70","","","","","25.00","16.00","54.00","5.00","0.00","41.10","","","","","","","","","","","","","","","","","","","","","","15.30","16.95"
"LG","Lower Greensand Formation","LG_W","Undefined","410","Clayey gravelly SAND","Dense to very dense dark greenish grey slightly clayey gravelly fine to coarse SAND. Gravel is subrounded to subangular fine to medium of flint and chert.","LOWER GREENSAND, Weathering Grade V","","","BH414","13.70","B","54","","","","","","","","","","","","","","","","","","","","","13.70","","","","","17.00","12.00","64.00","7.00","0.00","28.80","","","","","","","","","","","","","","","","","","","","","","12.95","14.80"
"LG","Lower Greensand Formation","LG_W","Undefined","410","Clayey gravelly SAND","Dense to very dense dark greenish grey slightly clayey gravelly fine to coarse SAND. Gravel is subrounded to subangular fine to medium of flint and chert.","LOWER GREENSAND, Weathering Grade V","","","BH414","14.10","D","59","","","14.10","","","","20.00","","","","","","","","","","","","","","","","","","","","","","","","","","","","","","","","","","","","","","","","","","","","","","12.95","14.80"
"LG","Lower Greensand Formation","LG_W","Undefined","301","SILT","Dense to very dense dark greyish green fine to coarse SAND with occasional subrounded gravels of flint and chert.","LOWER GREENSAND, Weathering Grade IV","","","BH409","9.05","B","44","","","","","","","","","","","","","","","","","","","","","9.05","","","","","12.00","8.00","49.00","31.00","0.00","20.00","","","","","","","","","","","","","","","","","","","","","","9.05","9.93"
"LG","Lower Greensand Formation","LG_W","Undefined","301","SILT","Dense to very dense dark greyish green fine to coarse SAND with occasional subrounded gravels of flint and chert.","LOWER GREENSAND, Weathering Grade IV","","","BH409","9.60","D","40","","","9.60","","","","20.00","","9.60","","","","50.00","32.00","18","18.00","100.00","","","","","","","","","","","","","","","","","","","","","","","","","","","","","","","","","","","","9.05","9.93"
"LG","Lower Greensand Formation","LG_W","Undefined","402","Clayey SAND","Very dense dense to dense dark greyish green clayey fine to coarse SAND.","LOWER GREENSAND, Weathering Grade IV/V","","","BH409","10.70","D","35","","","10.70","","","","19.00","","10.70","","","","45.00","27.00","18","18.00","82.00","","","","","","","","","","","","","","","","","","","","","","","","","","","","","","","","","","","","10.26","11.97"
"LG","Lower Greensand Formation","LG_W","Undefined","410","Clayey gravelly SAND","Dark greyish green slightly gravelly clayey fine to coarse SAND. Gravel subrounded fine of chert.","LOWER GREENSAND, Weathering Grade V","","","BH409","12.00","B","59","","","","","","","","","","","","","","","","","","","","","12.00","","","","","18.00","10.00","58.00","14.00","0.00","28.00","","","","","","","","","","","","","","","","","","","","","","11.97","12.70"
"LG","Lower Greensand Formation","LG_W","Undefined","220","Sandy gravelly CLAY","Firm to stiff dark greenish grey sandy gravelly CLAY. Sand is fine to coarse. Gravel is subangular to subrounded fine to medium of flint chert and sandstone.","LOWER GREENSAND, Weathering Grade V","","","BH410","7.45","B","27","","","","","","","","","","","","","","","","","","","","","7.45","","","","","30.00","6.00","49.00","15.00","0.00","35.90","","","","","","","","","","","","","","","","","","","","","","7.45","7.75"
"LG","Lower Greensand Formation","LG_UW","Undefined","207","Silty sandy CLAY","Very stiff thinly laminated closely spaced silty sandy CLAY with occasional partings and pockets of grey fine sand and occasional fossils between laminae. Sand is fine to coarse.","LOWER GREENSAND, Weathering Grade V","","","BH416","12.20","D","25","","","12.20","","","","21.00","","12.20","","","","56.00","32.00","24","24.00","100.00","","","","","","","","","","","","","","","","","","","","","","","","","","","","","","","","","","","","11.34","13.20"
"LG","Lower Greensand Formation","LG_UW","Undefined","207","Silty sandy CLAY","Very stiff thinly laminated closely spaced silty sandy CLAY with occasional partings and pockets of grey fine sand and occasional fossils between laminae. Sand is fine to coarse.","LOWER GREENSAND, Weathering Grade V","","","BH416","12.62","B","40","","","","","","","","","","","","","","","","","","","","","12.62","","","","","95.00","3.00","2.00","0.00","0.00","98.40","","","","","","","","","","","","","","","","","","","","","","11.34","13.20"
"LG","Lower Greensand Formation","LG_W","Undefined","302","Clay/Silt","Stiff dark grey slightly sandy clayey SILT with occasional shell fragments (<10mm diameter). Sand is fine to coarse.","LOWER GREENSAND, Weathering Grade V","","","BH412","6.60","D","21","","","6.60","","","","27.00","","","","","","","","","","","","","","","","","","","","","","","","","","","","","","","","","","","","","","","","","","","","","","6.60","9.55"
"LG","Lower Greensand Formation","LG_W","Undefined","302","Clay/Silt","Stiff dark grey slightly sandy clayey SILT with occasional shell fragments (<10mm diameter). Sand is fine to coarse.","LOWER GREENSAND, Weathering Grade V","","","BH412","7.60","B","22","","","","","","","","","","","","","","","","","","","","","7.60","","","","","73.00","16.00","11.00","0.00","0.00","88.80","","","","","","","","","","","","","","","","","","","","","","6.60","9.55"
"LG","Lower Greensand Formation","LG_UW","Undefined","203","Sandy CLAY","Fresh, stiff grey-green CLAY becoming sandy to base, ocassional thin laminations of fine sand throughout. Scattered shell debris throughout, abundant debris in bands at 18.2m and 18.43. Large crushed ammonite at 18.2. Core loss from 16.32 to 16.75.","","","","BH240B","18.50","CS","3","HT3","18.75","18.50","","","","22.00","No","","","","","","","","","","","","","","","","","","","","","","","","","","","","","","","","","","","","","","","","","","","","","16.32","19.20"
"MG","Made Ground","MG","Undefined","220","Sandy gravelly CLAY","Firm greenish grey locally grey slightly sandy slightly gravelly CLAY. Gravel sized fragments are subangular fine to coarse of chalk, flint and occasional earthenware. (Possible archaeological feature) (ALLUVIUM) (2)","Alluvium","","","TP329","0.50","D","001","","","0.50","01","","Wet sieve","18.00","","0.50","01","","","54.00","29.00","25","25.00","94.00","","","","","","","","","","","","","","","","","","","","","","","","","","","","","","","","","","","","0.30","0.80"
"RTD","River Terrace Deposits","RTD_1","Undefined","318","Sandy organic SILT","Medium dense cream rounded slightly clayey silty sandy fine to medium occasionally coarse chalk and flint GRAVEL. [Fluvial Gravel]","Terrace Deposits","","","TP03","1.00","B","7","","","","","","","","","","","","","","","","","","","","","1.00","","","","","11.00","25.00","19.00","45.00","","","","","","","","","","","","","","","","","","","","","","","","0.85","1.15"
"RTD","River Terrace Deposits","RTD_1","Undefined","318","Sandy organic SILT","Medium dense cream rounded slightly clayey silty sandy fine to medium occasionally coarse chalk and flint GRAVEL. [Fluvial Gravel]","Terrace Deposits","","","TP03","1.00","B","8","","","","","","","","","","","","","","","","","","","","","1.00","","","","","13.00","22.00","14.00","51.00","","","","","","","","","","","","","","","","","","","","","","","","0.85","1.15"
"RTD","River Terrace Deposits","RTD_1","Undefined","211","Silty sandy gravelly CLAY","Soft to firm yellow brown sandy very silty. CLAY with much fine to coarse angular flint gravel and many rootlets.","Terrace Deposits","","","BH23","3.00","D","1","","","3.00","","","","19.00","","","","","","","","","","","","","","","","","","","","","","","","","","","","","","","","","","","","","","","","","","","","","","1.80","3.30"
"RTD","River Terrace Deposits","RTD_2","Undefined","318","Sandy organic SILT","Medium dense to dense light green grey sub-angular to rounded silty sandy fine to coarse chalk and flint GRAVEL becoming with depth orange brown with occasional flint cobbles, cryoturbated at base. [Fluvial Gravel]","","","","TP12","1.00","B","1","","","","","","","","","","","","","","","","","","","","","1.00","","","","","0.00","19.00","27.00","54.00","","","","","","","","","","","","","","","","","","","","","","","","0.85","1.20"
"RTD","River Terrace Deposits","RTD_1","Undefined","318","Sandy organic SILT","Dense light green grey slightly clayey very silty sandy sub-angular to rounded fine to medium chalk and flint GRAVEL. [Fluvial Gravel]","Terrace Deposits","","","TP02","1.10","B","1","","","1.10","","","","17.00","","","","","","","","","","","","","","1.10","","","","","4.00","25.00","20.00","51.00","","","","","","","","","","","","","","","","","","","","","","","","1.00","1.80"
"RTD","River Terrace Deposits","RTD_1","Undefined","318","Sandy organic SILT","Medium dense cream rounded slightly clayey silty sandy fine to mediun occasionally coarse chalk and flint GRAVEL with depth becoming sandy GRAVEL. [Fluvial Gravel] Stratification dip 10, 180 deg.N in part.","Terrace Deposits","","","TP04","1.00","B","8","","","","","","","","","","","","","","","","","","","","","1.00","","","","","13.00","22.00","14.00","51.00","","","","","","","","","","","","","","","","","","","","","","","","0.85","1.50"
"RTD","River Terrace Deposits","RTD_2","Undefined","318","Sandy organic SILT","Dense light green grey rounded to sub-angular very silty sandy fine to medium occasionally coarse chalk and flint GRAVEL, cryoturbated along boundary. [Fluvial Gravel]","","","","TP07","1.00","B","1","","","1.00","","","","12.00","","","","","","","","","","","","","","1.00","","","","","1.00","22.00","19.00","58.00","","","1.00","","","","2.71","","","","","","","","","","","","","","","","","0.60","2.50"
"RTD","River Terrace Deposits","RTD_2","Undefined","318","Sandy organic SILT","Dense light green grey rounded to sub-angular very silty sandy fine to medium occasionally coarse chalk and flint GRAVEL, cryoturbated along boundary. [Fluvial Gravel]","","","","TP07","2.30","B","2","","","2.30","","","","19.00","","","","","","","","","","","","","","2.30","","","","","0.00","9.00","9.00","82.00","","","2.30","","","","2.64","","","","","","","","","","","","","","","","","0.60","2.50"
"RTD","River Terrace Deposits","RTD_1","Undefined","803","SANDSTONE","Medium dense light brown rounded sandy fine to medium occasionally coarse quartzose, sandstone and siltstone GRAVEL","Terrace Deposits","","","BH18","1.50","B","1","","","","","","","","","","","","","","","","","","","","","1.50","","","","","0.00","2.00","26.00","72.00","","","","","","","","","","","","","","","","","","","","","","","","1.50","2.80"
"RTD","River Terrace Deposits","RTD_1","Undefined","803","SANDSTONE","Medium dense light brown rounded sandy fine to medium occasionally coarse quartzose, sandstone and siltstone GRAVEL","Terrace Deposits","","","BH18","2.50","B","2","","","","","","","","","","","","","","","","","","","","","2.50","","","","","0.00","1.00","7.00","92.00","","","","","","","","","","","","","","","","","","","","","","","","1.50","2.80"
"RTD","River Terrace Deposits","RTD_3","Undefined","208","Silty gravelly CLAY","Soft light grey brown very silty CLAY with abundant sub-rounded to rounded fine to medium gravel of chalk, and sandstone, predominantly chalk and frequent fine roolets.","Alluvium","","","BH43","1.00","D","1","","","1.00","","","","24.00","","1.00","","","","54.00","34.00","20","20.00","","","","","","","","","","","","","","","","","","","","","","","","","","","","","","","","","","","","","0.75","1.17"
"RTD","River Terrace Deposits","RTD_3","Undefined","211","Silty sandy gravelly CLAY","Stiff extremely closely irregularly fissured grey mottled orange very silty locally fine sandy CLAY with trace rounded fine gravel of chalk (completely weathered in places) and trace rootlets.","Head Deposits","","","BH43","2.00","D","2","","","2.00","","","","17.00","","2.00","","","","55.00","40.00","15","15.00","","","","","","","","","","","","","","","","","","","","","","","","","","","","","","","","","","","","","1.17","2.45"
"RTD","River Terrace Deposits","RTD_1","Undefined","410","Clayey gravelly SAND","2) Greenish grey clayey gravelly fine to coarse SAND. Gravel is subangular to subrounded fine to medium locally coarse of flint and chalk. (TERRACE GRAVELS)","Terrace Deposits","","","TP392","0.50","LB","002","","","","","","","","","","","","","","","","","","","","","0.50","01","","","","","","","","","","","","","","","","","","","","","","","","","","","","","","","0.40","1.10"
"RTD","River Terrace Deposits","RTD_2","Undefined","220","Sandy gravelly CLAY","2) Firm light brown slightly sandy slightly gravelly CLAY. Gravel is angular to subrounded fine to medium locally coarse of flint and chalk. (ALLUVIUM)","Alluvium","","","TP326","0.30","D","001","","","0.30","01","","Natural","20.00","","0.30","01","","","52.00","35.00","17","17.00","100.00","","Unable to obtain repeatable plastic limit test results. Value recorded is outside the BS test limits.","BS1377: Part 2: 1990: Clause 4.3 and 5","","","","","","","","","","","","","","","","","","","","","","","","","","","","","","","","","0.30","0.50"
"RTD","River Terrace Deposits","RTD_2","Undefined","220","Sandy gravelly CLAY","2) Firm light brown slightly sandy slightly gravelly CLAY. Gravel is angular to subrounded fine to medium locally coarse of flint and chalk. (ALLUVIUM)","Alluvium","","","TP326","0.30","LB","002","","","","","","","","","","","","","","","","","","","","","0.30","01","","","","","","","","","","","","","","","","","","","","","","","","","","","","","","","0.30","0.50"
"RTD","River Terrace Deposits","RTD_1","Undefined","410","Clayey gravelly SAND","3) Greenish grey and grey locally speckled black locally clayey gravelly fine to coarse SAND with pockets of brown gravelly sand. Gravel is subangular to subrounded fine to medium of flint and chalk. (TERRACE GRAVELS)","Terrace Deposits","","","TP392C","1.10","D","003","","","1.10","01","","Wet sieve","18.00","","1.10","01","","","47.00","30.00","17","17.00","80.00","","","BS1377: Part 2: 1990: Clause 4.3 and 5","","","","","","","","","","","","","","","","","","","","","","","","","","","","","","","","","1.10","1.95"
"RTD","River Terrace Deposits","RTD_1","Undefined","410","Clayey gravelly SAND","3) Greenish grey and grey locally speckled black locally clayey gravelly fine to coarse SAND with pockets of brown gravelly sand. Gravel is subangular to subrounded fine to medium of flint and chalk. (TERRACE GRAVELS)","Terrace Deposits","","","TP392C","1.20","LB","004","","","","","","","","","","","","","","","","","","","","","1.20","01","","","","","","","","","","","","","","","","","","","","","","","","","","","","","","","1.10","1.95"
"RTD","River Terrace Deposits","Superficial Deposits","Undefined","220","Sandy gravelly CLAY","2) Firm brown and orangish brown slightly gravelly sandy CLAY. Gravel is subrounded fine to coarse of chalk and flint. (ALLUVIUM)","Alluvium","","","TP392C","0.50","D","001","","","0.50","01","","Wet sieve","15.00","","0.50","01","","","52.00","37.00","15","15.00","87.00","","","BS1377: Part 2: 1990: Clause 4.3 and 5","","","","","","","","","","","","","","","","","","","","","","","","","","","","","","","","","0.40","1.10"
"RTD","River Terrace Deposits","Superficial Deposits","Undefined","220","Sandy gravelly CLAY","2) Firm brown and orangish brown slightly gravelly sandy CLAY. Gravel is subrounded fine to coarse of chalk and flint. (ALLUVIUM)","Alluvium","","","TP392C","0.70","LB","002","","","","","","","","","","","","","","","","","","","","","0.70","01","","","","","","","","","","","","","","","","","","","","","","","","","","","","","","","0.40","1.10"
"RTD","River Terrace Deposits","RTD_1","Undefined","410","Clayey gravelly SAND","2) Light greenish grey locally orange brown slightly clayey locally clayey very gravelly fine to coarse SAND with occasional pockets (upto 300mm) of greyish green fine to coarse sand and some orange brown staining. Gravel is subangular to subrounded fine to coarse of chalk and flint. (TERRACE GRAVELS)","Terrace Deposits","","","TP324","0.50","D","001","","","0.50","01","","","11.00","","","","","","","","","","","","","","","","","","","","","","","","","","","","","","","","","","","","","","","","","","","","","","0.35","0.90"
"RTD","River Terrace Deposits","RTD_1","Undefined","410","Clayey gravelly SAND","2) Light greenish grey locally orange brown slightly clayey locally clayey very gravelly fine to coarse SAND with occasional pockets (upto 300mm) of greyish green fine to coarse sand and some orange brown staining. Gravel is subangular to subrounded fine to coarse of chalk and flint. (TERRACE GRAVELS)","Terrace Deposits","","","TP324","0.60","LB","002","","","","","","","","","","","","","","","","","","","","","0.60","01","","","","","","","","","","","","","","","","","","","","","","","","","","","","","","","0.35","0.90"
"RTD","River Terrace Deposits","RTD_1","Undefined","220","Sandy gravelly CLAY","2 & 3) Stiff locally very stiff brownish grey and orange brown slightly sandy slightly gravelly CLAY with occasional pockets (upto 600mm) of sandy very clayey angular to subrounded fine to coarse gravel of chalk and flint and occasional pockets (upto 300mm) of greenish brown fine to medium glauconitic sand. (ALLUVIUM) (2) & (TERRACE GRAVELS) (3)","Terrace Deposits","","","TP392F","0.50","D","001","","","0.50","01","","Wet sieve","18.00","","0.50","01","","","48.00","30.00","18","18.00","93.00","","","BS1377: Part 2: 1990: Clause 4.3 and 5","","","","","","","","","","","","","","","","","","","","","","","","","","","","","","","","","0.35","1.30"
"RTD","River Terrace Deposits","RTD_1","Undefined","220","Sandy gravelly CLAY","2 & 3) Stiff locally very stiff brownish grey and orange brown slightly sandy slightly gravelly CLAY with occasional pockets (upto 600mm) of sandy very clayey angular to subrounded fine to coarse gravel of chalk and flint and occasional pockets (upto 300mm) of greenish brown fine to medium glauconitic sand. (ALLUVIUM) (2) & (TERRACE GRAVELS) (3)","Terrace Deposits","","","TP392F","0.60","LB","002","","","","","","","","","","","","","","","","","","","","","0.60","01","","","","","","","","","","","","","","","","","","","","","","","","","","","","","","","0.35","1.30"
"RTD","River Terrace Deposits","Superficial Deposits","Undefined","220","Sandy gravelly CLAY","2) Firm to stiff light brown slightly sandy slightly gravelly CLAY with roots and some orangish brown staining. Gravel is subangular to subrounded fine to medium of chalk and flint. (ALLUVIUM)","Alluvium","","","TP392E","0.70","D","001","","","0.70","01","","Natural","22.00","","0.70","01","","","64.00","40.00","24","24.00","100.00","","","BS1377: Part 2: 1990: Clause 4.3 and 5","","","","","","","","","","","","","","","","","","","","","","","","","","","","","","","","","0.30","0.85"
"RTD","River Terrace Deposits","Superficial Deposits","Undefined","220","Sandy gravelly CLAY","2) Firm to stiff light brown slightly sandy slightly gravelly CLAY with roots and some orangish brown staining. Gravel is subangular to subrounded fine to medium of chalk and flint. (ALLUVIUM)","Alluvium","","","TP392E","0.80","LB","002","","","","","","","","","","","","","","","","","","","","","0.80","01","","","","","","","","","","","","","","","","","","","","","","","","","","","","","","","0.30","0.85"
"RTD","River Terrace Deposits","RTD_1","Undefined","509","Clayey sandy GRAVEL","3) Light greenish brown and grey clayey very sandy angular to rounded fine to coarse GRAVEL of chalk and flint with some pockets and lenses of greyish green slightly clayey gravelly fine to coarse glauconitic sand (upto 700mm). (TERRACE GRAVELS)","Terrace Deposits","","","TP392G","0.60","D","001","","","0.60","01","","","14.00","","","","","","","","","","","","","","","","","","","","","","","","","","","","","","","","","","","","","","","","","","","","","","0.60","1.25"
"RTD","River Terrace Deposits","RTD_1","Undefined","509","Clayey sandy GRAVEL","3) Light greenish brown and grey clayey very sandy angular to rounded fine to coarse GRAVEL of chalk and flint with some pockets and lenses of greyish green slightly clayey gravelly fine to coarse glauconitic sand (upto 700mm). (TERRACE GRAVELS)","Terrace Deposits","","","TP392G","0.80","LB","002","","","","","","","","","","","","","","","","","","","","","0.80","01","","","","","","","","","","","","","","","","","","","","","","","","","","","","","","","0.60","1.25"
"RTD","River Terrace Deposits","RTD_2","Undefined","101","TOPSOIL","Soft to firm brown slightly sandy gravelly CLAY. Gravel is subangular to subrounded fine to coarse of flint and chalk (TOPSOIL). (1)","","","","OS03","0.50","D","001","","","0.50","01","","Wet sieve","23.00","","0.50","01","","","34.00","18.00","16","16.00","46.00","","","","","","","","","","","","","","","","","","","","","","","","","","","","","","","","","","","","0.30","0.90"
"RTD","River Terrace Deposits","RTD_2","Undefined","404","Gravelly SAND","Grey locally orangish grey slightly clayey gravelly fine to coarse SAND. Gravel is subrounded occasionally subangular fine to medium occasionally coarse of flint and chalk (TERRACE GRAVELS). (2)","Terrace Deposits","","","OS03","1.50","D","003","","","1.50","01","","Wet sieve","26.00","","1.50","01","","","51.00","30.00","21","21.00","85.00","","","","","","","","","","","","","","","","","","","","","","","","","","","","","","","","","","","","0.90","1.89"
"RTD","River Terrace Deposits","RTD_1","Undefined","301","SILT","Greenish grey locally green very silty fine to coarse SAND and subangular to subrounded fine to coarse GRAVEL of flint and chalk (TERRACE GRAVELS) (3).","Terrace Deposits","","","TP308","0.50","D","001","","","0.50","01","","Wet sieve","17.00","","0.50","01","","","36.00","12.00","24","24.00","43.00","","","","","","","","","","","","","","","","","","","","","","","","","","","","","","","","","","","","0.37","2.20"
"RTD","River Terrace Deposits","RTD_1","Undefined","301","SILT","Greenish grey locally green very silty fine to coarse SAND and subangular to subrounded fine to coarse GRAVEL of flint and chalk (TERRACE GRAVELS) (3).","Terrace Deposits","","","TP308","0.50","LB","002","","","","","","","","","","","","","","","","","","","","","0.50","01","","","","","","","","","","","","","","","","","","","","","","","","","","","","","","","0.37","2.20"
"RTD","River Terrace Deposits","RTD_1","Undefined","301","SILT","Greenish grey locally green very silty fine to coarse SAND and subangular to subrounded fine to coarse GRAVEL of flint and chalk (TERRACE GRAVELS) (3).","Terrace Deposits","","","TP308","1.50","D","003","","","1.50","01","","Natural","26.00","","1.50","01","","","61.00","31.00","30","30.00","100.00","","","","","","","","","","","","","","","","","","","","","","","","","","","","","","","","","","","","0.37","2.20"
"RTD","River Terrace Deposits","RTD_1","Undefined","301","SILT","Greenish grey locally green very silty fine to coarse SAND and subangular to subrounded fine to coarse GRAVEL of flint and chalk (TERRACE GRAVELS) (3).","Terrace Deposits","","","TP308","1.50","LB","004","","","","","","","","","","","","","","","","","","","","","1.50","01","","","","","","","","","","","","","","","","","","","","","","","","","","","","","","","0.37","2.20"
"RTD","River Terrace Deposits","RTD_1","Undefined","404","Gravelly SAND","Greenish grey slightly clayey very gravelly fine to coarse SAND. Gravel is subangular to subrounded fine to coarse of flint and chalk (TERRACE GRAVELS) (2).","Terrace Deposits","","","TP306","0.50","D","001","","","0.50","01","","Wet sieve","18.00","","0.50","01","","","33.00","15.00","18","18.00","36.00","","","","","","","","","","","","","","","","","","","","","","","","","","","","","","","","","","","","0.45","1.35"
"RTD","River Terrace Deposits","RTD_1","Undefined","404","Gravelly SAND","Greenish grey slightly clayey very gravelly fine to coarse SAND. Gravel is subangular to subrounded fine to coarse of flint and chalk (TERRACE GRAVELS) (2).","Terrace Deposits","","","TP306","0.50","LB","002","","","","","","","","","","","","","","","","","","","","","0.50","01","","","","","","","","","","","","","","","","","","","","","","","","","","","","","","","0.45","1.35"
"RTD","River Terrace Deposits","RTD_1","Undefined","404","Gravelly SAND","Light greenish grey locally green clayey gravelly fine to coarse SAND. Gravel is subangular to subrounded fine to medium occasionally coarse of flint and chalk (TERRACE GRAVELS) (3).","Head","","","TP302","1.50","D","003","","","1.50","01","","Wet sieve","15.00","","1.50","01","","","35.00","13.00","22","22.00","48.00","","","","","","","","","","","","","","","","","","","","","","","","","","","","","","","","","","","","0.60","1.60"
"RTD","River Terrace Deposits","RTD_1","Undefined","404","Gravelly SAND","Light greenish grey locally green clayey gravelly fine to coarse SAND. Gravel is subangular to subrounded fine to medium occasionally coarse of flint and chalk (TERRACE GRAVELS) (3).","Head","","","TP302","1.50","LB","004","","","","","","","","","","","","","","","","","","","","","1.50","01","","","","","","","","","","","","","","","","","","","","","","","","","","","","","","","0.60","1.60"
"RTD","River Terrace Deposits","RTD_1","Undefined","203","Sandy CLAY","Firm light orange mottled orangish brown sandy CLAY with occasional subangular to subrounded fine to medium occasionally coarse gravel of flint. (ALLUVIUM). (2)","Terrace Deposits","","","TP303","0.50","D","001","","","0.50","01","","Natural","23.00","","0.50","01","","","49.00","28.00","21","21.00","96.00","","","","","","","","","","","","","","","","","","","","","","","","","","","","","","","","","","","","0.28","0.67"
"RTD","River Terrace Deposits","RTD_1","Undefined","404","Gravelly SAND","Light yellowish grey very clayey gravelly fine to coarse SAND. Gravel subangular to rounded fine to medium of flint and chalk (TERRACE GRAVELS). (3)","Terrace Deposits","","","TP305","0.50","D","001","","","0.50","01","","Wet sieve","23.00","","0.50","01","","","49.00","23.00","26","26.00","93.00","","","","","","","","","","","","","","","","","","","","","","","","","","","","","","","","","","","","0.50","1.35"
"RTD","River Terrace Deposits","RTD_1","Undefined","404","Gravelly SAND","Light yellowish grey very clayey gravelly fine to coarse SAND. Gravel subangular to rounded fine to medium of flint and chalk (TERRACE GRAVELS). (3)","Terrace Deposits","","","TP305","0.50","LB","002","","","","","","","","","","","","","","","","","","","","","0.50","01","","","","","","","","","","","","","","","","","","","","","","","","","","","","","","","0.50","1.35"
"RTD","River Terrace Deposits","RTD_2","Undefined","220","Sandy gravelly CLAY","Firm locally firm to stiff fissured thinly laminated greyish brown slightly gravelly sandy CLAY. Gravel is subangular to subrounded fine to medium of flint. Fissures are extremely closely spaced randomly orientated occasionally polished (ALLUVIUM). (2)","River Terrace Deposits","","","TP304","0.50","D","001","","","0.50","01","","Natural","27.00","","0.50","01","","","62.00","39.00","23","23.00","97.00","","","","","","","","","","","","","","","","","","","","","","","","","","","","","","","","","","","","0.29","0.95"
"RTD","River Terrace Deposits","RTD_2","Undefined","220","Sandy gravelly CLAY","Firm locally firm to stiff fissured thinly laminated greyish brown slightly gravelly sandy CLAY. Gravel is subangular to subrounded fine to medium of flint. Fissures are extremely closely spaced randomly orientated occasionally polished (ALLUVIUM). (2)","River Terrace Deposits","","","TP304","0.50","LB","002","","","","","","","","","","","","","","","","","","","","","0.50","01","","","","","","","","","","","","","","","","","","","","","","","","","","","","","","","0.29","0.95"
"RTD","River Terrace Deposits","RTD_1","Undefined","220","Sandy gravelly CLAY","Soft to firm orangish brown and brown slightly sandy slightly gravelly CLAY. Gravel is subangular to subrounded fine to coarse of chalk and flint (ALLUVIUM) (2)","Alluvium","","","TP313","0.50","D","003","","","0.50","01","","Natural","19.00","","0.50","01","","","46.00","28.00","18","18.00","100.00","","","","","","","","","","","","","","","","","","","","","","","","","","","","","","","","","","","","0.30","0.80"
"RTD","River Terrace Deposits","RTD_1","Undefined","220","Sandy gravelly CLAY","Soft to firm orangish brown and brown slightly sandy slightly gravelly CLAY. Gravel is subangular to subrounded fine to coarse of chalk and flint (ALLUVIUM) (2)","Alluvium","","","TP313","0.50","LB","004","","","","","","","","","","","","","","","","","","","","","0.50","01","","","","","","","","","","","","","","","","","","","","","","","","","","","","","","","0.30","0.80"
"RTD","River Terrace Deposits","RTD_1","Undefined","404","Gravelly SAND","Greenish grey clayey very gravelly fine to coarse SAND. Gravel is subangular to subrounded fine to medium of chalk and flint (TERRACE GRAVELS). (3)","Terrace Deposits","","","TP316","0.50","D","001","","","0.50","01","","Wet sieve","33.00","","0.50","01","","","39.00","19.00","20","20.00","57.00","","","","","","","","","","","","","","","","","","","","","","","","","","","","","","","","","","","","0.48","0.95"
"RTD","River Terrace Deposits","RTD_1","Undefined","404","Gravelly SAND","Greenish grey clayey very gravelly fine to coarse SAND. Gravel is subangular to subrounded fine to medium of chalk and flint (TERRACE GRAVELS). (3)","Terrace Deposits","","","TP316","0.50","LB","002","","","","","","","","","","","","","","","","","","","","","0.50","01","","","","","","","","","","","","","","","","","","","","","","","","","","","","","","","0.48","0.95"
"RTD","River Terrace Deposits","RTD_1","Undefined","220","Sandy gravelly CLAY","Firm light brown slightly gravelly sandy CLAY. Gravel is subangular to subrounded fine to medium occasionally coarse of flint and chalk. (ALLUVIUM) (2).","Alluvium","","","TP318","0.50","D","001","","","0.50","01","","Natural","17.00","","0.50","01","","","50.00","31.00","19","19.00","96.00","","","","","","","","","","","","","","","","","","","","","","","","","","","","","","","","","","","","0.25","0.60"
"RTD","River Terrace Deposits","RTD_1","Undefined","220","Sandy gravelly CLAY","Firm light brown slightly gravelly sandy CLAY. Gravel is subangular to subrounded fine to medium occasionally coarse of flint and chalk. (ALLUVIUM) (2).","Alluvium","","","TP318","0.50","LB","002","","","","","","","","","","","","","","","","","","","","","0.50","01","","","","","","","","","","","","","","","","","","","","","","","","","","","","","","","0.25","0.60"
"RTD","River Terrace Deposits","RTD_2","Undefined","318","Sandy organic SILT","Greenish grey silty very sandy subangular to subrounded fine to medium of GRAVEL flint and chalk. Sand is fine to coarse (TERRACE GRAVELS) (3)","Terrace Deposits","","","TP336","0.50","D","001","","","0.50","01","","Wet sieve","14.00","","0.50","01","","","42.00","23.00","19","19.00","58.00","","","","","","","","","","","","","","","","","","","","","","","","","","","","","","","","","","","","0.41","2.20"
"RTD","River Terrace Deposits","RTD_2","Undefined","318","Sandy organic SILT","Greenish grey silty very sandy subangular to subrounded fine to medium of GRAVEL flint and chalk. Sand is fine to coarse (TERRACE GRAVELS) (3)","Terrace Deposits","","","TP336","0.50","LB","002","","","","","","","","","","","","","","","","","","","","","0.50","01","","","","","","","","","","","","","","","","","","","","","","","","","","","","","","","0.41","2.20"
"RTD","River Terrace Deposits","RTD_2","Undefined","318","Sandy organic SILT","Greenish grey silty very sandy subangular to subrounded fine to medium of GRAVEL flint and chalk. Sand is fine to coarse (TERRACE GRAVELS) (3)","Terrace Deposits","","","TP336","1.50","D","003","","","1.50","01","","Wet sieve","21.00","","1.50","01","","","29.00","10.00","19","19.00","49.00","","","","","","","","","","","","","","","","","","","","","","","","","","","","","","","","","","","","0.41","2.20"
"RTD","River Terrace Deposits","RTD_2","Undefined","318","Sandy organic SILT","Greenish grey silty very sandy subangular to subrounded fine to medium of GRAVEL flint and chalk. Sand is fine to coarse (TERRACE GRAVELS) (3)","Terrace Deposits","","","TP336","1.50","LB","004","","","","","","","","","","","","","","","","","","","","","1.50","01","","","","","","","","","","","","","","","","","","","","","","","","","","","","","","","0.41","2.20"
"RTD","River Terrace Deposits","RTD_1","Undefined","404","Gravelly SAND","Light grey locally greenish grey clayey gravelly fine to coarse SAND. Gravel is subangular to subrounded fine to medium occasionally coarse of chalk and flint (TERRACE GRAVELS). (3)","Terrace Deposits","","","TP317","0.50","D","001","","","0.50","01","","Wet sieve","29.00","","0.50","01","","","50.00","32.00","18","18.00","64.00","","","","","","","","","","","","","","","","","","","","","","","","","","","","","","","","","","","","0.41","0.80"
"RTD","River Terrace Deposits","RTD_1","Undefined","404","Gravelly SAND","Light grey locally greenish grey clayey gravelly fine to coarse SAND. Gravel is subangular to subrounded fine to medium occasionally coarse of chalk and flint (TERRACE GRAVELS). (3)","Terrace Deposits","","","TP317","0.50","LB","002","","","","","","","","","","","","","","","","","","","","","0.50","01","","","","","","","","","","","","","","","","","","","","","","","","","","","","","","","0.41","0.80"
"RTD","River Terrace Deposits","RTD_1","Undefined","220","Sandy gravelly CLAY","Stiff orangish brown slightly sandy slightly gravelly CLAY with some rootlets. Gravel is subrounded medium to coarse of flint (TERRACE GRAVELS) (2).","Terrace Deposits","","","TP332","0.50","D","001","","","0.50","01","","Natural","21.00","","0.50","01","","","65.00","43.00","22","22.00","100.00","","","","","","","","","","","","","","","","","","","","","","","","","","","","","","","","","","","","0.26","0.55"
"RTD","River Terrace Deposits","RTD_1","Undefined","220","Sandy gravelly CLAY","Firm grey slightly gravelly sandy CLAY. Gravel is subangular to subrounded fine to coarse of flint and chalk (HEAD DEPOSIT). (3)","Terrace Deposits","","","TP315","0.50","D","001","","","0.50","01","","Wet sieve","22.00","","0.50","01","","","43.00","24.00","19","19.00","69.00","","","","","","","","","","","","","","","","","","","","","","","","","","","","","","","","","","","","0.50","1.45"
"RTD","River Terrace Deposits","RTD_1","Undefined","220","Sandy gravelly CLAY","Firm grey slightly gravelly sandy CLAY. Gravel is subangular to subrounded fine to coarse of flint and chalk (HEAD DEPOSIT). (3)","Terrace Deposits","","","TP315","0.50","LB","002","","","","","","","","","","","","","","","","","","","","","0.50","01","","","","","","","","","","","","","","","","","","","","","","","","","","","","","","","0.50","1.45"
"RTD","River Terrace Deposits","RTD_1","Undefined","220","Sandy gravelly CLAY","Soft to firm light brown slightly sandy slightly gravelly CLAY. Gravel is subrounded fine to medium of flint and chalk. (ALLUVIUM) (2)","Terrace Deposits","","","TP314","0.50","D","001","","","0.50","01","","Wet sieve","13.00","","0.50","01","","","45.00","27.00","18","18.00","77.00","","","","","","","","","","","","","","","","","","","","","","","","","","","","","","","","","","","","0.37","1.07"
"RTD","River Terrace Deposits","RTD_1","Undefined","220","Sandy gravelly CLAY","Soft to firm light brown slightly sandy slightly gravelly CLAY. Gravel is subrounded fine to medium of flint and chalk. (ALLUVIUM) (2)","Terrace Deposits","","","TP314","0.50","LB","002","","","","","","","","","","","","","","","","","","","","","0.50","01","","","","","","","","","","","","","","","","","","","","","","","","","","","","","","","0.37","1.07"
"RTD","River Terrace Deposits","RTD_1","Undefined","404","Gravelly SAND","Light greenish grey very clayey very gravelly SAND. Gravel is subangular to subrounded fine to coarse of flint and chalk (TERRACE GRAVELS). (3)","Terrace Deposits","","","TP314","1.50","D","003","","","1.50","01","","Wet sieve","21.00","","1.50","01","","","35.00","20.00","15","15.00","51.00","","","","","","","","","","","","","","","","","","","","","","","","","","","","","","","","","","","","1.07","1.97"
"RTD","River Terrace Deposits","RTD_1","Undefined","404","Gravelly SAND","Light greenish grey very clayey very gravelly SAND. Gravel is subangular to subrounded fine to coarse of flint and chalk (TERRACE GRAVELS). (3)","Terrace Deposits","","","TP314","1.50","LB","004","","","","","","","","","","","","","","","","","","","","","1.50","01","","","","","","","","","","","","","","","","","","","","","","","","","","","","","","","1.07","1.97"
"RTD","River Terrace Deposits","RTD_2","Undefined","803","SANDSTONE","Greenish grey locally orangish grey silty gravelly fine to coarse SAND. Gravel is subrounded to rounded generally tabular fine to coarse of flint and calcareous sandstone. (TERRACE GRAVELS) (2)","Terrace Deposits","","","TP334","0.50","D","001","","","0.50","01","","Wet sieve","14.00","","0.50","01","","","27.00","11.00","16","16.00","49.00","","","","","","","","","","","","","","","","","","","","","","","","","","","","","","","","","","","","0.35","1.30"
"RTD","River Terrace Deposits","RTD_2","Undefined","803","SANDSTONE","Greenish grey locally orangish grey silty gravelly fine to coarse SAND. Gravel is subrounded to rounded generally tabular fine to coarse of flint and calcareous sandstone. (TERRACE GRAVELS) (2)","Terrace Deposits","","","TP334","0.50","LB","002","","","","","","","","","","","","","","","","","","","","","0.50","01","","","","","","","","","","","","","","","","","","","","","","","","","","","","","","","0.35","1.30"
"RTD","River Terrace Deposits","RTD_2","Undefined","803","SANDSTONE","Grey and white silty fine to coarse SAND and subrounded to rounded generally tabular fine to coarse GRAVEL of flint and calcareous sandstone. (TERRACE GRAVELS) (3)","Terrace Deposits","","","TP334","1.50","D","003","","","1.50","01","","Wet sieve","15.00","","1.50","01","","","27.00","11.00","16","16.00","43.00","","","","","","","","","","","","","","","","","","","","","","","","","","","","","","","","","","","","1.30","1.80"
"RTD","River Terrace Deposits","RTD_2","Undefined","803","SANDSTONE","Grey and white silty fine to coarse SAND and subrounded to rounded generally tabular fine to coarse GRAVEL of flint and calcareous sandstone. (TERRACE GRAVELS) (3)","Terrace Deposits","","","TP334","1.50","LB","004","","","","","","","","","","","","","","","","","","","","","1.50","01","","","","","","","","","","","","","","","","","","","","","","","","","","","","","","","1.30","1.80"
"RTD","River Terrace Deposits","RTD_3","Undefined","318","Sandy organic SILT","Light greenish grey and orangish grey silty very sandy subrounded to rounded fine to coarse GRAVEL of flint and chalk (TERRACE GRAVELS) (2).","Terrace Deposits","","","TP330","0.50","D","001","","","0.50","01","","Wet sieve","14.00","","0.50","01","","","35.00","12.00","23","23.00","72.00","","","","","","","","","","","","","","","","","","","","","","","","","","","","","","","","","","","","0.30","1.75"
"RTD","River Terrace Deposits","RTD_3","Undefined","318","Sandy organic SILT","Light greenish grey and orangish grey silty very sandy subrounded to rounded fine to coarse GRAVEL of flint and chalk (TERRACE GRAVELS) (2).","Terrace Deposits","","","TP330","0.50","LB","002","","","","","","","","","","","","","","","","","","","","","0.50","01","","","","","","","","","","","","","","","","","","","","","","","","","","","","","","","0.30","1.75"
"RTD","River Terrace Deposits","RTD_3","Undefined","318","Sandy organic SILT","Light greenish grey and orangish grey silty very sandy subrounded to rounded fine to coarse GRAVEL of flint and chalk (TERRACE GRAVELS) (2).","Terrace Deposits","","","TP330","1.50","D","003","","","1.50","01","","Wet sieve","16.00","","1.50","01","","","37.00","19.00","18","18.00","41.00","","","","","","","","","","","","","","","","","","","","","","","","","","","","","","","","","","","","0.30","1.75"
"RTD","River Terrace Deposits","RTD_3","Undefined","318","Sandy organic SILT","Light greenish grey and orangish grey silty very sandy subrounded to rounded fine to coarse GRAVEL of flint and chalk (TERRACE GRAVELS) (2).","Terrace Deposits","","","TP330","1.50","LB","004","","","","","","","","","","","","","","","","","","","","","1.50","01","","","","","","","","","","","","","","","","","","","","","","","","","","","","","","","0.30","1.75"
"RTD","River Terrace Deposits","RTD_1","Undefined","401","SAND","Light greenish grey locally green locally orange clayey fine to coarse SAND and subangular to subrounded fine to medium GRAVEL of flint and chalk. (TERRACE GRAVELS) (3).","Terrace Deposits","","","TP394","0.50","D","001","","","0.50","01","","Wet sieve","15.00","","0.50","01","","","35.00","16.00","19","19.00","68.00","","","","","","","","","","","","","","","","","","","","","","","","","","","","","","","","","","","","0.40","1.20"
"RTD","River Terrace Deposits","RTD_1","Undefined","401","SAND","Light greenish grey locally green locally orange clayey fine to coarse SAND and subangular to subrounded fine to medium GRAVEL of flint and chalk. (TERRACE GRAVELS) (3).","Terrace Deposits","","","TP394","0.50","LB","002","","","","","","","","","","","","","","","","","","","","","0.50","01","","","","","","","","","","","","","","","","","","","","","","","","","","","","","","","0.40","1.20"
"RTD","River Terrace Deposits","RTD_1","Undefined","203","Sandy CLAY","Soft to firm brown slightly sandy CLAY with occasional rootlets (ALLUVIUM) (2)","Terrace Deposits","","","TP395","0.20","D","002","","","0.20","01","","","35.00","","","","","","","","","","","","","","","","","","","","","","","","","","","","","","","","","","","","","","","","","","","","","","0.20","0.40"
"RTD","River Terrace Deposits","RTD_1","Undefined","203","Sandy CLAY","Soft to firm brown slightly sandy CLAY with occasional rootlets (ALLUVIUM) (2)","Terrace Deposits","","","TP395","0.30","D","003","","","0.30","01","","","33.00","","","","","","","","","","","","","","","","","","","","","","","","","","","","","","","","","","","","","","","","","","","","","","0.20","0.40"
"RTD","River Terrace Deposits","RTD_1","Undefined","220","Sandy gravelly CLAY","Firm to stiff light grey mottled brown and orangish brown slightly sandy slightly gravelly CLAY. Gravel is subangular to subrounded fine to coarse of flint and chalk (HEAD DEPOSITS) (3)","Terrace Deposits","","","TP395","0.40","D","004","","","0.40","01","","","31.00","","","","","","","","","","","","","","","","","","","","","","","","","","","","","","","","","","","","","","","","","","","","","","0.40","1.30"
"RTD","River Terrace Deposits","RTD_1","Undefined","220","Sandy gravelly CLAY","Firm to stiff light grey mottled brown and orangish brown slightly sandy slightly gravelly CLAY. Gravel is subangular to subrounded fine to coarse of flint and chalk (HEAD DEPOSITS) (3)","Terrace Deposits","","","TP395","0.40","D","004","","","0.50","01","","","21.00","","","","","","","","","","","","","","","","","","","","","","","","","","","","","","","","","","","","","","","","","","","","","","0.40","1.30"
"RTD","River Terrace Deposits","RTD_1","Undefined","220","Sandy gravelly CLAY","Firm to stiff light grey mottled brown and orangish brown slightly sandy slightly gravelly CLAY. Gravel is subangular to subrounded fine to coarse of flint and chalk (HEAD DEPOSITS) (3)","Terrace Deposits","","","TP395","0.50","D","005","","","0.50","01","","","21.00","","","","","","","","","","","","","","","","","","","","","","","","","","","","","","","","","","","","","","","","","","","","","","0.40","1.30"
"RTD","River Terrace Deposits","RTD_1","Undefined","220","Sandy gravelly CLAY","Firm to stiff light grey mottled brown and orangish brown slightly sandy slightly gravelly CLAY. Gravel is subangular to subrounded fine to coarse of flint and chalk (HEAD DEPOSITS) (3)","Terrace Deposits","","","TP395","0.50","D","008","","0.70","0.50","01","","Natural","31.00","","0.50","01","","","64.00","40.00","24","24.00","100.00","","","","","","","","","","","","","","","","","","","","","","","","","","","","","","","","","","","","0.40","1.30"
"RTD","River Terrace Deposits","RTD_1","Undefined","220","Sandy gravelly CLAY","Firm to stiff light grey mottled brown and orangish brown slightly sandy slightly gravelly CLAY. Gravel is subangular to subrounded fine to coarse of flint and chalk (HEAD DEPOSITS) (3)","Terrace Deposits","","","TP395","0.50","LB","007","","","","","","","","","","","","","","","","","","","","","0.50","01","","","","","","","","","","","","","","","","","","","","","","","","","","","","","","","0.40","1.30"
"RTD","River Terrace Deposits","RTD_1","Undefined","220","Sandy gravelly CLAY","Firm to stiff light grey mottled brown and orangish brown slightly sandy slightly gravelly CLAY. Gravel is subangular to subrounded fine to coarse of flint and chalk (HEAD DEPOSITS) (3)","Terrace Deposits","","","TP395","0.60","D","009","","","0.60","01","","","30.00","","","","","","","","","","","","","","","","","","","","","","","","","","","","","","","","","","","","","","","","","","","","","","0.40","1.30"
"RTD","River Terrace Deposits","RTD_1","Undefined","220","Sandy gravelly CLAY","Firm to stiff light grey mottled brown and orangish brown slightly sandy slightly gravelly CLAY. Gravel is subangular to subrounded fine to coarse of flint and chalk (HEAD DEPOSITS) (3)","Terrace Deposits","","","TP395","0.70","D","010","","","0.70","01","","","30.00","","","","","","","","","","","","","","","","","","","","","","","","","","","","","","","","","","","","","","","","","","","","","","0.40","1.30"
"RTD","River Terrace Deposits","RTD_1","Undefined","220","Sandy gravelly CLAY","Firm to stiff light grey mottled brown and orangish brown slightly sandy slightly gravelly CLAY. Gravel is subangular to subrounded fine to coarse of flint and chalk (HEAD DEPOSITS) (3)","Terrace Deposits","","","TP395","0.80","D","011","","","0.80","01","","","47.00","","","","","","","","","","","","","","","","","","","","","","","","","","","","","","","","","","","","","","","","","","","","","","0.40","1.30"
"RTD","River Terrace Deposits","RTD_1","Undefined","220","Sandy gravelly CLAY","Firm to stiff light grey mottled brown and orangish brown slightly sandy slightly gravelly CLAY. Gravel is subangular to subrounded fine to coarse of flint and chalk (HEAD DEPOSITS) (3)","Terrace Deposits","","","TP395","0.90","D","012","","","0.90","01","","","20.00","","","","","","","","","","","","","","","","","","","","","","","","","","","","","","","","","","","","","","","","","","","","","","0.40","1.30"
"RTD","River Terrace Deposits","RTD_1","Undefined","220","Sandy gravelly CLAY","Firm to stiff light grey mottled brown and orangish brown slightly sandy slightly gravelly CLAY. Gravel is subangular to subrounded fine to coarse of flint and chalk (HEAD DEPOSITS) (3)","Terrace Deposits","","","TP395","1.00","D","013","","","1.00","01","","","26.00","","","","","","","","","","","","","","","","","","","","","","","","","","","","","","","","","","","","","","","","","","","","","","0.40","1.30"
"RTD","River Terrace Deposits","RTD_1","Undefined","220","Sandy gravelly CLAY","Firm to stiff light grey mottled brown and orangish brown slightly sandy slightly gravelly CLAY. Gravel is subangular to subrounded fine to coarse of flint and chalk (HEAD DEPOSITS) (3)","Terrace Deposits","","","TP395","1.10","D","014","","","1.10","01","","","33.00","","","","","","","","","","","","","","","","","","","","","","","","","","","","","","","","","","","","","","","","","","","","","","0.40","1.30"
"RTD","River Terrace Deposits","RTD_1","Undefined","220","Sandy gravelly CLAY","Firm to stiff light grey mottled brown and orangish brown slightly sandy slightly gravelly CLAY. Gravel is subangular to subrounded fine to coarse of flint and chalk (HEAD DEPOSITS) (3)","Terrace Deposits","","","TP395","1.20","D","015","","","1.20","01","","","38.00","","","","","","","","","","","","","","","","","","","","","","","","","","","","","","","","","","","","","","","","","","","","","","0.40","1.30"
"RTD","River Terrace Deposits","RTD_3","Undefined","318","Sandy organic SILT","Light greenish grey silty sandy subrounded fine to coarse GRAVEL of flint and chalk. (TERRACE GRAVELS) (3)","Terrace Deposits","","","TP342","1.50","D","003","","","1.50","01","","Wet sieve","21.00","","1.50","01","","","34.00","15.00","19","19.00","55.00","","","","","","","","","","","","","","","","","","","","","","","","","","","","","","","","","","","","1.23","1.51"
"RTD","River Terrace Deposits","RTD_3","Undefined","318","Sandy organic SILT","Light greenish grey silty sandy subrounded fine to coarse GRAVEL of flint and chalk. (TERRACE GRAVELS) (3)","Terrace Deposits","","","TP342","1.50","LB","004","","","","","","","","","","","","","","","","","","","","","1.50","01","","","","","","","","","","","","","","","","","","","","","","","","","","","","","","","1.23","1.51"
"RTD","River Terrace Deposits","RTD_3","Undefined","318","Sandy organic SILT","Light yellowish grey and greenish grey silty very sandy subangular to subrounded fine to coarse GRAVEL of flint and chalk. Sand is fine to coarse (TERRACE GRAVELS) (2)","Terrace Deposits","","","TP342","0.50","D","001","","","0.50","01","","Wet sieve","18.00","","0.50","01","","","34.00","15.00","19","19.00","34.00","","","","","","","","","","","","","","","","","","","","","","","","","","","","","","","","","","","","0.31","1.23"
"RTD","River Terrace Deposits","RTD_3","Undefined","318","Sandy organic SILT","Light yellowish grey and greenish grey silty very sandy subangular to subrounded fine to coarse GRAVEL of flint and chalk. Sand is fine to coarse (TERRACE GRAVELS) (2)","Terrace Deposits","","","TP342","0.50","LB","002","","","","","","","","","","","","","","","","","","","","","0.50","01","","","","","","","","","","","","","","","","","","","","","","","","","","","","","","","0.31","1.23"
"RTD","River Terrace Deposits","RTD_1","Undefined","220","Sandy gravelly CLAY","Firm brown and orangish brown slightly gravelly sandy CLAY. Gravel is subangular fine to medium of flint and chalk (HEAD DEPOSITS) (4)","","","","TP372","1.50","D","005","","","1.50","01","","Natural","25.00","","1.50","01","","","44.00","26.00","18","18.00","99.00","","","","","","","","","","","","","","","","","","","","","","","","","","","","","","","","","","","","1.00","2.30"
"RTD","River Terrace Deposits","RTD_1","Undefined","220","Sandy gravelly CLAY","Firm brown and orangish brown slightly gravelly sandy CLAY. Gravel is subangular fine to medium of flint and chalk (HEAD DEPOSITS) (4)","","","","TP372","1.50","LB","006","","","","","","","","","","","","","","","","","","","","","1.50","01","","","","","","","","","","","","","","","","","","","","","","","","","","","","","","","1.00","2.30"
"RTD","River Terrace Deposits","RTD_1","Undefined","220","Sandy gravelly CLAY","Soft to firm brown slightly sandy slightly gravelly CLAY. Gravel is subangular fine to coarse of flint and chalk (ALLUVIUM) (2)","","","","TP372","0.50","D","003","","","0.50","01","","Wet sieve","22.00","","0.50","01","","","53.00","35.00","18","18.00","90.00","","","","","","","","","","","","","","","","","","","","","","","","","","","","","","","","","","","","0.20","0.70"
"RTD","River Terrace Deposits","RTD_2","Undefined","220","Sandy gravelly CLAY","Firm brown slightly sandy gravelly CLAY. Gravel is subangular to subrounded fine to coarse of flint and chalk (ALLUVIUM). (2)","Alluvium","","","TP338","0.50","D","001","","","0.50","01","","Wet sieve","14.00","","0.50","01","","","36.00","17.00","19","19.00","81.00","","","","","","","","","","","","","","","","","","","","","","","","","","","","","","","","","","","","0.25","0.62"
"RTD","River Terrace Deposits","RTD_2","Undefined","404","Gravelly SAND","Greenish grey locally dark greenish grey clayey gravelly fine to coarse SAND. Gravel is subangular to subrounded fine to coarse of flint and chalk with occasional cobbles of flint (TERRACE GRAVELS). (3)","Terrace Deposits","","","TP338","1.50","D","003","","","1.50","01","","Wet sieve","14.00","","1.50","01","","","34.00","16.00","18","18.00","44.00","","","","","","","","","","","","","","","","","","","","","","","","","","","","","","","","","","","","0.62","2.00"
"RTD","River Terrace Deposits","RTD_2","Undefined","404","Gravelly SAND","Greenish grey locally dark greenish grey clayey gravelly fine to coarse SAND. Gravel is subangular to subrounded fine to coarse of flint and chalk with occasional cobbles of flint (TERRACE GRAVELS). (3)","Terrace Deposits","","","TP338","1.50","LB","004","","","","","","","","","","","","","","","","","","","","","1.50","01","","","","","","","","","","","","","","","","","","","","","","","","","","","","","","","0.62","2.00"
"RTD","River Terrace Deposits","RTD_1","Undefined","220","Sandy gravelly CLAY","Firm light brown slightly sandy slightly gravelly CLAY. Gravel is subangular to subrounded fine to medium occasionally coarse of flint and occasionally chalk (ALLUVIUM) (2).","Terrace Deposits","","","TP339","0.50","D","001","","","0.50","01","","Wet sieve","18.00","","0.50","01","","","57.00","37.00","20","20.00","90.00","","","","","","","","","","","","","","","","","","","","","","","","","","","","","","","","","","","","0.31","0.70"
"RTD","River Terrace Deposits","RTD_2","Undefined","220","Sandy gravelly CLAY","Firm brown slightly gravelly sandy CLAY. Gravel is subangular to subrounded fine to medium occasionally coarse of flint and chalk. (ALLUVIUM) (2).","RTD","","","TP390","0.50","D","001","","","0.50","01","","Wet sieve","25.00","","0.50","01","","","61.00","41.00","20","20.00","92.00","","","","","","","","","","","","","","","","","","","","","","","","","","","","","","","","","","","","0.40","0.80"
"RTD","River Terrace Deposits","RTD_2","Undefined","303","Sandy SILT","Very soft to soft light grey speckled black sandy SILT. Sand is fine to coarse.","ALLUVIUM","","","BH406","1.25","D","","#7204972173640001","1.55","1.25","","","","21.00","","","","","","","","","","","","","","","","","","","","","","","","","","","","","","","","","","","","","","","","","","","","","","1.25","1.55"
"RTD","River Terrace Deposits","RTD_2","Undefined","502","Clayey GRAVEL","Greenish grey slightly sandy very clayey angular to subangular fine to coarse GRAVEL of flint. Sand is fine to coarse.","ALLUVIUM","","","BH406","0.50","B","","","0.60","","","","","","","","","","","","","","","","","","","0.50","","","","","14.00","9.00","22.00","55.00","0.00","23.10","","","","","","","","","","","","","","","","","","","","","","0.45","1.15"
"RTD","River Terrace Deposits","RTD_2","Undefined","220","Sandy gravelly CLAY","Firm light greenish greyish brown sandy slightly gravelly CLAY. Gravel is subangular to subrounded fine to medium of flint and chalk. Sand is fine to coarse.","ALLUVIUM","","","BH407","0.60","B","5","","","","","","","","","","","","","","","","","","","","","0.60","","","","","31.00","9.00","31.00","29.00","0.00","40.40","","","","","","","","","","","","","","","","","","","","","","0.20","1.35"
"RTD","River Terrace Deposits","RTD_2","Undefined","504","Sandy GRAVEL","Medium dense light greenish grey sandy subangular fine to medium GRAVEL of mixed lithologies. Sand is fine to coarse.","RIVER TERRACE DEPOSITS","","","BH407","1.80","B","13","","","","","","","","","","","","","","","","","","","","","1.80","","","","","0.00","11.00","21.00","68.00","0.00","11.00","","","","","","","","","","","","","","","","","","","","","","1.50","2.50"
"RTD","River Terrace Deposits","RTD_2","Undefined","403","Silty SAND","Dark grey mottled brown slightly gravelly silty fine to coarse SAND. Gravels are subrounded fine of weak sandstone.","ALLUVIUM","","","BH401","1.70","D","15","","1.80","1.70","","","","13.00","","","","","","","","","","","","","","","","","","","","","","","","","","","","","","","","","","","","","","","","","","","","","","1.70","2.80"
"RTD","River Terrace Deposits","RTD_2","Undefined","403","Silty SAND","Dark grey mottled brown slightly gravelly silty fine to coarse SAND. Gravels are subrounded fine of weak sandstone.","ALLUVIUM","","","BH401","1.80","B","18","","","","","","","","","","","","","","","","","","","","","1.80","","","","","0.00","19.00","66.00","15.00","0.00","19.50","","","","","","","","","","","","","","","","","","","","","","1.70","2.80"
"RTD","River Terrace Deposits","RTD_3","Undefined","504","Sandy GRAVEL","Greenish grey subangular to subrounded fine to coarse sandy GRAVEL of mixed lithologies. Sand is fine to coarse.","RIVER TERRACE DEPOSITS","","","BH408","1.00","B","34","","","","","","","","","","","","","","","","","","","","","1.00","","","","","0.00","15.00","21.00","64.00","0.00","15.10","","","","","","","","","","","","","","","","","","","","","","0.60","1.70"
"RTD","River Terrace Deposits","RTD_3","Undefined","220","Sandy gravelly CLAY","Very soft to soft dark greenish brown sandy gravelly CLAY. Gravel is subangular fine to medium of chalk flint and occasionally sandstone. Sand is fine to coarse.","","","","BH414","0.35","D","2","","","0.35","","","","20.00","","0.35","","","","50.00","32.00","18","18.00","80.00","","","","","","","","","","","","","","","","","","","","","","","","","","","","","","","","","","","","0.35","1.00"
"RTD","River Terrace Deposits","RTD_3","Undefined","509","Clayey sandy GRAVEL","Very loose to loose greenish greyish brown slightly clayey sandy subangular to subrounded fine to coarse GRAVEL of flint and chalk. Sand is fine to coarse.","","","","BH414","1.20","B","36","","","","","","","","","","","","","","","","","","","","","1.20","","","","","9.00","8.00","21.00","62.00","0.00","16.60","","","","","","","","","","","","","","","","","","","","","","1.20","1.90"
"RTD","River Terrace Deposits","RTD_3","Undefined","203","Sandy CLAY","Very soft to soft greenish brown sandy CLAY. Sand is fine to coarse.","ALLUVIUM","","","BH409","0.30","D","5","","","0.30","","","","11.00","","0.30","","","","36.00","21.00","15","15.00","85.00","","","","","","","","","","","","","","","","","","","","","","","","","","","","","","","","","","","","0.30","1.10"
"RTD","River Terrace Deposits","RTD_2","Undefined","504","Sandy GRAVEL","Loose to medium dense grey sandy subrounded to rounded fine to medium GRAVEL of flint. Sand is fine to coarse.","RIVER TERRACE DEPOSITS","","","BH415A","1.20","B","15","","","","","","","","","","","","","","","","","","","","","1.20","","","","","0.00","11.00","31.00","58.00","0.00","10.50","","","","","","","","","","","","","","","","","","","","","","1.20","2.00"
"RTD","River Terrace Deposits","RTD_2","Undefined","504","Sandy GRAVEL","Loose to medium dense grey sandy subrounded to rounded fine to medium GRAVEL of flint. Sand is fine to coarse.","RIVER TERRACE DEPOSITS","","","BH415A","1.70","D","","#1303238999700005","2.15","1.70","","","","17.00","","1.70","","","","","","NP","","10.00","","","","","","","","","","","","","","","","","","","","","","","","","","","","","","","","","","","","1.20","2.00"
"RTD","River Terrace Deposits","RTD_1","Undefined","402","Clayey SAND","Yellowish brown clayey slightly gravelly fine to coarse SAND. Gravel is subrounded to rounded fine to coarse of flint and sandstone.","RIVER TERRACE DEPOSITS","","","BH416","0.40","B","3","","","","","","","","","","","","","","","","","","","","","0.40","","","","","15.00","7.00","51.00","27.00","0.00","22.00","","","","","","","","","","","","","","","","","","","","","","0.25","1.00"
"RTD","River Terrace Deposits","RTD_1","Undefined","402","Clayey SAND","Yellowish brown clayey slightly gravelly fine to coarse SAND. Gravel is subrounded to rounded fine to coarse of flint and sandstone.","RIVER TERRACE DEPOSITS","","","BH416","0.80","D","5","","","0.80","","","","20.00","","0.80","","","","47.00","24.00","23","23.00","92.00","","","","","","","","","","","","","","","","","","","","","","","","","","","","","","","","","","","","0.25","1.00"
"RTD","River Terrace Deposits","RTD_1","Undefined","202","Silty CLAY","Firm brownish grey mottled orangish brown and bluish grey slightly gravelly silty CLAY with coarse gravel size pockets of light grey fine to medium sandy SILT. Gravel is subangular to subrounded fine to coarse of flint and chalk.  Sand is fine to coarse.","","","","BH551","0.20","B","","","","","","","","","","","","","","","","","","","","","","0.20","","","","","87.00","7.00","4.00","2.00","0.00","94.00","","","","","","","","","","","","","","","","","","","","","","0.20","1.30"
"RTD","River Terrace Deposits","RTD_1","Undefined","202","Silty CLAY","Firm brownish grey mottled orangish brown and bluish grey slightly gravelly silty CLAY with coarse gravel size pockets of light grey fine to medium sandy SILT. Gravel is subangular to subrounded fine to coarse of flint and chalk.  Sand is fine to coarse.","","","","BH551","0.50","D","","","","0.50","","","","19.00","","0.50","","","","50.00","32.00","18","18.00","90.00","","","","","","","","","","","","","","","","","","","","","","","","","","","","","","","","","","","","0.20","1.30"
"RTD","River Terrace Deposits","RTD_1","Undefined","412","Silty gravelly SAND","Yellowish brown silty gravelly fine to coarse SAND. Gravel is angular to subrounded fine to coarse of flint, chalk and occasional sandstone.","RIVER TERRACE DEPOSITS","","","BH412","0.40","B","3","","","","","","","","","","","","","","","","","","","","","0.40","","","","","0.00","25.00","34.00","41.00","0.00","25.10","","","","","","","","","","","","","","","","","","","","","","0.25","2.10"
"RTD","River Terrace Deposits","RTD_1","Undefined","412","Silty gravelly SAND","Yellowish brown silty gravelly fine to coarse SAND. Gravel is angular to subrounded fine to coarse of flint, chalk and occasional sandstone.","RIVER TERRACE DEPOSITS","","","BH412","0.50","D","4","","","0.50","","","","16.00","","","","","","","","","","","","","","","","","","","","","","","","","","","","","","","","","","","","","","","","","","","","","","0.25","2.10"
"RTD","River Terrace Deposits","RTD_1","Undefined","412","Silty gravelly SAND","Yellowish brown silty gravelly fine to coarse SAND. Gravel is angular to subrounded fine to coarse of flint, chalk and occasional sandstone.","RIVER TERRACE DEPOSITS","","","BH412","1.70","B","10","","","","","","","","","","","","","","","","","","","","","1.70","","","","","0.00","8.00","26.00","66.00","0.00","7.70","","","","","","","","","","","","","","","","","","","","","","0.25","2.10"
"RTD","River Terrace Deposits","RTD_3","Undefined","220","Sandy gravelly CLAY","Very soft to soft light greenish grey sandy gravelly CLAY. Gravel is subangular to subrounded fine of flint and chalk. Sand is fine to coarse.","","","","BH524","1.00","D","","#2184913969680009","1.10","1.00","","","","23.00","","1.00","","","","55.00","33.00","22","22.00","63.00","","","","","","","","","","","","","","","","","","","","","","","","","","","","","","","","","","","","0.20","1.20"
"RTD","River Terrace Deposits","RTD_3","Undefined","509","Clayey sandy GRAVEL","Loose light greenish grey locally clayey very sandy subangular to subrounded fine to coarse GRAVEL of mixed lithologies. Sand is fine to coarse.","","","","BH524","1.30","B","","#7869156001990016","1.70","","","","","","","","","","","","","","","","","","","1.30","","","","","0.00","11.00","16.00","73.00","0.00","11.00","","","","","","","","","","","","","","","","","","","","","","1.20","2.45"
"RTD","River Terrace Deposits","RTD_1","Undefined","204","Gravelly CLAY","Firm orangish brown gravelly CLAY. Gravel is subangular to subrounded fine to coarse of flint and rare of chalk.","","","","TP409","0.30","B","","#1133714560940003","0.50","","","","","","","","","","","","","","","","","","","0.30","","","","","65.00","8.00","21.00","6.00","0.00","72.80","","","","","","","","","","","","","","","","","","","","","","0.25","0.60"
"RTD","River Terrace Deposits","RTD_1","Undefined","204","Gravelly CLAY","Firm orangish brown gravelly CLAY. Gravel is subangular to subrounded fine to coarse of flint and rare of chalk.","","","","TP409","0.40","D","","#1133714560940004","","0.40","","","","24.00","","0.40","","","","62.00","40.00","22","22.00","91.00","","","","","","","","","","","","","","","","","","","","","","","","","","","","","","","","","","","","0.25","0.60"
"RTD","River Terrace Deposits","RTD_1","Undefined","204","Gravelly CLAY","Soft orangish brown mottled grey slightly gravelly CLAY. Gravel is subrounded fine of flint. ","","","","TP410","0.40","B","","#6360439791500006","0.70","","","","","","","","","","","","","","","","","","","0.40","","","","","40.00","11.00","31.00","18.00","0.00","51.40","","","","","","","","","","","","","","","","","","","","","","0.30","0.70"
"RTD","River Terrace Deposits","RTD_1","Undefined","204","Gravelly CLAY","Soft orangish brown mottled grey slightly gravelly CLAY. Gravel is subrounded fine of flint. ","","","","TP410","0.50","D","","#6360439791500005","","0.50","","","","23.00","","0.50","","","","59.00","39.00","20","20.00","82.00","","","","","","","","","","","","","","","","","","","","","","","","","","","","","","","","","","","","0.30","0.70"
"RTD","River Terrace Deposits","RTD_1","Undefined","201","CLAY","Firm brown mottled grey slightly gravelly sandy silty CLAY. Sand is fine to coarse. Gravel is angular to subrounded fine to coarse of flint. ","ALLUVIUM","","","BH420","1.00","B","","","1.20","","","","","","","","","","","","","","","","","","","1.00","","","","","72.00","22.00","5.00","1.00","0.00","94.30","","","","","","","","","","","","","","","","","","","","","","0.90","1.20"
"RTD","River Terrace Deposits","RTD_1","Undefined","402","Clayey SAND","Light yellowish brown clayey gravelly fine to coarse SAND. Gravel is subangular to subrounded fine to coarse of sandstone.","ALLUVIUM","","","BH404","0.70","D","","#7553695816330003","0.80","0.70","","","","24.00","","0.70","","","","45.00","24.00","21","21.00","90.00","","","","","","","","","","","","","","","","","","","","","","","","","","","","","","","","","","","","0.60","0.95"
"RTD","River Terrace Deposits","RTD_1","Undefined","402","Clayey SAND","Light yellowish brown clayey gravelly fine to coarse SAND. Gravel is subangular to subrounded fine to coarse of sandstone.","ALLUVIUM","","","BH404","0.80","B","","#7553695816330007","1.20","","","","","","","","","","","","","","","","","","","0.80","","","","","75.00","18.00","6.00","1.00","0.00","93.00","","","","","","","","","","","","","","","","","","","","","","0.60","0.95"
"RTD","River Terrace Deposits","RTD_1","Undefined","404","Gravelly SAND","Light brown slightly clayey very gravelly fine to coarse SAND. Gravel is angular to subrounded of chert, flint, shale and sandstone.","ALLUVIUM","","","BH422","1.20","L","","","1.70","","","","","","","","","","","","","","","","","","","1.20","","","","","70.00","22.00","8.00","0.00","0.00","92.30","","","","","","","","","","","","","","","","","","","","","","0.90","1.40"
"RTD","River Terrace Deposits","RTD_1","Undefined","202","Silty CLAY","Very soft to soft bluish grey mottled brown slightly sandy silty CLAY. Sand is fine to coarse.","ALLUVIUM","","","BH405","1.20","D","","","1.30","1.20","","","","24.00","","1.20","","","","60.00","38.00","22","22.00","100.00","","","","","","","","","","","","","","","","","","","","","","","","","","","","","","","","","","","","1.20","2.20"
"RTD","River Terrace Deposits","RTD_1","Undefined","220","Sandy gravelly CLAY","Firm brown mottled grey silty slightly sandy slightly gravelly CLAY. Sand is fine to coarse. Gravel is fine to coarse chalk and chert.","ALLUVIUM","","","BH405","0.85","B","","","1.20","","","","","","","","","","","","","","","","","","","0.85","","","","","65.00","16.00","15.00","4.00","0.00","80.80","","","","","","","","","","","","","","","","","","","","","","0.85","1.20"
"RTD","River Terrace Deposits","RTD_3","Undefined","220","Sandy gravelly CLAY","Firm bluish grey mottled orangish brown slightly gravelly slightly sandy CLAY. Gravel is fine to medium subangular to subrounded of chert with occasional pockets of chalk. Sand is fine to coarse.","","","","BH514","0.90","B","","","1.10","","","","","","","","","","","","","","","","","","","0.90","","","","","88.00","6.00","4.00","2.00","0.00","94.20","","","","","","","","","","","","","","","","","","","","","","0.90","3.50"
"RTD","River Terrace Deposits","RTD_3","Undefined","220","Sandy gravelly CLAY","Firm bluish grey mottled orangish brown slightly gravelly slightly sandy CLAY. Gravel is fine to medium subangular to subrounded of chert with occasional pockets of chalk. Sand is fine to coarse.","","","","BH514","1.20","D","","","1.30","1.20","","","","23.00","","1.20","","","","58.00","38.00","20","20.00","100.00","","","","","","","","","","","","","","","","","","","","","","","","","","","","","","","","","","","","0.90","3.50"
"RTD","River Terrace Deposits","RTD_2","Undefined","201","CLAY","Firm to stiff dark grey mottled orangish brown slightly gravelly CLAY with occasional pockets of light grey silt (<4mm diameter). Gravel is subangular to subrounded medium to coarse of flint and sandstone.","","","","BH498","1.00","B","","","1.20","","","","","","","","","","","","","","","","","","","1.00","","","","","75.00","8.00","16.00","1.00","0.00","83.20","","","","","","","","","","","","","","","","","","","","","","0.85","1.20"
"RTD","River Terrace Deposits","RTD_2","Undefined","204","Gravelly CLAY","Firm dark brownish grey mottled orangish brown slightly sandy slightly gravelly CLAY. Sand is fine to coarse. Gravel is subangular fine to coarse of flint.","","","","BH498","0.70","D","","","","0.70","","","","19.00","","0.70","","","","59.00","40.00","19","19.00","100.00","","","","","","","","","","","","","","","","","","","","","","","","","","","","","","","","","","","","0.45","0.85"
"RTD","River Terrace Deposits","RTD_1","Undefined","504","Sandy GRAVEL","Light yellowish brown clayey sandy angular to subrounded fine to coarse GRAVEL of chert, flint, shale, and sandstone. Sand is fine to coarse.","","","","BH501","0.80","B","","#5346265102420007","1.00","","","","","","","","","","","","","","","","","","","0.80","","","","","0.00","24.00","31.00","45.00","0.00","24.00","","","","","","","","","","","","","","","","","","","","","","0.80","1.40"
"RTD","River Terrace Deposits","RTD_1","Undefined","211","Silty sandy gravelly CLAY","Soft to firm bluish grey mottled orangish brown slightly gravelly sandy silty CLAY. Gravel is subangular to rounded fine to coarse of sandstone, limestone and flint.","RIVER TERRACE DEPOSITS","","","BH425","2.00","D","10","","","2.00","","","","47.00","","2.00","","","","83.00","56.00","27","27.00","90.00","","","","","","","","","","","","","","","","","","","","","","","","","","","","","","","","","","","","1.50","2.80"
"RTD","River Terrace Deposits","RTD_1","Undefined","430","SAND and GRAVEL","Medium dense multicoloured SAND and rounded fine to medium GRAVEL of sandstone, limestone and flint.","RIVER TERRACE DEPOSITS","","","BH425","3.50","B","14","","4.00","","","","","","","","","","","","","","","","","","","3.50","","","","","0.00","3.00","18.00","79.00","0.00","2.60","","","","","","","","","","","","","","","","","","","","","","3.00","4.30"
"RTD","River Terrace Deposits","RTD_1","Undefined","430","SAND and GRAVEL","Medium dense multicoloured SAND and rounded fine to medium GRAVEL of sandstone, limestone and flint.","RIVER TERRACE DEPOSITS","","","BH425","4.00","D","16","","","4.00","","","","10.00","","4.00","","","","","","NP","","1.00","","","","","","","","","","","","","","","","","","","","","","","","","","","","","","","","","","","","3.00","4.30"
"RTD","River Terrace Deposits","RTD_1","Undefined","211","Silty sandy gravelly CLAY","Soft orangish brown slightly gravelly sandy silty CLAY. Gravel is sub-angular to rounded fine to coarse of mixed sandstone, limestone and chert.","RIVER TERRACE DEPOSITS","","","BH423","1.50","B","","","","","","","","","","","","","","","","","","","","","","1.50","","","","","32.00","23.00","44.00","1.00","0.00","54.90","","","","","","","","","","","","","","","","","","","","","","1.20","2.20"
"RTD","River Terrace Deposits","RTD_1","Undefined","211","Silty sandy gravelly CLAY","Soft orangish brown slightly gravelly sandy silty CLAY. Gravel is sub-angular to rounded fine to coarse of mixed sandstone, limestone and chert.","RIVER TERRACE DEPOSITS","","","BH423","2.00","D","","","","2.00","","","","15.00","","2.00","","","","31.00","17.00","14","14.00","80.00","","","","","","","","","","","","","","","","","","","","","","","","","","","","","","","","","","","","1.20","2.20"
"RTD","River Terrace Deposits","RTD_1","Undefined","504","Sandy GRAVEL","Multicoloured sandy subangular to rounded fine to coarse GRAVEL of sandstone, chert, and flint.","RIVER TERRACE DEPOSITS","","","BH423","3.00","B","","","","","","","","","","","","","","","","","","","","","","3.00","","","","","0.00","4.00","51.00","45.00","0.00","3.50","","","","","","","","","","","","","","","","","","","","","","2.20","3.70"
"RTD","River Terrace Deposits","RTD_3","Undefined","207","Silty sandy CLAY","Very soft to Soft light brown mottled brown silty sandy CLAY. ","KIMMERIDGE CLAY FORMATION","","","BH496","0.60","B","3","","","","","","","","","","","","","","","","","","","","","0.60","","","","","49.00","22.00","10.00","19.00","0.00","71.10","","","","","","","","","","","","","","","","","","","","","","0.50","2.80"
"RTD","River Terrace Deposits","RTD_3","Undefined","207","Silty sandy CLAY","Very soft to Soft light brown mottled brown silty sandy CLAY. ","KIMMERIDGE CLAY FORMATION","","","BH496","1.20","D","7","#5460445227560018","1.65","1.20","","","","7.00","","1.20","","","","","","NP","","25.00","","","","","","","","","","","","","","","","","","","","","","","","","","","","","","","","","","","","0.50","2.80"
"RTD","River Terrace Deposits","RTD_3","Undefined","520","Silty sandy GRAVEL","Light brown slightly sandy silty GRAVEL of fine to medium rounded to angular chalk and flint. (WOLVERCOTE SAND AND GRAVEL MEMBER)","","","","TP1","1.20","B","","","1.30","","","","","","","","","","","","","","","","","","","1.20","","","","346.70","5.20","10.10","28.80","55.80","0.00","","","","","","","","","","","","","","","","","","","","","","","0.50","1.30"
"RTD","River Terrace Deposits","RTD_2","Undefined","520","Silty sandy GRAVEL","Light brown slightly silty sandy GRAVEL of fine to coarse angular to rounded flint and chalk. (RIVER TERRACE DEPOSITS)","","","","TP2","1.70","B","","","1.80","","","","","","","","","","","","","","","","","","","1.70","","","","1065.20","6.70","18.30","20.30","54.70","0.00","","","","","","","","","","","","","","","","","","","","","","","1.50","3.50"
"RTD","River Terrace Deposits","RTD_2","Undefined","220","Sandy gravelly CLAY","Firm greyish-brown slightly fine to coarse sandy gravelly CLAY. Gravel is fine to coarse angular flint and rounded chalk. (SUMMERTOWN-RADLEY SAND AND GRAVEL MEMBER)","","","","DCS2","0.30","D","","","","","","","","","","","","","","51.00","34.00","17","17.00","35.00","","","","","","","","","","","","","","","","","","","","","","","","","","","","","","","","","","","","0.20","0.80"
"RTD","River Terrace Deposits","RTD_3","Undefined","520","Silty sandy GRAVEL","Light greenish-grey slightly sandy slightly silty sandy GRAVEL with occasional silty sand pockets. (WOLVERCOTE SAND AND GRAVEL MEMBER)","","","","DCS2","0.80","B","","","1.20","","","","","","","","","","","","","","","","","","","0.80","","","","","10.00","14.80","38.20","37.00","0.00","","","","","","","","","","","","","","","","","","","","","","","0.80","1.40"
"RTD","River Terrace Deposits","RTD_3","Undefined","520","Silty sandy GRAVEL","Light greenish-grey slightly sandy slightly silty sandy GRAVEL with occasional silty sand pockets. (WOLVERCOTE SAND AND GRAVEL MEMBER)","","","","DCS2","0.90","D","","","","","","","","24.00","","","","","","","","","","","","","","","","","","","","","","","","","","","","","","","","","","","","","","","","","","","","","","0.80","1.40"
"RTD","River Terrace Deposits","RTD_2","Undefined","220","Sandy gravelly CLAY","Firm greyish-brown slightly sandy gravelly CLAY. Gravel is fine to coarse angular flint and rounded chalk. (SUMMERTOWN-RADLEY SAND AND GRAVEL MEMBER)","","","","TP5","0.80","D","","","","","","","","20.00","","","","","","48.00","29.00","19","19.00","21.00","","","","","","","","","","","","","","","","","","","","","","","","","","","","","","","","","","","","0.70","1.00"
"RTD","River Terrace Deposits","RTD_3","Undefined","520","Silty sandy GRAVEL","Light greenish-grey slightly silty sandy GRAVEL of fine to coarse angular flint. (WOLVERCOTE SAND AND GRAVEL
MEMBER)","","","","DCS3","0.70","D","","","","","","","","22.00","","","","","","51.00","31.00","20","20.00","40.00","","","","","","","","","","","","","","","","","","","","","","","","","","","","","","","","","","","","0.50","1.90"
"RTD","River Terrace Deposits","RTD_2","Undefined","520","Silty sandy GRAVEL","Light greenish-grey slightly silty sandy GRAVEL of fine to coarse angular flint and rounded chalk. (SAND AND GRAVEL MEMBER)","","","","DCS4","0.60","B","","","1.10","","","","","","","","","","","","","","","","","","","0.60","","","","800.00","9.20","14.30","36.50","39.90","0.00","","","","","","","","","","","","","","","","","","","","","","","0.60","1.55"
"RTD","River Terrace Deposits","RTD_2","Undefined","520","Silty sandy GRAVEL","Light greenish-grey slightly silty sandy GRAVEL of fine to coarse angular flint and rounded chalk. (SAND AND GRAVEL MEMBER)","","","","DCS4","0.70","D","","","","","","","","20.00","","","","","","52.00","34.00","18","18.00","39.00","","","","","","","","","","","","","","","","","","","","","","","","","","","","","","","","","","","","0.60","1.55"
"RTD","River Terrace Deposits","RTD_2","Undefined","220","Sandy gravelly CLAY","Firm greyish-brown slightly sandy gravelly CLAY. Gravel is fine to coarse angular flint and chalk. (SUMMERTOWN-RADLEY SAND AND GRAVEL MEMBER)","","","","DCS1","0.30","D","","","","","","","","28.00","","","","","","54.00","34.00","20","20.00","19.00","","","","","","","","","","","","","","","","","","","","","","","","","","","","","","","","","","","","0.20","1.30"
"RTD","River Terrace Deposits","RTD_2","Undefined","220","Sandy gravelly CLAY","Firm brownish-grey slightly sandy gravelly CLAY. Gravel is fine to medium angular flint and rounded chalk. (SUMMERTOWN-RADLEY SAND AND GRAVEL MEMBER)","","","","DCS10","0.50","D","","","","","","","","32.00","","","","","","57.00","34.00","23","23.00","8.00","","","","","","","","","","","","","","","","","","","","","","","","","","","","","","","","","","","","0.20","1.70"
"RTD","River Terrace Deposits","RTD_3","Undefined","520","Silty sandy GRAVEL","Greenish-grey slightly sandy silty GRAVEL. Gravel is fine to medium angular to rounded flint and chalk. (WOLVERCOTE SAND AND GRAVEL MEMBER)","","","","DCS11","0.50","B","","","1.00","","","","","","","","","","","","","","","","","","","0.50","","","","","17.80","22.70","31.20","28.30","0.00","","","","","","","","","","","","","","","","","","","","","","","0.20","3.60"
"RTD","River Terrace Deposits","RTD_3","Undefined","520","Silty sandy GRAVEL","Light brown slightly silty sandy GRAVEL of fine to coarse angular flint and chalk. (WOLVERCOTE SAND AND GRAVEL MEMBER)","","","","DCS8","1.80","D","","","","","","","","20.00","","","","","","20.00","-22.00","42","42.00","43.00","","","","","","","","","","","","","","","","","","","","","","","","","","","","","","","","","","","","0.90","2.10"
"RTD","River Terrace Deposits","RTD_3","Undefined","509","Clayey sandy GRAVEL","Greenish-grey slightly sandy clayey GRAVEL. Gravel is fine to medium angular to rounded flint, silstone, chalk and possible limestone. (WOLVERCOTE SAND AND GRAVEL MEMBER)","","","","DCS12","1.30","D","","","","","","","","20.00","","","","","","44.00","26.00","18","18.00","37.00","","","","","","","","","","","","","","","","","","","","","","","","","","","","","","","","","","","","1.10","4.30"
"RTD","River Terrace Deposits","RTD_2","Undefined","211","Silty sandy gravelly CLAY","Firm green brown very silty CLAY with some to much fine to medium angular gravel of flint and occasionally chalk. Occasional soft slightly sandy pockets. (Terrace Gravels)","Terrace Deposits","","","EA1","1.50","U","16","","1.95","1.50","","","","30.00","No","","","","","","","","","","","","","","","","","","","","","","","","","","","","","","","","","","","","","","","","","","","","","1.10","1.95"
"RTD","River Terrace Deposits","RTD_2","Undefined","202","Silty CLAY","Soft to firm grey brown mottled orange brown and green brown very silty CLAY. (GAULT)","Gault Clay Formation","","","TP09","1.50","BLK","3","","1.60","1.50","","","","50.00","","1.50","","","","79.00","54.00","25","25.00","","","","","1.50","","","","","1.00","93.00","5.00","1.00","","","1.50","","","","2.52","","","","","","","","1.50","1","","","","1.75","","","","1.50","1.70"
"RTD","River Terrace Deposits","RTD_2","Undefined","202","Silty CLAY","Soft to firm grey brown mottled orange brown and green brown very silty CLAY. (GAULT)","Gault Clay Formation","","","TP09","1.50","BLK","3","","1.60","1.50","","","","50.00","","1.50","","","","79.00","54.00","25","25.00","","","","","1.50","","","","","1.00","93.00","5.00","1.00","","","1.50","","","","2.52","","","","","","","","1.50","2","","","","1.79","","","","1.50","1.70"
"RTD","River Terrace Deposits","RTD_2","Undefined","202","Silty CLAY","Soft to firm grey brown mottled orange brown and green brown very silty CLAY. (GAULT)","Gault Clay Formation","","","TP09","1.50","BLK","3","","1.60","1.50","","","","50.00","","1.50","","","","79.00","54.00","25","25.00","","","","","1.50","","","","","1.00","93.00","5.00","1.00","","","1.50","","","","2.52","","","","","","","","1.50","3","","","","1.69","","","","1.50","1.70"
"RTD","River Terrace Deposits","RTD_2","Undefined","202","Silty CLAY","Soft to firm grey brown mottled orange brown and green brown very silty CLAY. (GAULT)","Gault Clay Formation","","","TP09","1.60","B","5","","","1.60","","","","39.00","","1.60","","","","80.00","56.00","24","24.00","100.00","","","","","","","","","","","","","","","1.60","","","","2.55","","","","","","","","1.60","1","","","","1.76","","","","1.50","1.70"
"RTD","River Terrace Deposits","RTD_2","Undefined","202","Silty CLAY","Soft to firm grey brown mottled orange brown and green brown very silty CLAY. (GAULT)","Gault Clay Formation","","","TP09","1.60","B","5","","","1.60","","","","39.00","","1.60","","","","80.00","56.00","24","24.00","100.00","","","","","","","","","","","","","","","1.60","","","","2.55","","","","","","","","1.60","2","","","","1.76","","","","1.50","1.70"
"RTD","River Terrace Deposits","RTD_2","Undefined","202","Silty CLAY","Soft to firm grey brown mottled orange brown and green brown very silty CLAY. (GAULT)","Gault Clay Formation","","","TP09","1.60","B","5","","","1.60","","","","39.00","","1.60","","","","80.00","56.00","24","24.00","100.00","","","","","","","","","","","","","","","1.60","","","","2.55","","","","","","","","1.60","3","","","","1.73","","","","1.50","1.70"
"RTD","River Terrace Deposits","RTD_2","Undefined","318","Sandy organic SILT","Light grey brown sub-rounded to rounded channelised silty sandy fine to medium occasional coarse chalk and flint GRAVEL. Towards base fine to coarse platy. [Fluvial Gravel]","Terrace Deposits","","","TP09","1.40","B","2","","","","","","","","","","","","","","","","","","","","","1.40","","","","","2.00","20.00","16.00","62.00","","","","","","","","","","","","","","","","","","","","","","","","1.05","1.50"
"TS","Topsoil","TS","Undefined","101","TOPSOIL","1) TOPSOIL.","Topsoil","","","TP392","0.30","D","001","","","0.30","01","","Wet sieve","14.00","","0.30","01","","","49.00","28.00","21","21.00","65.00","","","BS1377: Part 2: 1990: Clause 4.3 and 5","","","","","","","","","","","","","","","","","","","","","","","","","","","","","","","","","0.00","0.40"
"TS","Topsoil","TS","Undefined","101","TOPSOIL","Firm dark brown slightly gravelly sandy CLAY. Gravel is subangular to subrounded fine to medium occasionally coarse of flint and chalk. (TOPSOIL) (1).","Topsoil","","","TP319","0.10","D","001","","","0.10","01","","","29.00","","","","","","","","","","","","","","","","","","","","","","","","","","","","","","","","","","","","","","","","","","","","","","0.00","0.40"
"TS","Topsoil","TS","Undefined","101","TOPSOIL","Firm dark brown slightly gravelly sandy CLAY. Gravel is subangular to subrounded fine to medium occasionally coarse of flint and chalk. (TOPSOIL) (1).","Topsoil","","","TP319","0.20","D","002","","","0.20","01","","","28.00","","","","","","","","","","","","","","","","","","","","","","","","","","","","","","","","","","","","","","","","","","","","","","0.00","0.40"
"TS","Topsoil","TS","Undefined","101","TOPSOIL","Firm dark brown slightly gravelly sandy CLAY. Gravel is subangular to subrounded fine to medium occasionally coarse of flint and chalk. (TOPSOIL) (1).","Topsoil","","","TP319","0.30","D","003","","","0.30","01","","","23.00","","","","","","","","","","","","","","","","","","","","","","","","","","","","","","","","","","","","","","","","","","","","","","0.00","0.40"
"TS","Topsoil","TS","Undefined","101","TOPSOIL","Grass over very soft dark brown slightly gravelly silty CLAY. Gravel is subangular to subrounded fine to medium of chalk and flint.","TOPSOIL","","","BH415A","0.20","B","1","","","","","","","","","","","","","","","","","","","","","0.20","","","","","28.00","16.00","40.00","16.00","0.00","44.00","","","","","","","","","","","","","","","","","","","","","","0.00","0.25"
"TS","Topsoil","TS","Undefined","302","Clay/Silt","Soft dark greyish brown slightly sandy gravelly SILT. Sand is fine to coarse. Gravel is subangular to subrounded fine to coarse of chert, flint and shale.","","","","BH501","0.20","D","","#5346265102420002","","0.20","","","","16.00","","0.20","","","","","","","","","","","","","","","","","","","","","","","","","","","","","","","","","","","","","","","","","","","","0.00","0.40"
"TS","Topsoil","TS","Undefined","101","TOPSOIL","TOPSOIL","","","","BH240B","0.00","B","1","SS1","","","","","","","","","","","","","","","","","","","","0.00","","","","1.80","","","","","","","","","","","","","","","","","","","","","","","","","","","","0.00","0.20"
"TS","Topsoil","TS","Undefined","101","TOPSOIL","TOPSOIL","","","","BH240B","0.00","B","2","SS2","","","","","","","","","","","","","","","","","","","","0.00","","","","","","","","","","","","","","","","","","","","","","","","","","","","","","","","0.00","0.20"
