Location ID,National-Regional Database Unique ID,Location Type,Status,Final Depth,Investigation,Phase,Sub Location,GroundLevelLidar,GroundLevelLeapfrog,Ground Level,Easting,Northing,Orig_Arb,Chck_ArB,Apprvd_ArB,Latitude Decimal,Longitude Decimal,Latitude,PDF Log Link,Not Digitised Justification,Longitude,Date Start,Date End,Data reuse permissions,National Grid Referencing System,LoggedBy,LoggedDate,Investigation client,Investigation engineer,Investigation contractor,Remarks,Location Purpose,Termination Reason,Well Cap,Grid Letter Reference,Local X Grid,Local Y Grid,Local Level,Local Datum,Local Grid System,Projection Format,Locationing Method,Elevation Method,Alignment ID,Offset,Chainage,Transformation,Checked by,Checked Date,Approved by,National Datum Referencing System,Original Location ID,Original Job ID,Original Company,Northing Traverse End,Longitude End,Local Y End,Local X End,Local Level End,Latitude End,Ground Level End,Easting Traverse End,On BGS GeoIndex,Easting Proposed,Northing Proposed,Proposed Ground Level,Section strip width,Reference level 1
"BH02","SU49NW20","CP+RC","HISTORIC","40.00","1991 to 1992 - Exploration Associates","","","59.62","59.62","59.30","443512.50","195874.00","MR_11/03/2025","LW_11/03/2025","","51.659975","-1.372325","","https://arup.sharepoint.com/:b:/r/teams/prj-30356800/Data%20and%20Documents%20Library/GE%20-%20Geotechnical/GI%20reports/1991%20to%201992%20-%20Exploration%20Associates/Seperated%20logs/BH02.pdf","","","","","Full","OSGB","","","Thames Water Utilities Limited","Halcrow and Partners Ltd.","Exploration Associates Ltd.","","","","","","","","","","","","","","","","","","","","","","SU49NW20","","","","","","","","","","","Yes","","","","",""
"BH03","SU49NE174","CP+RC","HISTORIC","9.20","1991 to 1992 - Exploration Associates","","","56.34","56.34","56.20","445037.00","196074.00","MR_11/03/2025","LW_11/03/2025","","51.661654","-1.350261","","https://arup.sharepoint.com/:b:/r/teams/prj-30356800/Data%20and%20Documents%20Library/GE%20-%20Geotechnical/GI%20reports/1991%20to%201992%20-%20Exploration%20Associates/Seperated%20logs/BH03.pdf","","","","","Full","OSGB","","","Thames Water Utilities Limited","Halcrow and Partners Ltd.","Exploration Associates Ltd.","","","","","","","","","","","","","","","","","","","","","","SU49NE174","","","","","","","","","","","Yes","","","","",""
"BH04","SU49NE175","CP+RO","HISTORIC","15.00","1991 to 1992 - Exploration Associates","","","54.30","54.30","54.10","446144.00","196006.00","MR_12/03/2025","NM_20/03/2025","","51.660953","-1.334267","","https://arup.sharepoint.com/:b:/r/teams/prj-30356800/Data%20and%20Documents%20Library/GE%20-%20Geotechnical/GI%20reports/1991%20to%201992%20-%20Exploration%20Associates/Seperated%20logs/BH04.pdf","","","","","Full","OSGB","","","Thames Water Utilities Limited","Halcrow and Partners Ltd.","Exploration Associates Ltd.","","","","","","","","","","","","","","","","","","","","","","SU49NE175","","","","","","","","","","","Yes","","","","",""
"BH05","SU49NE176","CP","HISTORIC","13.80","1991 to 1992 - Exploration Associates","","","53.43","53.43","53.60","446810.50","195989.00","MR_12/03/2025","NM_20/03/2025","","51.660745","-1.324635","","https://arup.sharepoint.com/:b:/r/teams/prj-30356800/Data%20and%20Documents%20Library/GE%20-%20Geotechnical/GI%20reports/1991%20to%201992%20-%20Exploration%20Associates/Seperated%20logs/BH05.pdf","","","","","Full","OSGB","","","Thames Water Utilities Limited","Halcrow and Partners Ltd.","Exploration Associates Ltd.","","","","","","","","","","","","","","","","","","","","","","SU49NE176","","","","","","","","","","","Yes","","","","",""
"BH07","SU49NW22","CP+RC","HISTORIC","40.00","1991 to 1992 - Exploration Associates","","","58.10","58.10","57.80","443098.00","195126.00","MR_12/03/2025","NM_20/03/2025","","51.653282","-1.378409","","https://arup.sharepoint.com/:b:/r/teams/prj-30356800/Data%20and%20Documents%20Library/GE%20-%20Geotechnical/GI%20reports/1991%20to%201992%20-%20Exploration%20Associates/Seperated%20logs/BH07.pdf","","","","","Full","OSGB","","","Thames Water Utilities Limited","Halcrow and Partners Ltd.","Exploration Associates Ltd.","","","","","","","","","","","","","","","","","","","","","","SU49NW22","","","","","","","","","","","Yes","","","","",""
"BH08","SU49NW23","CP+RC","HISTORIC","40.00","1991 to 1992 - Exploration Associates","","","57.51","57.51","57.40","443769.50","195420.00","MR_12/03/2025","NM_20/03/2025","","51.655873","-1.368666","","https://arup.sharepoint.com/:b:/r/teams/prj-30356800/Data%20and%20Documents%20Library/GE%20-%20Geotechnical/GI%20reports/1991%20to%201992%20-%20Exploration%20Associates/Seperated%20logs/BH08.pdf","","","","","Full","OSGB","","","Thames Water Utilities Limited","Halcrow and Partners Ltd.","Exploration Associates Ltd.","","","","","","","","","","","","","","","","","","","","","","SU49NW23","","","","","","","","","","","Yes","","","","",""
"BH09","SU49NE177","CP+RC","HISTORIC","18.60","1991 to 1992 - Exploration Associates","","","55.36","55.36","55.10","445007.00","195218.50","MR_12/03/2025","NM_20/03/2025","","51.653965","-1.350805","","https://arup.sharepoint.com/:b:/r/teams/prj-30356800/Data%20and%20Documents%20Library/GE%20-%20Geotechnical/GI%20reports/1991%20to%201992%20-%20Exploration%20Associates/Seperated%20logs/BH09.pdf","","","","","Full","OSGB","","","Thames Water Utilities Limited","Halcrow and Partners Ltd.","Exploration Associates Ltd.","","","","","","","","","","","","","","","","","","","","","","SU49NE177","","","","","","","","","","","Yes","","","","",""
"BH10","SU49NE178","RC","HISTORIC","80.00","1991 to 1992 - Exploration Associates","","","54.54","54.54","54.80","445846.50","195202.50","MR_12/03/2025","LW_21/03/2025","","51.653753","-1.338673","","https://arup.sharepoint.com/:b:/r/teams/prj-30356800/Data%20and%20Documents%20Library/GE%20-%20Geotechnical/GI%20reports/1991%20to%201992%20-%20Exploration%20Associates/Seperated%20logs/BH10.pdf","","","","","Full","OSGB","","","Thames Water Utilities Limited","Halcrow and Partners Ltd.","Exploration Associates Ltd.","","","","","","","","","","","","","","","","","","","","","","SU49NE178","","","","","","","","","","","Yes","","","","",""
"BH101B","SU49SE275","RC","HISTORIC","33.00","1993 to 1995 - Costain Geotechnical Services","","","56.17","56.17","56.26","445040.00","194600.00","AC_14/03/2025","","","51.648401","-1.350407","","https://arup.sharepoint.com/:b:/r/teams/prj-30356800/Data%20and%20Documents%20Library/GE%20-%20Geotechnical/GI%20reports/1993%20to%201995%20-%20Costain%20Geotechnical%20Services/Seperated%20logs/BH101B.pdf","","","","","","","","","","","","","","","","","","","","","","","","","","","","","","","","","SU49SE275","","","","","","","","","","","Yes","","","","",""
"BH102","SU49SW63","RC","HISTORIC","49.56","1993 to 1995 - Costain Geotechnical Services","","","58.02","58.02","58.06","444850.00","193660.00","AC_26/03/2025","","","51.639965","-1.353273","","https://arup.sharepoint.com/:b:/r/teams/prj-30356800/Data%20and%20Documents%20Library/GE%20-%20Geotechnical/GI%20reports/1993%20to%201995%20-%20Costain%20Geotechnical%20Services/Seperated%20logs/BH102.pdf","","","","","","","","","","","","","","","","","","","","","","","","","","","","","","","","","SU49SW63","","","","","","","","","","","Yes","","","","",""
"BH103","SU49SE276","RC","HISTORIC","72.00","1993 to 1995 - Costain Geotechnical Services","","","59.72","59.72","59.69","446070.00","193170.00","AC_26/03/2025","","","51.635461","-1.335709","","https://arup.sharepoint.com/:b:/r/teams/prj-30356800/Data%20and%20Documents%20Library/GE%20-%20Geotechnical/GI%20reports/1993%20to%201995%20-%20Costain%20Geotechnical%20Services/Seperated%20logs/BH103.pdf","","","","","","","","","","","","","","","","","","","","","","","","","","","","","","","","","SU49SE276","","","","","","","","","","","Yes","","","","",""
"BH104","SU49SE277","RC","HISTORIC","45.75","1993 to 1995 - Costain Geotechnical Services","","","55.74","55.74","55.76","445710.00","193960.00","AC_26/03/2025","","","51.642593","-1.340808","","https://arup.sharepoint.com/:b:/r/teams/prj-30356800/Data%20and%20Documents%20Library/GE%20-%20Geotechnical/GI%20reports/1993%20to%201995%20-%20Costain%20Geotechnical%20Services/Seperated%20logs/BH104.pdf","","","","","","","","","","","","","","","","","","","","","","","","","","","","","","","","","SU49SE277","","","","","","","","","","","Yes","","","","",""
"BH105","SU49SW64","RC","HISTORIC","58.87","1993 to 1995 - Costain Geotechnical Services","","","60.07","60.07","60.17","444100.00","192940.00","AC_26/03/2025","","","51.633550","-1.364201","","https://arup.sharepoint.com/:b:/r/teams/prj-30356800/Data%20and%20Documents%20Library/GE%20-%20Geotechnical/GI%20reports/1993%20to%201995%20-%20Costain%20Geotechnical%20Services/Seperated%20logs/BH105.pdf","","","","","","","","","","","","","","","","","","","","","","","","","","","","","","","","","SU49SW64","","","","","","","","","","","Yes","","","","",""
"BH106","SU49SW65","RC","HISTORIC","63.70","1993 to 1995 - Costain Geotechnical Services","","","63.55","63.55","63.79","442660.00","191930.00","AC_26/03/2025","","","51.624580","-1.385128","","https://arup.sharepoint.com/:b:/r/teams/prj-30356800/Data%20and%20Documents%20Library/GE%20-%20Geotechnical/GI%20reports/1993%20to%201995%20-%20Costain%20Geotechnical%20Services/Seperated%20logs/BH106.pdf","","","","","","","","","","","","","","","","","","","","","","","","","","","","","","","","","SU49SW65","","","","","","","","","","","Yes","","","","",""
"BH106A","","RC","HISTORIC","46.90","1993 to 1995 - Costain Geotechnical Services","","","63.55","63.55","63.79","442660.00","191930.00","AC_26/03/2025","","","51.624580","-1.385128","","https://arup.sharepoint.com/:b:/r/teams/prj-30356800/Data%20and%20Documents%20Library/GE%20-%20Geotechnical/GI%20reports/1993%20to%201995%20-%20Costain%20Geotechnical%20Services/Seperated%20logs/BH106A.pdf","","","","","","","","","","","","","","","","","","","","","","","","","","","","","","","","","","","","","","","","","","","","No","","","","",""
"BH106B","","RC","HISTORIC","63.00","1993 to 1995 - Costain Geotechnical Services","","","63.55","63.55","63.79","442660.00","191930.00","AC_27/03/2025","","","51.624580","-1.385128","","https://arup.sharepoint.com/:b:/r/teams/prj-30356800/Data%20and%20Documents%20Library/GE%20-%20Geotechnical/GI%20reports/1993%20to%201995%20-%20Costain%20Geotechnical%20Services/Seperated%20logs/BH106B.pdf","","","","","","","","","","","","","","","","","","","","","","","","","","","","","","","","","","","","","","","","","","","","No","","","","",""
"BH107","SU49SW66","RC","HISTORIC","42.76","1993 to 1995 - Costain Geotechnical Services","","","59.75","59.75","59.90","442930.00","193080.00","AC_27/03/2025","","","51.634899","-1.381088","","https://arup.sharepoint.com/:b:/r/teams/prj-30356800/Data%20and%20Documents%20Library/GE%20-%20Geotechnical/GI%20reports/1993%20to%201995%20-%20Costain%20Geotechnical%20Services/Seperated%20logs/BH107.pdf","","","","","","","","","","","","","","","","","","","","","","","","","","","","","","","","","SU49SW66","","","","","","","","","","","Yes","","","","",""
"BH107A","","RC","HISTORIC","49.20","1993 to 1995 - Costain Geotechnical Services","","","59.75","59.75","59.90","442930.00","193080.00","AC_27/03/2025","","","51.634899","-1.381088","","https://arup.sharepoint.com/:b:/r/teams/prj-30356800/Data%20and%20Documents%20Library/GE%20-%20Geotechnical/GI%20reports/1993%20to%201995%20-%20Costain%20Geotechnical%20Services/Seperated%20logs/BH107A.pdf","","","","","","","","","","","","","","","","","","","","","","","","","","","","","","","","","","","","","","","","","","","","No","","","","",""
"BH108","SU49SW67","RC","HISTORIC","25.50","1993 to 1995 - Costain Geotechnical Services","","","58.86","58.86","58.76","443740.00","193890.00","AC_27/03/2025","","","51.642120","-1.369283","","https://arup.sharepoint.com/:b:/r/teams/prj-30356800/Data%20and%20Documents%20Library/GE%20-%20Geotechnical/GI%20reports/1993%20to%201995%20-%20Costain%20Geotechnical%20Services/Seperated%20logs/BH108.pdf","","","","","","","","","","","","","","","","","","","","","","","","","","","","","","","","","SU49SW67","","","","","","","","","","","Yes","","","","",""
"BH108A","","RC","HISTORIC","36.50","1993 to 1995 - Costain Geotechnical Services","","","58.86","58.86","58.76","443740.00","193890.00","AC_27/03/2025","","","51.642120","-1.369283","","https://arup.sharepoint.com/:b:/r/teams/prj-30356800/Data%20and%20Documents%20Library/GE%20-%20Geotechnical/GI%20reports/1993%20to%201995%20-%20Costain%20Geotechnical%20Services/Seperated%20logs/BH108A.pdf","","","","","","","","","","","","","","","","","","","","","","","","","","","","","","","","","","","","","","","","","","","","No","","","","",""
"BH109","SU49SW68","RC","HISTORIC","63.32","1993 to 1995 - Costain Geotechnical Services","","","62.17","62.17","62.33","444110.00","192240.00","AC_27/03/2025","","","51.627256","-1.364144","","https://arup.sharepoint.com/:b:/r/teams/prj-30356800/Data%20and%20Documents%20Library/GE%20-%20Geotechnical/GI%20reports/1993%20to%201995%20-%20Costain%20Geotechnical%20Services/Seperated%20logs/BH109.pdf","","","","","","","","","","","","","","","","","","","","","","","","","","","","","","","","","SU49SW68","","","","","","","","","","","Yes","","","","",""
"BH11","SU49SW26","CP+RC","HISTORIC","40.00","1991 to 1992 - Exploration Associates","","","57.55","57.55","57.40","442858.50","194636.00","MR_12/03/2025","NM_25/03/2025","","51.648895","-1.381930","","https://arup.sharepoint.com/:b:/r/teams/prj-30356800/Data%20and%20Documents%20Library/GE%20-%20Geotechnical/GI%20reports/1991%20to%201992%20-%20Exploration%20Associates/Seperated%20logs/BH11.pdf","","","","","Full","OSGB","","","Thames Water Utilities Limited","Halcrow and Partners Ltd.","Exploration Associates Ltd.","","","","","","","","","","","","","","","","","","","","","","SU49SW26","","","","","","","","","","","Yes","","","","",""
"BH12","SU49SW27","CP+RC","HISTORIC","40.90","1991 to 1992 - Exploration Associates","","","57.02","57.02","57.10","444013.50","194689.00","MR_12/03/2025","NM_25/03/2025","","51.649282","-1.365231","","https://arup.sharepoint.com/:b:/r/teams/prj-30356800/Data%20and%20Documents%20Library/GE%20-%20Geotechnical/GI%20reports/1991%20to%201992%20-%20Exploration%20Associates/Seperated%20logs/BH12.pdf","","","","","Full","OSGB","","","Thames Water Utilities Limited","Halcrow and Partners Ltd.","Exploration Associates Ltd.","","","","","","","","","","","","","","","","","","","","","","SU49SW27","","","","","","","","","","","Yes","","","","",""
"BH13","SU49SW28","CP+RC","HISTORIC","40.00","1991 to 1992 - Exploration Associates","","","56.44","56.44","56.60","444563.00","194685.50","MR_12/03/2025","NM_25/03/2025","","51.649208","-1.357290","","https://arup.sharepoint.com/:b:/r/teams/prj-30356800/Data%20and%20Documents%20Library/GE%20-%20Geotechnical/GI%20reports/1991%20to%201992%20-%20Exploration%20Associates/Seperated%20logs/BH13.pdf","","","","","Full","OSGB","","","Thames Water Utilities Limited","Halcrow and Partners Ltd.","Exploration Associates Ltd.","","","","","","","","","","","","","","","","","","","","","","SU49SW28","","","","","","","","","","","Yes","","","","",""
"BH14","SU49SE208","CP+RC","HISTORIC","40.00","1991 to 1992 - Exploration Associates","","","55.58","55.58","56.10","445931.00","194376.00","MR_12/03/2025","NM_25/03/2025","","51.646315","-1.337560","","https://arup.sharepoint.com/:b:/r/teams/prj-30356800/Data%20and%20Documents%20Library/GE%20-%20Geotechnical/GI%20reports/1991%20to%201992%20-%20Exploration%20Associates/Seperated%20logs/BH14.pdf","","","","","Full","OSGB","","","Thames Water Utilities Limited","Halcrow and Partners Ltd.","Exploration Associates Ltd.","","","","","","","","","","","","","","","","","","","","","","SU49SE208","","","","","","","","","","","Yes","","","","",""
"BH15","SU49SE209","CP+RC","HISTORIC","40.00","1991 to 1992 - Exploration Associates","","","55.12","55.12","54.90","446662.00","194764.00","MR_12/03/2025","NM_25/03/2025","","51.649744","-1.326944","","https://arup.sharepoint.com/:b:/r/teams/prj-30356800/Data%20and%20Documents%20Library/GE%20-%20Geotechnical/GI%20reports/1991%20to%201992%20-%20Exploration%20Associates/Seperated%20logs/BH15.pdf","","","","","Full","OSGB","","","Thames Water Utilities Limited","Halcrow and Partners Ltd.","Exploration Associates Ltd.","","","","","","","","","","","","","","","","","","","","","","SU49SE209","","","","","","","","","","","Yes","","","","",""
"BH16","SU49NE179","CP+RC","HISTORIC","40.00","1991 to 1992 - Exploration Associates","","","64.75","64.75","64.50","447605.00","195003.00","MR_12/03/2025","NM_25/03/2025","","51.651814","-1.313283","","https://arup.sharepoint.com/:b:/r/teams/prj-30356800/Data%20and%20Documents%20Library/GE%20-%20Geotechnical/GI%20reports/1991%20to%201992%20-%20Exploration%20Associates/Seperated%20logs/BH16.pdf","","","","","Full","OSGB","","","Thames Water Utilities Limited","Halcrow and Partners Ltd.","Exploration Associates Ltd.","","","","","","","","","","","","","","","","","","","","","","SU49NE179","","","","","","","","","","","Yes","","","","",""
"BH18","SU49SE210","CP+RC","HISTORIC","40.00","1991 to 1992 - Exploration Associates","","","51.02","49.20","49.20","449357.00","194979.00","MR_13/03/2025","NM_26/03/2025","","51.651448","-1.287965","","https://arup.sharepoint.com/:b:/r/teams/prj-30356800/Data%20and%20Documents%20Library/GE%20-%20Geotechnical/GI%20reports/1991%20to%201992%20-%20Exploration%20Associates/Seperated%20logs/BH18.pdf","","","","","Full","OSGB","","","Thames Water Utilities Limited","Halcrow and Partners Ltd.","Exploration Associates Ltd.","","","","","","","","","","","","","","","","","","","","","","SU49SE210","","","","","","","","","","","Yes","","","","",""
"BH19","SU49SW29","CP+RC","HISTORIC","20.10","1991 to 1992 - Exploration Associates","","","59.30","59.30","59.50","442340.50","193642.50","MR_13/03/2025","NM_26/03/2025","","51.640001","-1.389537","","https://arup.sharepoint.com/:b:/r/teams/prj-30356800/Data%20and%20Documents%20Library/GE%20-%20Geotechnical/GI%20reports/1991%20to%201992%20-%20Exploration%20Associates/Seperated%20logs/BH19.pdf","","","","","Full","OSGB","","","Thames Water Utilities Limited","Halcrow and Partners Ltd.","Exploration Associates Ltd.","","","","","","","","","","","","","","","","","","","","","","SU49SW29","","","","","","","","","","","Yes","","","","",""
"BH20","SU49SW30","CP+RC","HISTORIC","20.85","1991 to 1992 - Exploration Associates","","","58.19","58.19","58.30","443080.50","193742.00","MR_13/03/2025","NM_26/03/2025","","51.640840","-1.378832","","https://arup.sharepoint.com/:b:/r/teams/prj-30356800/Data%20and%20Documents%20Library/GE%20-%20Geotechnical/GI%20reports/1991%20to%201992%20-%20Exploration%20Associates/Seperated%20logs/BH20.pdf","","","","","Full","OSGB","","","Thames Water Utilities Limited","Halcrow and Partners Ltd.","Exploration Associates Ltd.","","","","","","","","","","","","","","","","","","","","","","SU49SW30","","","","","","","","","","","Yes","","","","",""
"BH201","","CP","HISTORIC","2.45","2002 - Soil Mechanics Ltd Phase 1","","","55.65","55.65","55.57","445540.24","196083.89","SR_12/03/2025","AC_19/03/2025","","51.661702","-1.342985","","https://arup.sharepoint.com/:b:/r/teams/prj-30356800/Data%20and%20Documents%20Library/GE%20-%20Geotechnical/GI%20reports/2002%20-%20Soil%20Mechanics%20Ltd%20Phase%201/Seperated%20logs/BH201.pdf","","","","","","","","","","","","","","","","","","","","","","","","","","","","","","","","","","","","","","","","","","","","No","","","","",""
"BH202","","CP","HISTORIC","3.60","2002 - Soil Mechanics Ltd Phase 1","","","55.54","55.54","55.17","445526.15","195888.71","SR_12/03/2025","AC_19/03/2025","","51.659949","-1.343214","","https://arup.sharepoint.com/:b:/r/teams/prj-30356800/Data%20and%20Documents%20Library/GE%20-%20Geotechnical/GI%20reports/2002%20-%20Soil%20Mechanics%20Ltd%20Phase%201/Seperated%20logs/BH202.pdf","","","","","","","","","","","","","","","","","","","","","","","","","","","","","","","","","","","","","","","","","","","","No","","","","",""
"BH203","","CP","HISTORIC","3.60","2002 - Soil Mechanics Ltd Phase 1","","","55.12","55.12","54.80","445572.79","195711.97","SR_12/03/2025","AC_25/03/2025","","51.658356","-1.342563","","https://arup.sharepoint.com/:b:/r/teams/prj-30356800/Data%20and%20Documents%20Library/GE%20-%20Geotechnical/GI%20reports/2002%20-%20Soil%20Mechanics%20Ltd%20Phase%201/Seperated%20logs/BH203.pdf","","","","","","","","","","","","","","","","","","","","","","","","","","","","","","","","","","","","","","","","","","","","No","","","","",""
"BH204","","CP","HISTORIC","5.00","2002 - Soil Mechanics Ltd Phase 1","","","54.81","54.81","55.13","445563.81","195518.73","SR_12/03/2025","AC_25/03/2025","","51.656619","-1.342718","","https://arup.sharepoint.com/:b:/r/teams/prj-30356800/Data%20and%20Documents%20Library/GE%20-%20Geotechnical/GI%20reports/2002%20-%20Soil%20Mechanics%20Ltd%20Phase%201/Seperated%20logs/BH204.pdf","","","","","","","","","","","","","","","","","","","","","","","","","","","","","","","","","","","","","","","","","","","","No","","","","",""
"BH205","","CP","HISTORIC","6.10","2002 - Soil Mechanics Ltd Phase 1","","","54.66","54.66","55.34","445566.78","195487.41","SR_12/03/2025","AC_25/03/2025","","51.656337","-1.342679","","https://arup.sharepoint.com/:b:/r/teams/prj-30356800/Data%20and%20Documents%20Library/GE%20-%20Geotechnical/GI%20reports/2002%20-%20Soil%20Mechanics%20Ltd%20Phase%201/Seperated%20logs/BH205.pdf","","","","","","","","","","","","","","","","","","","","","","","","","","","","","","","","","","","","","","","","","","","","No","","","","",""
"BH205A","","CP","HISTORIC","4.20","2002 - Soil Mechanics Ltd Phase 1","","","54.66","54.66","55.34","445566.78","195487.41","SR_12/03/2025","AC_25/03/2025","","51.656337","-1.342679","","https://arup.sharepoint.com/:b:/r/teams/prj-30356800/Data%20and%20Documents%20Library/GE%20-%20Geotechnical/GI%20reports/2002%20-%20Soil%20Mechanics%20Ltd%20Phase%201/Seperated%20logs/BH205A.pdf","","","","","","","","","","","","","","","","","","","","","","","","","","","","","","","","","","","","","","","","","","","","No","","","","",""
"BH206","","CP","HISTORIC","4.20","2002 - Soil Mechanics Ltd Phase 1","","","54.81","54.81","54.86","445569.83","195456.09","SR_12/03/2025","AC_25/03/2025","","51.656055","-1.342639","","https://arup.sharepoint.com/:b:/r/teams/prj-30356800/Data%20and%20Documents%20Library/GE%20-%20Geotechnical/GI%20reports/2002%20-%20Soil%20Mechanics%20Ltd%20Phase%201/Seperated%20logs/BH206.pdf","","","","","","","","","","","","","","","","","","","","","","","","","","","","","","","","","","","","","","","","","","","","No","","","","",""
"BH207","","CP","HISTORIC","4.00","2002 - Soil Mechanics Ltd Phase 1","","","54.89","54.89","54.86","445568.07","195440.01","SR_12/03/2025","AC_25/03/2025","","51.655911","-1.342666","","https://arup.sharepoint.com/:b:/r/teams/prj-30356800/Data%20and%20Documents%20Library/GE%20-%20Geotechnical/GI%20reports/2002%20-%20Soil%20Mechanics%20Ltd%20Phase%201/Seperated%20logs/BH207.pdf","","","","","","","","","","","","","","","","","","","","","","","","","","","","","","","","","","","","","","","","","","","","No","","","","",""
"BH208","","CP","HISTORIC","8.00","2002 - Soil Mechanics Ltd Phase 1","","","55.48","55.48","55.13","445557.63","195356.16","SR_12/03/2025","AC_25/03/2025","","51.655158","-1.342828","","https://arup.sharepoint.com/:b:/r/teams/prj-30356800/Data%20and%20Documents%20Library/GE%20-%20Geotechnical/GI%20reports/2002%20-%20Soil%20Mechanics%20Ltd%20Phase%201/Seperated%20logs/BH208.pdf","","","","","","","","","","","","","","","","","","","","","","","","","","","","","","","","","","","","","","","","","","","","No","","","","",""
"BH209A","","RO","HISTORIC","23.00","2003 - Soil Mechanics Ltd Phase 2","","","55.49","55.49","55.08","445560.00","195356.00","SR_13/03/2025","AC_26/03/2025","","51.655156","-1.342794","","https://arup.sharepoint.com/:b:/r/teams/prj-30356800/Data%20and%20Documents%20Library/GE%20-%20Geotechnical/GI%20reports/2003%20-%20Soil%20Mechanics%20Ltd%20Phase%202/Seperated%20logs/BH209A.pdf","","","","","","","","","","","","","","","","","","","","","","","","","","","","","","","","","","","","","","","","","","","","No","","","","",""
"BH21","SU49SW31","CP+RC","HISTORIC","80.00","1991 to 1992 - Exploration Associates","","","57.99","57.99","57.70","444144.00","193732.00","MR_13/03/2025","NM_26/03/2025","","51.640668","-1.363465","","https://arup.sharepoint.com/:b:/r/teams/prj-30356800/Data%20and%20Documents%20Library/GE%20-%20Geotechnical/GI%20reports/1991%20to%201992%20-%20Exploration%20Associates/Seperated%20logs/BH21.pdf","","","","","Full","OSGB","","","Thames Water Utilities Limited","Halcrow and Partners Ltd.","Exploration Associates Ltd.","","","","","","","","","","","","","","","","","","","","","","SU49SW31","","","","","","","","","","","Yes","","","","",""
"BH211","","CP+RO","HISTORIC","38.50","2003 - Soil Mechanics Ltd Phase 2","","","55.22","55.22","55.09","445562.00","195388.00","SR_13/03/2025","AC_26/03/2025","","51.655444","-1.342761","","https://arup.sharepoint.com/:b:/r/teams/prj-30356800/Data%20and%20Documents%20Library/GE%20-%20Geotechnical/GI%20reports/2003%20-%20Soil%20Mechanics%20Ltd%20Phase%202/Seperated%20logs/BH211.pdf","","","","","","","","","","","","","","","","","","","","","","","","","","","","","","","","","","","","","","","","","","","","No","","","","",""
"BH22","SU49SW32","CP+RC","HISTORIC","40.00","1991 to 1992 - Exploration Associates","","","58.15","58.15","58.10","444874.00","193636.00","MR_13/03/2025","NM_26/03/2025","","51.639747","-1.352929","","https://arup.sharepoint.com/:b:/r/teams/prj-30356800/Data%20and%20Documents%20Library/GE%20-%20Geotechnical/GI%20reports/1991%20to%201992%20-%20Exploration%20Associates/Seperated%20logs/BH22.pdf","","","","","Full","OSGB","","","Thames Water Utilities Limited","Halcrow and Partners Ltd.","Exploration Associates Ltd.","","","","","","","","","","","","","","","","","","","","","","SU49SW32","","","","","","","","","","","Yes","","","","",""
"BH222","","CP","HISTORIC","3.00","2002 - Soil Mechanics Ltd Phase 1","","","61.87","61.87","61.69","445765.49","192551.33","SR_12/03/2025","AC_25/03/2025","","51.629923","-1.340189","","https://arup.sharepoint.com/:b:/r/teams/prj-30356800/Data%20and%20Documents%20Library/GE%20-%20Geotechnical/GI%20reports/2002%20-%20Soil%20Mechanics%20Ltd%20Phase%201/Seperated%20logs/BH222.pdf","","","","","","","","","","","","","","","","","","","","","","","","","","","","","","","","","","","","","","","","","","","","No","","","","",""
"BH224","","CP","HISTORIC","1.30","2002 - Soil Mechanics Ltd Phase 1","","","60.17","60.17","59.77","447404.82","192117.58","SR_12/03/2025","AC_25/03/2025","","51.625889","-1.316566","","https://arup.sharepoint.com/:b:/r/teams/prj-30356800/Data%20and%20Documents%20Library/GE%20-%20Geotechnical/GI%20reports/2002%20-%20Soil%20Mechanics%20Ltd%20Phase%201/Seperated%20logs/BH224.pdf","","","","","","","","","","","","","","","","","","","","","","","","","","","","","","","","","","","","","","","","","","","","No","","","","",""
"BH23","SU49SE211","CP+RC","HISTORIC","40.00","1991 to 1992 - Exploration Associates","","","57.66","57.66","57.80","445994.00","193590.00","MR_13/03/2025","NM_26/03/2025","","51.639243","-1.336752","","https://arup.sharepoint.com/:b:/r/teams/prj-30356800/Data%20and%20Documents%20Library/GE%20-%20Geotechnical/GI%20reports/1991%20to%201992%20-%20Exploration%20Associates/Seperated%20logs/BH23.pdf","","","","","Full","OSGB","","","Thames Water Utilities Limited","Halcrow and Partners Ltd.","Exploration Associates Ltd.","","","","","","","","","","","","","","","","","","","","","","SU49SE211","","","","","","","","","","","Yes","","","","",""
"BH232","","CP","HISTORIC","2.00","2002 - Soil Mechanics Ltd Phase 1","","","59.32","59.32","59.02","442345.72","193650.65","SR_12/03/2025","AC_25/03/2025","","51.640074","-1.389460","","https://arup.sharepoint.com/:b:/r/teams/prj-30356800/Data%20and%20Documents%20Library/GE%20-%20Geotechnical/GI%20reports/2002%20-%20Soil%20Mechanics%20Ltd%20Phase%201/Seperated%20logs/BH232.pdf","","","","","","","","","","","","","","","","","","","","","","","","","","","","","","","","","","","","","","","","","","","","No","","","","",""
"BH234","","CP","HISTORIC","1.50","2002 - Soil Mechanics Ltd Phase 1","","","60.45","60.45","60.40","443352.68","193187.66","SR_12/03/2025","AC_25/03/2025","","51.635835","-1.374967","","https://arup.sharepoint.com/:b:/r/teams/prj-30356800/Data%20and%20Documents%20Library/GE%20-%20Geotechnical/GI%20reports/2002%20-%20Soil%20Mechanics%20Ltd%20Phase%201/Seperated%20logs/BH234.pdf","","","","","","","","","","","","","","","","","","","","","","","","","","","","","","","","","","","","","","","","","","","","No","","","","",""
"BH235","","CP","HISTORIC","2.40","2002 - Soil Mechanics Ltd Phase 1","","","61.23","61.23","60.97","444102.21","192567.16","SR_12/03/2025","AC_25/03/2025","","51.630198","-1.364216","","https://arup.sharepoint.com/:b:/r/teams/prj-30356800/Data%20and%20Documents%20Library/GE%20-%20Geotechnical/GI%20reports/2002%20-%20Soil%20Mechanics%20Ltd%20Phase%201/Seperated%20logs/BH235.pdf","","","","","","","","","","","","","","","","","","","","","","","","","","","","","","","","","","","","","","","","","","","","No","","","","",""
"BH236","","CP","HISTORIC","1.30","2002 - Soil Mechanics Ltd Phase 1","","","66.41","66.41","66.26","441472.86","192030.24","SR_12/03/2025","AC_25/03/2025","","51.625570","-1.402265","","https://arup.sharepoint.com/:b:/r/teams/prj-30356800/Data%20and%20Documents%20Library/GE%20-%20Geotechnical/GI%20reports/2002%20-%20Soil%20Mechanics%20Ltd%20Phase%201/Seperated%20logs/BH236.pdf","","","","","","","","","","","","","","","","","","","","","","","","","","","","","","","","","","","","","","","","","","","","No","","","","",""
"BH24","SU49SE212","CP+RC","HISTORIC","44.40","1991 to 1992 - Exploration Associates","","","56.54","57.80","57.80","447038.50","194078.50","MR_13/03/2025","NM_26/03/2025","","51.643549","-1.321595","","https://arup.sharepoint.com/:b:/r/teams/prj-30356800/Data%20and%20Documents%20Library/GE%20-%20Geotechnical/GI%20reports/1991%20to%201992%20-%20Exploration%20Associates/Seperated%20logs/BH24.pdf","","","","","Full","OSGB","","","Thames Water Utilities Limited","Halcrow and Partners Ltd.","Exploration Associates Ltd.","","","","","","","","","","","","","","","","","","","","","","SU49SE212","","","","","","","","","","","Yes","","","","",""
"BH240A","","RO+RC","HISTORIC","51.15","2003 - Soil Mechanics Ltd Phase 2","","","60.98","60.98","61.80","445400.00","192555.00","SR_21/03/2025","AC_02/04/2025","","51.629986","-1.345469","","https://arup.sharepoint.com/:b:/r/teams/prj-30356800/Data%20and%20Documents%20Library/GE%20-%20Geotechnical/GI%20reports/2003%20-%20Soil%20Mechanics%20Ltd%20Phase%202/Seperated%20logs/BH240A.pdf","","","","","","","","","","","","","","","","","","","","","","","","","","","","","","","","","","","","","","","","","","","","No","","","","",""
"BH240B","","RC","HISTORIC","55.20","2003 - Soil Mechanics Ltd Phase 2","","","61.00","61.00","61.80","445400.00","192550.00","SR_21/03/2025","AC_02/04/2025","","51.629941","-1.345470","","https://arup.sharepoint.com/:b:/r/teams/prj-30356800/Data%20and%20Documents%20Library/GE%20-%20Geotechnical/GI%20reports/2003%20-%20Soil%20Mechanics%20Ltd%20Phase%202/Seperated%20logs/BH240B.pdf","","","","","","","","","","","","","","","","","","","","","","","","","","","","","","","","","","","","","","","","","","","","No","","","","",""
"BH241","","RO","HISTORIC","72.00","2003 - Soil Mechanics Ltd Phase 2","","","60.98","60.98","61.80","445400.00","192555.00","SR_13/03/2025","","","51.629986","-1.345469","","https://arup.sharepoint.com/:b:/r/teams/prj-30356800/Data%20and%20Documents%20Library/GE%20-%20Geotechnical/GI%20reports/2003%20-%20Soil%20Mechanics%20Ltd%20Phase%202/Seperated%20logs/BH241.pdf","","","","","","","","","","","","","","","","","","","","","","","","","","","","","","","","","","","","","","","","","","","","No","","","","",""
"BH25","SU49SE213","CP+RC","HISTORIC","40.00","1991 to 1992 - Exploration Associates","","","59.56","59.56","59.90","446155.50","193199.00","MR_13/03/2025","NM_26/03/2025","","51.635715","-1.334470","","https://arup.sharepoint.com/:b:/r/teams/prj-30356800/Data%20and%20Documents%20Library/GE%20-%20Geotechnical/GI%20reports/1991%20to%201992%20-%20Exploration%20Associates/Seperated%20logs/BH25.pdf","","","","","Full","OSGB","","","Thames Water Utilities Limited","Halcrow and Partners Ltd.","Exploration Associates Ltd.","","","","","","","","","","","","","","","","","","","","","","SU49SE213","","","","","","","","","","","Yes","","","","",""
"BH26","SU49SE214","CP+RC","HISTORIC","40.00","1991 to 1992 - Exploration Associates","","","57.31","57.31","57.10","446928.50","193838.50","MR_13/03/2025","NM_26/03/2025","","51.641401","-1.323216","","https://arup.sharepoint.com/:b:/r/teams/prj-30356800/Data%20and%20Documents%20Library/GE%20-%20Geotechnical/GI%20reports/1991%20to%201992%20-%20Exploration%20Associates/Seperated%20logs/BH26.pdf","","","","","Full","OSGB","","","Thames Water Utilities Limited","Halcrow and Partners Ltd.","Exploration Associates Ltd.","","","","","","","","","","","","","","","","","","","","","","SU49SE214","","","","","","","","","","","Yes","","","","",""
"BH27","SU49SW33","CP+RC","HISTORIC","31.00","1991 to 1992 - Exploration Associates","","","61.18","61.18","60.90","442085.00","192991.50","MR_13/03/2025","NM_26/03/2025","","51.634167","-1.393307","","https://arup.sharepoint.com/:b:/r/teams/prj-30356800/Data%20and%20Documents%20Library/GE%20-%20Geotechnical/GI%20reports/1991%20to%201992%20-%20Exploration%20Associates/Seperated%20logs/BH27.pdf","","","","","Full","OSGB","","","Thames Water Utilities Limited","Halcrow and Partners Ltd.","Exploration Associates Ltd.","","","","","","","","","","","","","","","","","","","","","","SU49SW33","","","","","","","","","","","Yes","","","","",""
"BH28","SU49SW34","CP+RC","HISTORIC","40.50","1991 to 1992 - Exploration Associates","","","60.09","60.09","60.50","442960.50","193054.50","MR_13/03/2025","NM_26/03/2025","","51.634668","-1.380650","","https://arup.sharepoint.com/:b:/r/teams/prj-30356800/Data%20and%20Documents%20Library/GE%20-%20Geotechnical/GI%20reports/1991%20to%201992%20-%20Exploration%20Associates/Seperated%20logs/BH28.pdf","","","","","Full","OSGB","","","Thames Water Utilities Limited","Halcrow and Partners Ltd.","Exploration Associates Ltd.","","","","","","","","","","","","","","","","","","","","","","SU49SW34","","","","","","","","","","","Yes","","","","",""
"BH29","SU49SW35","CP+RC","HISTORIC","40.00","1991 to 1992 - Exploration Associates","","","60.09","60.09","60.30","444100.00","192935.50","MR_13/03/2025","NM_26/03/2025","","51.633510","-1.364201","","https://arup.sharepoint.com/:b:/r/teams/prj-30356800/Data%20and%20Documents%20Library/GE%20-%20Geotechnical/GI%20reports/1991%20to%201992%20-%20Exploration%20Associates/Seperated%20logs/BH29.pdf","","","","","Full","OSGB","","","Thames Water Utilities Limited","Halcrow and Partners Ltd.","Exploration Associates Ltd.","","","","","","","","","","","","","","","","","","","","","","SU49SW35","","","","","","","","","","","Yes","","","","",""
"BH30","SU49SE215","CP+RC","HISTORIC","45.70","1991 to 1992 - Exploration Associates","","","61.08","61.08","60.90","445105.50","192630.50","MR_13/03/2025","NM_26/03/2025","","51.630688","-1.349714","","https://arup.sharepoint.com/:b:/r/teams/prj-30356800/Data%20and%20Documents%20Library/GE%20-%20Geotechnical/GI%20reports/1991%20to%201992%20-%20Exploration%20Associates/Seperated%20logs/BH30.pdf","","","","","Full","OSGB","","","Thames Water Utilities Limited","Halcrow and Partners Ltd.","Exploration Associates Ltd.","","","","","","","","","","","","","","","","","","","","","","SU49SE215","","","","","","","","","","","Yes","","","","",""
"BH301","SU49SW80","RC","HISTORIC","20.00","2005 - Norwest Holst Engineering Ltd","","","56.93","56.93","56.69","444300.46","194780.91","SR_14/03/2025","","","51.650086","-1.361072","","https://arup.sharepoint.com/:b:/r/teams/prj-30356800/Data%20and%20Documents%20Library/GE%20-%20Geotechnical/GI%20reports/2005%20-%20Norwest%20Holst%20Engineering%20Ltd/Seperated%20logs/BH301.pdf","","","2005-09-27","2005-09-28","","","","","Thames Water","Jacobs","Norwest Holst Soil Engineering Limited","1. Rotary coring from GL to 20.00m. 2. Wireline geophysics carried out on completion of coring. 3. Borehole grouted on completion.","","","","","","","","","","","","","","","","","","","","","SU49SW80","","","","","","","","","","","","","","","",""
"BH302","","RC","HISTORIC","17.20","2005 - Norwest Holst Engineering Ltd","","","55.71","55.71","55.56","445013.43","194901.44","SR_20/03/2025","","","51.651113","-1.350752","","https://arup.sharepoint.com/:b:/r/teams/prj-30356800/Data%20and%20Documents%20Library/GE%20-%20Geotechnical/GI%20reports/2005%20-%20Norwest%20Holst%20Engineering%20Ltd/Seperated%20logs/BH302.pdf","","","2005-09-26","2005-09-26","","","","","Thames Water","Jacobs","Norwest Holst Soil Engineering Limited","1. Rotary coring from GL to 17.20m. 2. Wireline geophysics carried out on completion of coring. 3. Borehole grouted on completion.","","","","","","","","","","","","","","","","","","","","","","","","","","","","","","","","","","","","",""
"BH303","","RC","HISTORIC","27.65","2005 - Norwest Holst Engineering Ltd","","","55.32","55.32","55.20","445693.82","194607.72","SR_18/03/2025","","","51.648418","-1.340957","","https://arup.sharepoint.com/:b:/r/teams/prj-30356800/Data%20and%20Documents%20Library/GE%20-%20Geotechnical/GI%20reports/2005%20-%20Norwest%20Holst%20Engineering%20Ltd/Seperated%20logs/BH303.pdf","","","2005-10-06","2005-10-13","","","","","Thames Water","Jacobs","Norwest Holst Soil Engineering Limited","1. Rotary coring from GL to 27.65m. 2. Packer permeability tests carried out at depth specified by the engineer. 3. Wireline geophysics carried out on completion of coring. 4. Borehole grouted on completion.","","","","","","","","","","","","","","","","","","","","","","","","","","","","","","","","","","","","",""
"BH303A","","RO","HISTORIC","7.00","2005 - Norwest Holst Engineering Ltd","","","55.30","55.30","55.08","445703.88","194602.24","SR_18/03/2025","","","51.648368","-1.340812","","https://arup.sharepoint.com/:b:/r/teams/prj-30356800/Data%20and%20Documents%20Library/GE%20-%20Geotechnical/GI%20reports/2005%20-%20Norwest%20Holst%20Engineering%20Ltd/Seperated%20logs/BH303A.pdf","","","2005-10-13","2005-10-13","","","","","Thames Water","Jacobs","Norwest Holst Soil Engineering Limited","1. Rotary openhole drilling from GL to 7.00m. 2. Packer permeability test carried out at 5.00m. 3. Borehole grouted on completion. 3. 0* indicates Rotary openhole drilling.","","","","","","","","","","","","","","","","","","","","","","","","","","","","","","","","","","","","",""
"BH304","","RC","HISTORIC","16.90","2005 - Norwest Holst Engineering Ltd","","","59.44","59.44","59.65","443193.85","194146.22","SR_18/03/2025","","","51.644465","-1.377144","","https://arup.sharepoint.com/:b:/r/teams/prj-30356800/Data%20and%20Documents%20Library/GE%20-%20Geotechnical/GI%20reports/2005%20-%20Norwest%20Holst%20Engineering%20Ltd/Seperated%20logs/BH304.pdf","","","2005-10-05","2005-10-07","","","","","Thames Water","Jacobs","Norwest Holst Soil Engineering Limited","1. Rotary coring from GL to 16.90m. 2. Wireline geophysics carried out on completion of coring. 3. Piezometer installed, tip at 5.00m.","","","","","","","","","","","","","","","","","","","","","","","","","","","","","","","","","","","","",""
"BH305","","RC","HISTORIC","21.40","2005 - Norwest Holst Engineering Ltd","","","59.71","59.71","59.55","443361.86","193754.69","SR_14/03/2025","","","51.640932","-1.374765","","https://arup.sharepoint.com/:b:/r/teams/prj-30356800/Data%20and%20Documents%20Library/GE%20-%20Geotechnical/GI%20reports/2005%20-%20Norwest%20Holst%20Engineering%20Ltd/Seperated%20logs/BH305.pdf","","","2005-10-10","2005-10-12","","","","","Thames Water","Jacobs","Norwest Holst Soil Engineering Limited","1. Rotary coring from GL to 21.40m. 2. Wireline geophysics carried out on completion of coring. 3. Borehole grouted on completion.","","","","","","","","","","","","","","","","","","","","","","","","","","","","","","","","","","","","",""
"BH306","","RC","HISTORIC","19.80","2005 - Norwest Holst Engineering Ltd","","","58.11","58.11","57.98","444024.22","194088.86","SR_14/03/2025","","","51.643886","-1.365151","","https://arup.sharepoint.com/:b:/r/teams/prj-30356800/Data%20and%20Documents%20Library/GE%20-%20Geotechnical/GI%20reports/2005%20-%20Norwest%20Holst%20Engineering%20Ltd/Seperated%20logs/BH306.pdf","","","2005-11-01","2005-11-03","","","","","Thames Water","Jacobs","Norwest Holst Soil Engineering Limited","1. Rotary coring from GL to 19.80m. 2. Packer permeability tests carried out at depths specified by engineer. 3. Wireline geophysics carried out on completion of coring. 4. Borehole grouted on completion.","","","","","","","","","","","","","","","","","","","","","","","","","","","","","","","","","","","","",""
"BH307","","RC","HISTORIC","20.00","2005 - Norwest Holst Engineering Ltd","","","57.20","57.20","57.09","444574.38","194211.15","SR_20/03/2025","","","51.644942","-1.357186","","https://arup.sharepoint.com/:b:/r/teams/prj-30356800/Data%20and%20Documents%20Library/GE%20-%20Geotechnical/GI%20reports/2005%20-%20Norwest%20Holst%20Engineering%20Ltd/Seperated%20logs/BH307.pdf","","","2005-10-11","2005-10-13","","","","","Thames Water","Jacobs","Norwest Holst Soil Engineering Limited","1. Rotary coring from GL to 20.00m. 2. Borehole sampled for testing. 3. Wireline geophysics carried out on completion of coring. 4. Vibrating wire piezometer installed.","","","","","","","","","","","","","","","","","","","","","","","","","","","","","","","","","","","","",""
"BH308","","RC","HISTORIC","31.25","2005 - Norwest Holst Engineering Ltd","","","58.19","58.19","58.00","444568.31","193807.26","SR_20/03/2025","","","51.641311","-1.357325","","https://arup.sharepoint.com/:b:/r/teams/prj-30356800/Data%20and%20Documents%20Library/GE%20-%20Geotechnical/GI%20reports/2005%20-%20Norwest%20Holst%20Engineering%20Ltd/Seperated%20logs/BH308.pdf","","","2005-09-28","2005-09-30","","","","","Thames Water","Jacobs","Norwest Holst Soil Engineering Limited","1. Rotary coring from GL to 31.25m. 2. Wireline geophysics carried out on completion of coring. 3. Borehole grouted on completion.","","","","","","","","","","","","","","","","","","","","","","","","","","","","","","","","","","","","",""
"BH309","","RC","HISTORIC","31.00","2005 - Norwest Holst Engineering Ltd","","","56.03","56.03","56.00","445379.41","194146.64","SR_20/03/2025","","","51.644298","-1.345560","","https://arup.sharepoint.com/:b:/r/teams/prj-30356800/Data%20and%20Documents%20Library/GE%20-%20Geotechnical/GI%20reports/2005%20-%20Norwest%20Holst%20Engineering%20Ltd/Seperated%20logs/BH309.pdf","","","2005-10-04","2005-10-05","","","","","Thames Water","Jacobs","Norwest Holst Soil Engineering Limited","1. Rotary coring from GL to 31.00m. 2. Wireline geophysics carried out on completion of coring. 3. Borehole grouted on completion.","","","","","","","","","","","","","","","","","","","","","","","","","","","","","","","","","","","","",""
"BH31","SU49SE216","CP+RC","HISTORIC","40.70","1991 to 1992 - Exploration Associates","","","62.02","62.02","61.80","446043.00","192549.00","MR_13/03/2025","NM_26/03/2025","","51.629880","-1.336181","","https://arup.sharepoint.com/:b:/r/teams/prj-30356800/Data%20and%20Documents%20Library/GE%20-%20Geotechnical/GI%20reports/1991%20to%201992%20-%20Exploration%20Associates/Seperated%20logs/BH31.pdf","","","","","Full","OSGB","","","Thames Water Utilities Limited","Halcrow and Partners Ltd.","Exploration Associates Ltd.","","","","","","","","","","","","","","","","","","","","","","SU49SE216","","","","","","","","","","","Yes","","","","",""
"BH310","","RC","HISTORIC","32.70","2005 - Norwest Holst Engineering Ltd","","","57.05","57.05","56.68","445278.86","193796.43","SR_20/03/2025","","","51.641157","-1.347059","","https://arup.sharepoint.com/:b:/r/teams/prj-30356800/Data%20and%20Documents%20Library/GE%20-%20Geotechnical/GI%20reports/2005%20-%20Norwest%20Holst%20Engineering%20Ltd/Seperated%20logs/BH310.pdf","","","2005-10-01","2005-10-03","","","","","Thames Water","Jacobs","Norwest Holst Soil Engineering Limited","1. Inspection pit hand excavated from GL to 1.20m. 2. Rotary coring from 1.20m to 32.70m. 3. Wireline geophysics carried out on completion of coring. 4. Borehole grouted on completion.","","","","","","","","","","","","","","","","","","","","","","","","","","","","","","","","","","","","",""
"BH311","","RC","HISTORIC","30.15","2005 - Norwest Holst Engineering Ltd","","","57.09","57.09","57.04","446397.34","193918.55","SR_20/03/2025","","","51.642164","-1.330881","","https://arup.sharepoint.com/:b:/r/teams/prj-30356800/Data%20and%20Documents%20Library/GE%20-%20Geotechnical/GI%20reports/2005%20-%20Norwest%20Holst%20Engineering%20Ltd/Seperated%20logs/BH311.pdf","","","2005-09-08","2005-09-14","","","","","Thames Water","Jacobs","Norwest Holst Soil Engineering Limited","1. Service inspection pit hand excavated from G. L to 1.20m. 2. Rotary coring from 1.20m to 30.15m. 3. Coring abandoned at 30.15m due to casing shoe refer to borehole BH311A for redrill. 4. Borehole grouted on completion.","","","","","","","","","","","","","","","","","","","","","","","","","","","","","","","","","","","","",""
"BH311A","","RC","HISTORIC","45.20","2005 - Norwest Holst Engineering Ltd","","","57.12","57.12","57.04","446395.58","193913.56","SR_20/03/2025","","","51.642120","-1.330907","","https://arup.sharepoint.com/:b:/r/teams/prj-30356800/Data%20and%20Documents%20Library/GE%20-%20Geotechnical/GI%20reports/2005%20-%20Norwest%20Holst%20Engineering%20Ltd/Seperated%20logs/BH311A.pdf","","","2005-09-15","2005-09-19","","","","","Thames Water","Jacobs","Norwest Holst Soil Engineering Limited","1. Rotary openhole drilling from GL to 29.20m. 2. Rotary coring from 29.20m to 45.20m. 3. Wireline geophysics carried out on completion of coring. 4. Piezometer installed with tip at 5.00m.","","","","","","","","","","","","","","","","","","","","","","","","","","","","","","","","","","","","",""
"BH313","","RC","HISTORIC","23.00","2005 - Norwest Holst Engineering Ltd","","","59.31","59.31","59.12","442690.54","193322.65","SR_17/03/2025","","","51.637099","-1.384518","","https://arup.sharepoint.com/:b:/r/teams/prj-30356800/Data%20and%20Documents%20Library/GE%20-%20Geotechnical/GI%20reports/2005%20-%20Norwest%20Holst%20Engineering%20Ltd/Seperated%20logs/BH313.pdf","","","2005-11-04","2005-11-08","","","","","Thames Water","Jacobs","Norwest Holst Soil Engineering Limited","1. Rotary coring from GL to 23.00m. 2. Wireline geophysics carried out on completion of coring. 3. Borehole grouted on completion.","","","","","","","","","","","","","","","","","","","","","","","","","","","","","","","","","","","","",""
"BH314","","RC","HISTORIC","27.00","2005 - Norwest Holst Engineering Ltd","","","59.96","59.96","60.40","443341.60","193471.72","SR_14/03/2025","","","51.638390","-1.375092","","https://arup.sharepoint.com/:b:/r/teams/prj-30356800/Data%20and%20Documents%20Library/GE%20-%20Geotechnical/GI%20reports/2005%20-%20Norwest%20Holst%20Engineering%20Ltd/Seperated%20logs/BH314.pdf","","","2005-10-15","2005-10-17","","","","","Thames Water","Jacobs","Norwest Holst Soil Engineering Limited","1. Rotary coring from GL to 27.00m. 2. Wireline geophysics carried out on completion of coring. 3. Borehole grouted on completion.","","","","","","","","","","","","","","","","","","","","","","","","","","","","","","","","","","","","",""
"BH315","","RC","HISTORIC","35.00","2005 - Norwest Holst Engineering Ltd","","","60.03","60.03","59.86","443505.91","193165.60","SR_14/03/2025","","","51.635625","-1.372756","","https://arup.sharepoint.com/:b:/r/teams/prj-30356800/Data%20and%20Documents%20Library/GE%20-%20Geotechnical/GI%20reports/2005%20-%20Norwest%20Holst%20Engineering%20Ltd/Seperated%20logs/BH315.pdf","","","2005-09-29","2005-10-01","","","","","Thames Water","Jacobs","Norwest Holst Soil Engineering Limited","1. Inspection pit hand excavated from G. L to 1.20m. 2. Rotary coring from 1.20m to 35.00m. 3. Wireline geophysics carried out on completion of coring. 4. Borehole grouted on completion.","","","","","","","","","","","","","","","","","","","","","","","","","","","","","","","","","","","","",""
"BH316","SU49SW81","RC","HISTORIC","23.40","2005 - Norwest Holst Engineering Ltd","","","58.65","58.65","58.98","443698.18","193686.04","SR_14/03/2025","","","51.640289","-1.369913","","https://arup.sharepoint.com/:b:/r/teams/prj-30356800/Data%20and%20Documents%20Library/GE%20-%20Geotechnical/GI%20reports/2005%20-%20Norwest%20Holst%20Engineering%20Ltd/Seperated%20logs/BH316.pdf","","","2005-10-12","2005-10-14","","","","","Thames Water","Jacobs","Norwest Holst Soil Engineering Limited","1. Rotary coring from GL to 23.40m. 2. Wireline geophysics carried out on completion of coring. 3. Borehole grouted on completion.","","","","","","","","","","","","","","","","","","","","","SU49SW81","","","","","","","","","","","","","","","",""
"BH317","SU49SW82","RC","HISTORIC","35.00","2005 - Norwest Holst Engineering Ltd","","","58.70","58.70","58.64","443975.79","193379.41","SR_20/03/2025","","","51.637511","-1.365940","","https://arup.sharepoint.com/:b:/r/teams/prj-30356800/Data%20and%20Documents%20Library/GE%20-%20Geotechnical/GI%20reports/2005%20-%20Norwest%20Holst%20Engineering%20Ltd/Seperated%20logs/BH317.pdf","","","2005-09-26","2005-09-28","","","","","Thames Water","Jacobs","Norwest Holst Soil Engineering Limited","1. Rotary coring from GL to 35.00m. 2. Wireline geophysics carried out on completion of coring. 3. Borehole grouted on completion.","","","","","","","","","","","","","","","","","","","","","SU49SW82","","","","","","","","","","","","","","","",""
"BH318","","RC","HISTORIC","37.70","2005 - Norwest Holst Engineering Ltd","","","58.98","58.98","58.75","444506.49","193303.59","SR_17/03/2025","","","51.636788","-1.358282","","https://arup.sharepoint.com/:b:/r/teams/prj-30356800/Data%20and%20Documents%20Library/GE%20-%20Geotechnical/GI%20reports/2005%20-%20Norwest%20Holst%20Engineering%20Ltd/Seperated%20logs/BH318.pdf","","","2005-10-01","2005-10-05","","","","","Thames Water","Jacobs","Norwest Holst Soil Engineering Limited","1. Inspection pit hand excavated from GL to 1.20m. 2. Rotary coring from 1.20m to 37.70m. 3. Wireline geophysics carried out on completion of coring. 4. Borehole grouted on completion.","","","","","","","","","","","","","","","","","","","","","","","","","","","","","","","","","","","","",""
"BH319","SU49SW83","RC","HISTORIC","41.10","2005 - Norwest Holst Engineering Ltd","","","60.06","60.06","60.40","444596.33","193016.39","SR_17/03/2025","","","51.634198","-1.357020","","https://arup.sharepoint.com/:b:/r/teams/prj-30356800/Data%20and%20Documents%20Library/GE%20-%20Geotechnical/GI%20reports/2005%20-%20Norwest%20Holst%20Engineering%20Ltd/Seperated%20logs/BH319.pdf","","","2005-10-29","2005-11-01","","","","","Thames Water","Jacobs","Norwest Holst Soil Engineering Limited","1. Rotary coring from GL to 41.10m.","","","","","","","","","","","","","","","","","","","","","SU49SW83","","","","","","","","","","","","","","","",""
"BH32","SU49SE217","CP+RC","HISTORIC","40.00","1991 to 1992 - Exploration Associates","","","60.31","60.31","60.10","446796.00","192781.50","UK_31/03/2025","","","51.631908","-1.325272","","https://arup.sharepoint.com/:b:/r/teams/prj-30356800/Data%20and%20Documents%20Library/GE%20-%20Geotechnical/GI%20reports/1991%20to%201992%20-%20Exploration%20Associates/Seperated%20logs/BH32.pdf","","","","","Full","OSGB","","","Thames Water Utilities Limited","Halcrow and Partners Ltd.","Exploration Associates Ltd.","","","","","","","","","","","","","","","","","","","","","","SU49SE217","","","","","","","","","","","Yes","","","","",""
"BH320","","RC","HISTORIC","40.80","2005 - Norwest Holst Engineering Ltd","","","58.05","58.05","57.77","445206.36","193243.00","SR_17/03/2025","","","51.636187","-1.348178","","https://arup.sharepoint.com/:b:/r/teams/prj-30356800/Data%20and%20Documents%20Library/GE%20-%20Geotechnical/GI%20reports/2005%20-%20Norwest%20Holst%20Engineering%20Ltd/Seperated%20logs/BH320.pdf","","","2005-10-20","2005-10-28","","","","","Thames Water","Jacobs","Norwest Holst Soil Engineering Limited","1. Rotary coring from GL to 40.80m. 2. Borehole sampled for testing. 3. Wireline geophysics carried out on completion of coring. 4. Vibrating wire piezometer installed.","","","","","","","","","","","","","","","","","","","","","","","","","","","","","","","","","","","","",""
"BH321","SU49SE341","RC","HISTORIC","40.00","2005 - Norwest Holst Engineering Ltd","","","58.96","58.96","58.94","445120.27","192995.79","SR_21/03/2025","","","51.633971","-1.349453","","https://arup.sharepoint.com/:b:/r/teams/prj-30356800/Data%20and%20Documents%20Library/GE%20-%20Geotechnical/GI%20reports/2005%20-%20Norwest%20Holst%20Engineering%20Ltd/Seperated%20logs/BH321.pdf","","","2005-10-19","2005-10-24","","","","","Thames Water","Jacobs","Norwest Holst Soil Engineering Limited","1. Inspection pit hand excavated from GL to 1.20m. 2. Rotary coring from 1.20m to 40.00m. 3. Wireline geophysics carried out on completion of coring. 4. Borehole grouted on completion.","","","","","","","","","","","","","","","","","","","","","SU49SE341","","","","","","","","","","","","","","","",""
"BH322","","RC","HISTORIC","42.00","2006 - Norwest Holst Engineering Ltd","","","61.87","61.87","62.59","445765.52","192550.92","ND_14/03/2025","","","51.629920","-1.340189","","https://arup.sharepoint.com/:b:/r/teams/prj-30356800/Data%20and%20Documents%20Library/GE%20-%20Geotechnical/GI%20reports/2006%20-%20Norwest%20Holst%20Engineering%20Ltd/Seperated%20logs/BH322.pdf","","","2006-08-25","2006-08-30","","","","","Thames Water","Jacobs","Norwest Holst","1. Rotary Coring from GL to 42.00m. 2. Geophysics carried out on completion of borehole. 3. Borehole grouted on completion.","","","","","","","","","","","","","","","","","","","","","","","","","","","","","","","","","","","","",""
"BH323","SU49SE342","RC","HISTORIC","40.00","2005 - Norwest Holst Engineering Ltd","","","59.61","59.61","59.59","445781.12","193047.20","SR_21/03/2025","","","51.634381","-1.339899","","https://arup.sharepoint.com/:b:/r/teams/prj-30356800/Data%20and%20Documents%20Library/GE%20-%20Geotechnical/GI%20reports/2005%20-%20Norwest%20Holst%20Engineering%20Ltd/Seperated%20logs/BH323.pdf","","","2005-09-20","2005-09-23","","","","","Thames Water","Jacobs","Norwest Holst Soil Engineering Limited","1. Rotary coring from GL to 40.00m. 2. Wireline geophysics carried out on completion of coring. 3. Borehole grouted on completion.","","","","","","","","","","","","","","","","","","","","","SU49SE342","","","","","","","","","","","","","","","",""
"BH324","","RC","HISTORIC","50.00","2006 - Norwest Holst Engineering Ltd","","","58.56","58.56","58.34","446619.37","193377.28","ND_14/03/2025","","","51.637280","-1.327745","","https://arup.sharepoint.com/:b:/r/teams/prj-30356800/Data%20and%20Documents%20Library/GE%20-%20Geotechnical/GI%20reports/2006%20-%20Norwest%20Holst%20Engineering%20Ltd/Seperated%20logs/BH324.pdf","","","2006-09-04","2006-09-07","","","","","Thames Water","Jacobs","Norwest Holst","1. Rotary Coring from GL to 50.00m. 2. Geophysics carried out on completion of borehole. 3. Borehole grouted on completion.","","","","","","","","","","","","","","","","","","","","","","","","","","","","","","","","","","","","",""
"BH325","","RC","HISTORIC","38.50","2005 - Norwest Holst Engineering Ltd","","","61.47","61.47","61.15","442525.88","192541.00","SR_24/03/2025","","","51.630084","-1.386992","","https://arup.sharepoint.com/:b:/r/teams/prj-30356800/Data%20and%20Documents%20Library/GE%20-%20Geotechnical/GI%20reports/2005%20-%20Norwest%20Holst%20Engineering%20Ltd/Seperated%20logs/BH325.pdf","","","2005-11-11","2005-11-14","","","","","Thames Water","Jacobs","Norwest Holst Soil Engineering Limited","1. Inspection pit hand excavated from GL to 0.50m. 2. Rotary coring from 0.50m to 38.50m. 3. Borehole sampled for testing. 4. Wireline geophysics carried out on completion of coring. 5. Piezometer installed with tip at 5.00m.","","","","","","","","","","","","","","","","","","","","","","","","","","","","","","","","","","","","",""
"BH326","","RC","HISTORIC","38.70","2006 - Norwest Holst Engineering Ltd","","","60.71","60.71","60.52","443265.05","192778.37","ND_14/03/2025","","","51.632162","-1.376284","","https://arup.sharepoint.com/:b:/r/teams/prj-30356800/Data%20and%20Documents%20Library/GE%20-%20Geotechnical/GI%20reports/2006%20-%20Norwest%20Holst%20Engineering%20Ltd/Seperated%20logs/BH326.pdf","","","2006-08-17","2006-08-22","","","","","Thames Water","Jacobs","Norwest Holst","1. Rotary Coring from GL to 38.70m. 2. Geophysics carried out on completion of borehole. 3. Borehole grouted on completion.","","","","","","","","","","","","","","","","","","","","","","","","","","","","","","","","","","","","",""
"BH327","","RC","HISTORIC","43.70","2005 - Norwest Holst Engineering Ltd","","","60.60","60.60","60.56","443751.28","192619.78","SR_17/03/2025","","","51.630699","-1.369279","","https://arup.sharepoint.com/:b:/r/teams/prj-30356800/Data%20and%20Documents%20Library/GE%20-%20Geotechnical/GI%20reports/2005%20-%20Norwest%20Holst%20Engineering%20Ltd/Seperated%20logs/BH327.pdf","","","2005-09-27","2005-09-30","","","","","Thames Water","Jacobs","Norwest Holst Soil Engineering Limited","1. Rotary coring from GL to 43.70m. 2. Wireline geophysics carried out on completion of coring. 3. Borehole grouted on completion.","","","","","","","","","","","","","","","","","","","","","","","","","","","","","","","","","","","","",""
"BH328","SU49SW84","RC","HISTORIC","40.00","2005 - Norwest Holst Engineering Ltd","","","60.84","60.84","60.83","443729.10","192283.02","SR_17/03/2025","","","51.627672","-1.369641","","https://arup.sharepoint.com/:b:/r/teams/prj-30356800/Data%20and%20Documents%20Library/GE%20-%20Geotechnical/GI%20reports/2005%20-%20Norwest%20Holst%20Engineering%20Ltd/Seperated%20logs/BH328.pdf","","","2005-09-26","2005-09-28","","","","","Thames Water","Jacobs","Norwest Holst Soil Engineering Limited","1. Rotary Coring from GL to 40.00m. 2. Wireline geophysics carried out on completion of coring. 3. Borehole grouted on completion.","","","","","","","","","","","","","","","","","","","","","SU49SW84","","","","","","","","","","","","","","","",""
"BH329","SU49SW85","RC","HISTORIC","40.00","2005 - Norwest Holst Engineering Ltd","","","61.77","61.77","61.75","444678.60","192597.48","SR_21/03/2025","","","51.630425","-1.355885","","https://arup.sharepoint.com/:b:/r/teams/prj-30356800/Data%20and%20Documents%20Library/GE%20-%20Geotechnical/GI%20reports/2005%20-%20Norwest%20Holst%20Engineering%20Ltd/Seperated%20logs/BH329.pdf","","","2005-10-25","2005-10-29","","","","","Thames Water","Jacobs","Norwest Holst Soil Engineering Limited","1. Rotary coring from GL to 40.00m. 2. 6.00m of casing left in the hole as no access to position after completion of preliminary drilling works.","","","","","","","","","","","","","","","","","","","","","SU49SW85","","","","","","","","","","","","","","","",""
"BH33","SU49SW36","CP+RC","HISTORIC","42.25","1991 to 1992 - Exploration Associates","","","66.43","66.43","66.40","441937.50","191772.50","UK_31/03/2025","","","51.623218","-1.395584","","https://arup.sharepoint.com/:b:/r/teams/prj-30356800/Data%20and%20Documents%20Library/GE%20-%20Geotechnical/GI%20reports/1991%20to%201992%20-%20Exploration%20Associates/Seperated%20logs/BH33.pdf","","","","","Full","OSGB","","","Thames Water Utilities Limited","Halcrow and Partners Ltd.","Exploration Associates Ltd.","","","","","","","","","","","","","","","","","","","","","","SU49SW36","","","","","","","","","","","Yes","","","","",""
"BH330","SU49SW86","RC","HISTORIC","40.00","2005 - Norwest Holst Engineering Ltd","","","62.70","62.70","62.58","444628.91","192325.25","AC_14/03/2025","","","51.627982","-1.356638","","https://arup.sharepoint.com/:b:/r/teams/prj-30356800/Data%20and%20Documents%20Library/GE%20-%20Geotechnical/GI%20reports/2005%20-%20Norwest%20Holst%20Engineering%20Ltd/Seperated%20logs/BH330.pdf","","","2005-09-16","2005-09-19","","","","","Thames Water","Jacobs","Norwest Holst Soil Engineering Limited","1. Rotary coring from GL to 40.00m. 2. Wireline Geophysics carried out on completion of coring. 3. Borehole grouted on completion.","","","","","","","","","","","","","","","","","","","","","SU49SW86","","","","","","","","","","","","","","","",""
"BH331","","RC","HISTORIC","40.20","2005 - Norwest Holst Engineering Ltd","","","61.71","61.71","61.60","445779.85","192574.69","AC_14/03/2025","","","51.630132","-1.339979","","https://arup.sharepoint.com/:b:/r/teams/prj-30356800/Data%20and%20Documents%20Library/GE%20-%20Geotechnical/GI%20reports/2005%20-%20Norwest%20Holst%20Engineering%20Ltd/Seperated%20logs/BH331.pdf","","","2005-10-31","2005-11-07","","","","","Thames Water","Jacobs","Norwest Holst Soil Engineering Limited","1. Rotary coring from GL to 40.20m. 2. Borehole sampled for testing. 3. Wireline geophysics carried out on completion of coring. 4. Vibrating wire piezometer installed.","","","","","","","","","","","","","","","","","","","","","","","","","","","","","","","","","","","","",""
"BH332","","RC","HISTORIC","51.50","2005 - Norwest Holst Engineering Ltd","","","61.85","61.85","61.74","443347.24","191946.64","AC_14/03/2025","","","51.624678","-1.375199","","https://arup.sharepoint.com/:b:/r/teams/prj-30356800/Data%20and%20Documents%20Library/GE%20-%20Geotechnical/GI%20reports/2005%20-%20Norwest%20Holst%20Engineering%20Ltd/Seperated%20logs/BH332.pdf","","","2005-09-19","2005-09-23","","","","","Thames Water","Jacobs","Norwest Holst Soil Engineering Limited","1. Rotary coring from GL to 51.50m. 2. Wireline geophysics carried out on completion of coring. 3. Standpipe installed slotted from 5.40m to 2.20m.","","","","","","","","","","","","","","","","","","","","","","","","","","","","","","","","","","","","",""
"BH333","","RC","HISTORIC","6.00","2005 - Norwest Holst Engineering Ltd","","","60.25","60.25","59.98","446378.43","192861.84","SR_24/03/2025","","","51.632665","-1.331294","","https://arup.sharepoint.com/:b:/r/teams/prj-30356800/Data%20and%20Documents%20Library/GE%20-%20Geotechnical/GI%20reports/2005%20-%20Norwest%20Holst%20Engineering%20Ltd/Seperated%20logs/BH333.pdf","","","2005-10-15","2005-10-15","","","","","Thames Water","Jacobs","Norwest Holst Soil Engineering Limited","1. Rotary coring from GL to 6.00m. 2. Borehole terminated at 6.00m due to poor recovery and collapse. Refer to BH333A for redrill. 3. Borehole grouted on completion.","","","","","","","","","","","","","","","","","","","","","","","","","","","","","","","","","","","","",""
"BH333A","SU49SE343","RC","HISTORIC","39.60","2005 - Norwest Holst Engineering Ltd","","","60.22","60.22","60.19","446382.77","192895.93","SR_24/03/2025","","","51.632971","-1.331227","","https://arup.sharepoint.com/:b:/r/teams/prj-30356800/Data%20and%20Documents%20Library/GE%20-%20Geotechnical/GI%20reports/2005%20-%20Norwest%20Holst%20Engineering%20Ltd/Seperated%20logs/BH333A.pdf","","","2005-10-16","2005-10-21","","","","","Thames Water","Jacobs","Norwest Holst Soil Engineering Limited","1. Rotary coring from GL to 39.60m. 2. Packer permeability tests carried out at depths specified by engineer. 3. Wireline geophysics carried out on completion of coring. 4. Standpipe installed on completion slotted from 14.80m to 11.80m.","","","","","","","","","","","","","","","","","","","","","SU49SE343","","","","","","","","","","","","","","","",""
"BH334","SU49SE344","RC","HISTORIC","70.00","2005 - Norwest Holst Engineering Ltd","","","61.93","61.93","61.77","446317.93","192423.00","SR_25/03/2025","","","51.628725","-1.332226","","https://arup.sharepoint.com/:b:/r/teams/prj-30356800/Data%20and%20Documents%20Library/GE%20-%20Geotechnical/GI%20reports/2005%20-%20Norwest%20Holst%20Engineering%20Ltd/Seperated%20logs/BH334.pdf","","","2005-10-16","2005-10-25","","","","","Thames Water","Jacobs","Norwest Holst Soil Engineering Limited","1. Rotary coring from GL to 70.00m. 2. Wireline geophysics carried out on completion of coring. 3. Standpipe installed slotted from 69.00m from 66.40m.","","","","","","","","","","","","","","","","","","","","","SU49SE344","","","","","","","","","","","","","","","",""
"BH335","SU49SW87","RC","HISTORIC","40.00","2005 - Norwest Holst Engineering Ltd","","","61.95","61.95","62.03","443688.88","191730.40","SR_24/03/2025","","","51.622707","-1.370291","","https://arup.sharepoint.com/:b:/r/teams/prj-30356800/Data%20and%20Documents%20Library/GE%20-%20Geotechnical/GI%20reports/2005%20-%20Norwest%20Holst%20Engineering%20Ltd/Seperated%20logs/BH335.pdf","","","2005-09-13","2005-09-18","","","","","Thames Water","Jacobs","Norwest Holst Soil Engineering Limited","1. Rotary coring from GL to 40.00m. 2. Wireline geophysics carried out on completion of coring 3. Standpipe installed slotted 1.70m to 0.70m","","","","","","","","","","","","","","","","","","","","","SU49SW87","","","","","","","","","","","","","","","",""
"BH336","SU49SW88","RC","HISTORIC","40.30","2005 - Norwest Holst Engineering Ltd","","","63.70","63.70","63.79","444107.74","191822.94","SR_24/03/2025","","","51.623507","-1.364229","","https://arup.sharepoint.com/:b:/r/teams/prj-30356800/Data%20and%20Documents%20Library/GE%20-%20Geotechnical/GI%20reports/2005%20-%20Norwest%20Holst%20Engineering%20Ltd/Seperated%20logs/BH336.pdf","","","2005-10-25","2005-10-31","","","","","Thames Water","Jacobs","Norwest Holst Soil Engineering Limited","1. Rotary coring from GL to 40.30m. 2. Packer permeability tests carried out at depths specified by engineer. 3. Wireline geophysics carried out on completion of coreing. 4. Borehole grouted on completion","","","","","","","","","","","","","","","","","","","","","SU49SW88","","","","","","","","","","","","","","","",""
"BH338","","RC","HISTORIC","67.25","2005 - Norwest Holst Engineering Ltd","","","63.69","63.69","63.97","445566.33","192136.35","SR_21/03/2025","","","51.626209","-1.343120","","https://arup.sharepoint.com/:b:/r/teams/prj-30356800/Data%20and%20Documents%20Library/GE%20-%20Geotechnical/GI%20reports/2005%20-%20Norwest%20Holst%20Engineering%20Ltd/Seperated%20logs/BH338.pdf","","","2005-09-13","2005-09-22","","","","","Thames Water","Jacobs","Norwest Holst Soil Engineering Limited","1. Inspection pit hand excavated from GL to 1.20m. 2. Rotary coring from 1.20m to 67.25m. 3. Wireline geophysics carried out on completion of coring. 4. Piezometer installed tip at 5.00m.","","","","","","","","","","","","","","","","","","","","","","","","","","","","","","","","","","","","",""
"BH339","","RC","HISTORIC","20.75","2005 - Norwest Holst Engineering Ltd","","","56.49","56.49","56.38","444974.37","194494.02","SR_25/03/2025","","","51.647453","-1.351369","","https://arup.sharepoint.com/:b:/r/teams/prj-30356800/Data%20and%20Documents%20Library/GE%20-%20Geotechnical/GI%20reports/2005%20-%20Norwest%20Holst%20Engineering%20Ltd/Seperated%20logs/BH339.pdf","","","2005-10-29","2005-10-31","","","","","Thames Water","Jacobs","Norwest Holst Soil Engineering Limited","1. Rotary coring from GL to 20.75m. 2. Wireline geophysics carried out on completion of coring. 3. Piezometer installed tip at 5.00m.","","","","","","","","","","","","","","","","","","","","","","","","","","","","","","","","","","","","",""
"BH34","SU49SW37","CP+RC","HISTORIC","41.15","1991 to 1992 - Exploration Associates","","","61.96","61.96","61.90","443013.00","192112.50","UK_31/03/2025","","","51.626194","-1.380007","","https://arup.sharepoint.com/:b:/r/teams/prj-30356800/Data%20and%20Documents%20Library/GE%20-%20Geotechnical/GI%20reports/1991%20to%201992%20-%20Exploration%20Associates/Seperated%20logs/BH34.pdf","","","","","Full","OSGB","","","Thames Water Utilities Limited","Halcrow and Partners Ltd.","Exploration Associates Ltd.","","","","","","","","","","","","","","","","","","","","","","SU49SW37","","","","","","","","","","","Yes","","","","",""
"BH340","SU49SE345","RC","HISTORIC","37.10","2005 - Norwest Holst Engineering Ltd","","","55.89","55.89","56.04","445718.52","194057.10","SR_25/03/2025","","","51.643465","-1.340672","","https://arup.sharepoint.com/:b:/r/teams/prj-30356800/Data%20and%20Documents%20Library/GE%20-%20Geotechnical/GI%20reports/2005%20-%20Norwest%20Holst%20Engineering%20Ltd/Seperated%20logs/BH340.pdf","","","2005-09-20","2005-09-22","","","","","Thames Water","Jacobs","Norwest Holst Soil Engineering Limited","1. Rotary coring from GL to 37.10m. 2. Wireline geophysics carried out on completion of coring. 3. Borehole grouted on completion.","","","","","","","","","","","","","","","","","","","","","SU49SE345","","","","","","","","","","","","","","","",""
"BH342","SU49SW89","RC","HISTORIC","20.15","2005 - Norwest Holst Engineering Ltd","","","64.17","64.17","64.18","444705.40","192005.40","SR_21/03/2025","","","51.625100","-1.355573","","https://arup.sharepoint.com/:b:/r/teams/prj-30356800/Data%20and%20Documents%20Library/GE%20-%20Geotechnical/GI%20reports/2005%20-%20Norwest%20Holst%20Engineering%20Ltd/Seperated%20logs/BH342.pdf","","","2005-09-13","2005-09-15","","","","","Thames Water","Jacobs","Norwest Holst Soil Engineering Limited","1. Rotary coring from GL to 20.15m. 2. Wireline geophysics carried out on completion of coring. 3. Standpipe installed slotted from 14.00m to 11.00m.","","","","","","","","","","","","","","","","","","","","","SU49SW89","","","","","","","","","","","","","","","",""
"BH343","","RC","HISTORIC","10.55","2006 - Norwest Holst Engineering Ltd","","","65.93","65.93","65.37","442040.32","191500.95","SR_14/03/2025","","","51.620769","-1.394131","","https://arup.sharepoint.com/:b:/r/teams/prj-30356800/Data%20and%20Documents%20Library/GE%20-%20Geotechnical/GI%20reports/2006%20-%20Norwest%20Holst%20Engineering%20Ltd/Seperated%20logs/BH343.pdf","","","2006-08-24","2006-08-24","","","","","Thames Water","Jacobs","Norwest Holst","1. Rotary Coring from GL to 10.55m. 2. Borehole grouted on completion.","","","","","","","","","","","","","","","","","","","","","","","","","","","","","","","","","","","","",""
"BH344","","RC","HISTORIC","13.80","2006 - Norwest Holst Engineering Ltd","","","58.64","58.64","57.95","447218.27","193700.35","ND_14/03/2025","","","51.640135","-1.319048","","https://arup.sharepoint.com/:b:/r/teams/prj-30356800/Data%20and%20Documents%20Library/GE%20-%20Geotechnical/GI%20reports/2006%20-%20Norwest%20Holst%20Engineering%20Ltd/Seperated%20logs/BH344.pdf","","","2006-09-01","2006-09-01","","","","","Thames Water","Jacobs","Norwest Holst","1. Rotary Coring from GL to 13.80m. 2. Borehole grouted on completion.","","","","","","","","","","","","","","","","","","","","","","","","","","","","","","","","","","","","",""
"BH35","SU49SW38","CP+RC","HISTORIC","40.10","1991 to 1992 - Exploration Associates","","","62.19","62.19","62.40","444114.50","192221.50","UK_31/03/2025","","","51.627089","-1.364082","","https://arup.sharepoint.com/:b:/r/teams/prj-30356800/Data%20and%20Documents%20Library/GE%20-%20Geotechnical/GI%20reports/1991%20to%201992%20-%20Exploration%20Associates/Seperated%20logs/BH35.pdf","","","","","Full","OSGB","","","Thames Water Utilities Limited","Halcrow and Partners Ltd.","Exploration Associates Ltd.","","","","","","","","","","","","","","","","","","","","","","SU49SW38","","","","","","","","","","","Yes","","","","",""
"BH350","","RC","HISTORIC","27.90","2005 - Norwest Holst Engineering Ltd","","","57.21","57.21","57.04","444583.35","194215.67","SR_21/03/2025","","","51.644982","-1.357055","","https://arup.sharepoint.com/:b:/r/teams/prj-30356800/Data%20and%20Documents%20Library/GE%20-%20Geotechnical/GI%20reports/2005%20-%20Norwest%20Holst%20Engineering%20Ltd/Seperated%20logs/BH350.pdf","","","2005-10-02","2005-10-06","","","","","Thames Water","Jacobs","Norwest Holst Soil Engineering Limited","1. Rotary coring from GL to 27.90m. 2. Cross hole geophysics carried out in 110mm plastic casing. 3. Borehole grouted on completion.","","","","","","","","","","","","","","","","","","","","","","","","","","","","","","","","","","","","",""
"BH351","","RO","HISTORIC","23.00","2005 - Norwest Holst Engineering Ltd","","","57.21","57.21","57.06","444587.60","194218.24","SR_21/03/2025","","","51.645005","-1.356994","","https://arup.sharepoint.com/:b:/r/teams/prj-30356800/Data%20and%20Documents%20Library/GE%20-%20Geotechnical/GI%20reports/2005%20-%20Norwest%20Holst%20Engineering%20Ltd/Seperated%20logs/BH351.pdf","","","2005-11-25","2005-11-25","","","","","Thames Water","Jacobs","Norwest Holst Soil Engineering Limited","1. Openhole from GL to 23.00m. 2. Cross hole geophysics carried out in 110mm plastic casing. 3. Borehole grouted on completion. 4. 0* indicates openholing","","","","","","","","","","","","","","","","","","","","","","","","","","","","","","","","","","","","",""
"BH351A","","RO","HISTORIC","19.80","2005 - Norwest Holst Engineering Ltd","","","57.23","57.23","56.92","444599.90","194224.81","SR_21/03/2025","","","51.645063","-1.356815","","https://arup.sharepoint.com/:b:/r/teams/prj-30356800/Data%20and%20Documents%20Library/GE%20-%20Geotechnical/GI%20reports/2005%20-%20Norwest%20Holst%20Engineering%20Ltd/Seperated%20logs/BH351A.pdf","","","2005-11-24","2005-12-06","","","","","Thames Water","Jacobs","Norwest Holst Soil Engineering Limited","1. Openhole from GL to 19.80m. 2. Pressuremeter and permeameter testing carried out at various depths scheduled by the engineer. 3. Borehole grouted on completion. 4. 0* indicates openholing","","","","","","","","","","","","","","","","","","","","","","","","","","","","","","","","","","","","",""
"BH352","","RO","HISTORIC","23.00","2005 - Norwest Holst Engineering Ltd","","","57.22","57.22","57.12","444591.63","194220.25","SR_21/03/2025","","","51.645022","-1.356935","","https://arup.sharepoint.com/:b:/r/teams/prj-30356800/Data%20and%20Documents%20Library/GE%20-%20Geotechnical/GI%20reports/2005%20-%20Norwest%20Holst%20Engineering%20Ltd/Seperated%20logs/BH352.pdf","","","2005-10-07","2005-10-10","","","","","Thames Water","Jacobs","Norwest Holst Soil Engineering Limited","1. Openhole from GL to 23.00m. 2. Cross hole geophysics carried out in 110mm plastic casing. 3. Borehole grouted on completion. 4. 0* indicates openholing","","","","","","","","","","","","","","","","","","","","","","","","","","","","","","","","","","","","",""
"BH353","","RC","HISTORIC","25.20","2005 - Norwest Holst Engineering Ltd","","","58.07","58.07","57.91","445198.71","193237.15","SR_21/03/2025","","","51.636135","-1.348289","","https://arup.sharepoint.com/:b:/r/teams/prj-30356800/Data%20and%20Documents%20Library/GE%20-%20Geotechnical/GI%20reports/2005%20-%20Norwest%20Holst%20Engineering%20Ltd/Seperated%20logs/BH353.pdf","","","2005-10-14","2005-10-17","","","","","Thames Water","Jacobs","Norwest Holst Soil Engineering Limited","1. Rotary coring from GL to 25.20m. 2. Cross hole geophysics carried out in 110mm plastic casing. 3. Borehole grouted on completion.","","","","","","","","","","","","","","","","","","","","","","","","","","","","","","","","","","","","",""
"BH354","","RO","HISTORIC","25.00","2005 - Norwest Holst Engineering Ltd","","","58.08","58.08","57.84","445194.61","193234.22","SR_21/03/2025","","","51.636109","-1.348349","","https://arup.sharepoint.com/:b:/r/teams/prj-30356800/Data%20and%20Documents%20Library/GE%20-%20Geotechnical/GI%20reports/2005%20-%20Norwest%20Holst%20Engineering%20Ltd/Seperated%20logs/BH354.pdf","","","2005-11-24","2005-11-24","","","","","Thames Water","Jacobs","Norwest Holst Soil Engineering Limited","1. Openhole from GL to 25.00m. 2. Cross hole geophysics carried out in 110mm plastic casing. 3. Borehole grouted on completion. 4. 0* indicates openholing","","","","","","","","","","","","","","","","","","","","","","","","","","","","","","","","","","","","",""
"BH354A","","RO","HISTORIC","25.80","2005 - Norwest Holst Engineering Ltd","","","58.12","58.12","57.93","445182.70","193225.43","SR_21/03/2025","","","51.636031","-1.348522","","https://arup.sharepoint.com/:b:/r/teams/prj-30356800/Data%20and%20Documents%20Library/GE%20-%20Geotechnical/GI%20reports/2005%20-%20Norwest%20Holst%20Engineering%20Ltd/Seperated%20logs/BH354A.pdf","","","2005-12-07","2005-12-19","","","","","Thames Water","Jacobs","Norwest Holst Soil Engineering Limited","1. Openhole from GL to 25.80m. 2. Pressuremeter and permeameter testing carried out at various depths scheduled by the engineer. 3. Borehole grouted on completion. 4. 0* indicates openholing","","","","","","","","","","","","","","","","","","","","","","","","","","","","","","","","","","","","",""
"BH355","","RC","HISTORIC","25.00","2005 - Norwest Holst Engineering Ltd","","","58.10","58.10","57.89","445190.63","193231.45","SR_21/03/2025","","","51.636085","-1.348406","","https://arup.sharepoint.com/:b:/r/teams/prj-30356800/Data%20and%20Documents%20Library/GE%20-%20Geotechnical/GI%20reports/2005%20-%20Norwest%20Holst%20Engineering%20Ltd/Seperated%20logs/BH355.pdf","","","2005-10-29","2005-10-29","","","","","Thames Water","Jacobs","Norwest Holst Soil Engineering Limited","1. Rotary coring from GL to 10.00m 2. Core not logged under engineers instruction. 3. Rotary openhole drilling from 10.00m to 25.00m. 4. Borehole sampled for testing. 5. Cross hole geophysics carried out in 110mm plastic casing. 6. Borehole grouted on completion 7. 0* indicated openhole drilling.","","","","","","","","","","","","","","","","","","","","","","","","","","","","","","","","","","","","",""
"BH356","","RC","HISTORIC","20.00","2005 - Norwest Holst Engineering Ltd","","","61.61","61.61","61.52","445809.44","192593.53","SR_21/03/2025","","","51.630299","-1.339549","","https://arup.sharepoint.com/:b:/r/teams/prj-30356800/Data%20and%20Documents%20Library/GE%20-%20Geotechnical/GI%20reports/2005%20-%20Norwest%20Holst%20Engineering%20Ltd/Seperated%20logs/BH356.pdf","","","2005-10-18","2005-10-19","","","","","Thames Water","Jacobs","Norwest Holst Soil Engineering Limited","1. Rotary coring from GL to 20.00m. 2. Cross hole geophysics carried out in 110mm plastic casing. 3. Borehole grouted on completion.","","","","","","","","","","","","","","","","","","","","","","","","","","","","","","","","","","","","",""
"BH357","","RO","HISTORIC","20.00","2005 - Norwest Holst Engineering Ltd","","","61.61","61.61","61.54","445814.05","192596.50","SR_21/03/2025","","","51.630326","-1.339482","","https://arup.sharepoint.com/:b:/r/teams/prj-30356800/Data%20and%20Documents%20Library/GE%20-%20Geotechnical/GI%20reports/2005%20-%20Norwest%20Holst%20Engineering%20Ltd/Seperated%20logs/BH357.pdf","","","2005-11-15","2005-11-23","","","","","Thames Water","Jacobs","Norwest Holst Soil Engineering Limited","1. Openhole from GL to 25.00m. 2. Pressuremeter and permeameter testing carried out at various depths scheduled by the engineer. 3. Cross hole geophysics carried out in 110mm plastic casing. 4. Borehole grouted on completion. 5. 0* indicates openholing","","","","","","","","","","","","","","","","","","","","","","","","","","","","","","","","","","","","",""
"BH358","","RC","HISTORIC","20.00","2005 - Norwest Holst Engineering Ltd","","","61.61","61.61","61.52","445818.05","192598.84","SR_21/03/2025","","","51.630346","-1.339424","","https://arup.sharepoint.com/:b:/r/teams/prj-30356800/Data%20and%20Documents%20Library/GE%20-%20Geotechnical/GI%20reports/2005%20-%20Norwest%20Holst%20Engineering%20Ltd/Seperated%20logs/BH358.pdf","","","2005-11-09","2005-11-10","","","","","Thames Water","Jacobs","Norwest Holst Soil Engineering Limited","1. Rotary coring from GL to 10.00m 2. Core not logged under engineers instruction. 3. Rotary openhole drilling from 10.00m to 25.00m. 4. Borehole sampled for testing. 5. Cross hole geophysics carried out in 110mm plastic casing. 6. Borehole grouted on completion 7. 0* indicated openhole drilling.","","","","","","","","","","","","","","","","","","","","","","","","","","","","","","","","","","","","",""
"BH359","","RC","HISTORIC","7.00","2006 - Norwest Holst Engineering Ltd","","","57.99","57.99","57.85","445214.76","193260.42","ND_14/03/2025","","","51.636343","-1.348054","","https://arup.sharepoint.com/:b:/r/teams/prj-30356800/Data%20and%20Documents%20Library/GE%20-%20Geotechnical/GI%20reports/2006%20-%20Norwest%20Holst%20Engineering%20Ltd/Seperated%20logs/BH359.pdf","","","2006-09-11","2006-09-11","","","","","Thames Water","Jacobs","Norwest Holst","1. Rotary coring from GL to 7.00m. 2. Borehole grouted on completion.","","","","","","","","","","","","","","","","","","","","","","","","","","","","","","","","","","","","",""
"BH36","SU49SE218","CP+RC","HISTORIC","40.15","1991 to 1992 - Exploration Associates","","","64.00","64.00","64.20","445048.50","192084.50","SR_21/03/2025","","","51.625784","-1.350607","","https://arup.sharepoint.com/:b:/r/teams/prj-30356800/Data%20and%20Documents%20Library/GE%20-%20Geotechnical/GI%20reports/1991%20to%201992%20-%20Exploration%20Associates/Seperated%20logs/BH36.pdf","","","","","Full","OSGB","","","Thames Water Utilities Limited","Halcrow and Partners Ltd.","Exploration Associates Ltd.","","","","","","","","","","","","","","","","","","","","","","SU49SE218","","","","","","","","","","","Yes","","","","",""
"BH360","","CP","HISTORIC","5.00","2005 - Norwest Holst Engineering Ltd","","","55.59","55.59","55.61","445155.90","195595.13","SR_12/03/2025","","","51.657339","-1.348604","","https://arup.sharepoint.com/:b:/r/teams/prj-30356800/Data%20and%20Documents%20Library/GE%20-%20Geotechnical/GI%20reports/2005%20-%20Norwest%20Holst%20Engineering%20Ltd/Seperated%20logs/BH360.pdf","","","2005-11-04","2005-11-04","","","","","Thames Water","Jacobs","Norwest Holst Soil Engineering Limited","1. Cable percussive boring from GL to 5.00m 2. Standpipe installed, slotted from 1.80m to 0.80m.","","","","","","","","","","","","","","","","","","","","","","","","","","","","","","","","","","","","",""
"BH361","","CP","HISTORIC","5.00","2005 - Norwest Holst Engineering Ltd","","","55.20","55.20","55.12","445443.36","195532.98","SR_12/03/2025","","","51.656757","-1.344457","","https://arup.sharepoint.com/:b:/r/teams/prj-30356800/Data%20and%20Documents%20Library/GE%20-%20Geotechnical/GI%20reports/2005%20-%20Norwest%20Holst%20Engineering%20Ltd/Seperated%20logs/BH361.pdf","","","2005-11-03","2005-11-03","","","","","Thames Water","Jacobs","Norwest Holst Soil Engineering Limited","1. Cable percussive boring from GL to 5.00m. 2. Standpipe installation, slotted from 2.70m to 1.20m.","","","","","","","","","","","","","","","","","","","","","","","","","","","","","","","","","","","","",""
"BH362","","CP","HISTORIC","5.00","2005 - Norwest Holst Engineering Ltd","","","54.82","54.82","54.60","445807.64","195544.39","SR_14/03/2025","","","51.656830","-1.339190","","https://arup.sharepoint.com/:b:/r/teams/prj-30356800/Data%20and%20Documents%20Library/GE%20-%20Geotechnical/GI%20reports/2005%20-%20Norwest%20Holst%20Engineering%20Ltd/Seperated%20logs/BH362.pdf","","","2005-11-08","2005-11-08","","","","","Thames Water","Jacobs","Norwest Holst Soil Engineering Limited","1. Cable percussive boring from GL to 5.00m. 2. Standpipe installed, slotted from 3.00m to 1.00m.","","","","","","","","","","","","","","","","","","","","","","","","","","","","","","","","","","","","",""
"BH363","","CP","HISTORIC","5.00","2005 - Norwest Holst Engineering Ltd","","","53.97","53.97","53.81","446209.89","195677.72","SR_14/03/2025","","","51.657996","-1.333358","","https://arup.sharepoint.com/:b:/r/teams/prj-30356800/Data%20and%20Documents%20Library/GE%20-%20Geotechnical/GI%20reports/2005%20-%20Norwest%20Holst%20Engineering%20Ltd/Seperated%20logs/BH363.pdf","","","2005-11-07","2005-11-07","","","","","Thames Water","Jacobs","Norwest Holst Soil Engineering Limited","1. Cable percussive boring from GL to 5.00m. 2. Standpipe installation, slotted from 2.60m to 1.10m.","","","","","","","","","","","","","","","","","","","","","","","","","","","","","","","","","","","","",""
"BH366","SU49SW90","RC","HISTORIC","20.00","2005 - Norwest Holst Engineering Ltd","","","63.08","63.08","63.20","443409.16","191172.33","SR_14/03/2025","","","51.617711","-1.374401","","https://arup.sharepoint.com/:b:/r/teams/prj-30356800/Data%20and%20Documents%20Library/GE%20-%20Geotechnical/GI%20reports/2005%20-%20Norwest%20Holst%20Engineering%20Ltd/Seperated%20logs/BH366.pdf","","","2005-09-21","2005-09-22","","","","","Thames Water","Jacobs","Norwest Holst Soil Engineering Limited","1. Service inspection pit hand excavated from GL to 1.20m. 2. Rotary coring from 1.20m to 20.00m. 3. Wireline geophysics carried out on completion of coring. 4. Standpipe installed on completion, slotted from 12.20m to 11.20m","","","","","","","","","","","","","","","","","","","","","SU49SW90","","","","","","","","","","","","","","","",""
"BH37","SU49SE219","CP+RC","HISTORIC","40.00","1991 to 1992 - Exploration Associates","","","63.66","63.66","64.20","446077.00","192029.00","UK_31/03/2025","","","51.625202","-1.335758","","https://arup.sharepoint.com/:b:/r/teams/prj-30356800/Data%20and%20Documents%20Library/GE%20-%20Geotechnical/GI%20reports/1991%20to%201992%20-%20Exploration%20Associates/Seperated%20logs/BH37.pdf","","","","","Full","OSGB","","","Thames Water Utilities Limited","Halcrow and Partners Ltd.","Exploration Associates Ltd.","","","","","","","","","","","","","","","","","","","","","","SU49SE219","","","","","","","","","","","Yes","","","","",""
"BH370","","RC","HISTORIC","20.00","2005 - Norwest Holst Engineering Ltd","","","62.37","62.37","62.13","442021.50","192648.83","SR_24/03/2025","","","51.631091","-1.394265","","https://arup.sharepoint.com/:b:/r/teams/prj-30356800/Data%20and%20Documents%20Library/GE%20-%20Geotechnical/GI%20reports/2005%20-%20Norwest%20Holst%20Engineering%20Ltd/Seperated%20logs/BH370.pdf","","","2005-11-02","2005-11-03","","","","","Thames Water","Jacobs","Norwest Holst Soil Engineering Limited","1. Rotary coring from GL to 20.00m. 2. Wireline geophysics carried out on completion of coring. 3. Borehole grouted on completion.","","","","","","","","","","","","","","","","","","","","","","","","","","","","","","","","","","","","",""
"BH372","SU49SW91","RC","HISTORIC","20.25","2005 - Norwest Holst Engineering Ltd","","","63.78","63.78","63.80","442611.98","191935.54","SR_25/03/2025","","","51.624634","-1.385821","","https://arup.sharepoint.com/:b:/r/teams/prj-30356800/Data%20and%20Documents%20Library/GE%20-%20Geotechnical/GI%20reports/2005%20-%20Norwest%20Holst%20Engineering%20Ltd/Seperated%20logs/BH372.pdf","","","2005-11-08","2005-11-10","","","","","Thames Water","Jacobs","Norwest Holst Soil Engineering Limited","1. Rotary coring from GL to 20.25m. 2. Packer Permeability Tests carried out at depths scheduled by the engineer. 3. Wireline geophysics carried out on completion of coring. 4. Borehole grouted up on completion.","","","","","","","","","","","","","","","","","","","","","SU49SW91","","","","","","","","","","","","","","","",""
"BH373","","RC","HISTORIC","15.00","2005 - Norwest Holst Engineering Ltd","","","57.56","57.56","57.73","443489.97","194699.60","SR_25/03/2025","","","51.649418","-1.372796","","https://arup.sharepoint.com/:b:/r/teams/prj-30356800/Data%20and%20Documents%20Library/GE%20-%20Geotechnical/GI%20reports/2005%20-%20Norwest%20Holst%20Engineering%20Ltd/Seperated%20logs/BH373.pdf","","","2005-09-23","2005-09-23","","","","","Thames Water","Jacobs","Norwest Holst Soil Engineering Limited","1. Rotary coring from GL to 15.00m. 2. Wireline geophysics carried out on completion of coring. 3. Borehole grouted on completion.","","","","","","","","","","","","","","","","","","","","","","","","","","","","","","","","","","","","",""
"BH377","","RC","HISTORIC","84.80","2005 - Norwest Holst Engineering Ltd","","","56.35","56.35","56.01","446534.28","194238.35","SR_25/03/2025","","","51.645028","-1.328860","","https://arup.sharepoint.com/:b:/r/teams/prj-30356800/Data%20and%20Documents%20Library/GE%20-%20Geotechnical/GI%20reports/2005%20-%20Norwest%20Holst%20Engineering%20Ltd/Seperated%20logs/BH377.pdf","","","2005-09-26","2005-10-03","","","","","Thames Water","Jacobs","Norwest Holst Soil Engineering Limited","1. Rotary coring from GL to 84.80m. 2. Samples removed for testing . 3. From 58.40m to 84.17m borehole sampled for testing after photography. 4. Wireline geophysics carried out on completion of coring. 5. Standpipe installed slotted from 56.00 to 54.00m","","","","","","","","","","","","","","","","","","","","","","","","","","","","","","","","","","","","",""
"BH378","SU49SE346","RC","HISTORIC","47.50","2005 - Norwest Holst Engineering Ltd","","","61.46","61.46","61.69","447127.45","194819.29","SR_25/03/2025","","","51.650202","-1.320210","","https://arup.sharepoint.com/:b:/r/teams/prj-30356800/Data%20and%20Documents%20Library/GE%20-%20Geotechnical/GI%20reports/2005%20-%20Norwest%20Holst%20Engineering%20Ltd/Seperated%20logs/BH378.pdf","","","2005-10-07","2005-10-13","","","","","Thames Water","Jacobs","Norwest Holst Soil Engineering Limited","1. Inspection pit hand excavated from GL to 1.20m. 2. Rotary coring from 1.20m to 47.50m. 3. Borehole sampled for testing. 4. Wireline geophysics carried out on completion of coring. 5. Standpipe installed slotted from 44.50m to 38.50m.","","","","","","","","","","","","","","","","","","","","","SU49SE346","","","","","","","","","","","","","","","",""
"BH379","SU49NE400","RC","HISTORIC","31.00","2005 - Norwest Holst Engineering Ltd","","","49.58","49.58","49.92","449017.91","195354.51","SR_26/03/2025","","","51.654853","-1.292813","","https://arup.sharepoint.com/:b:/r/teams/prj-30356800/Data%20and%20Documents%20Library/GE%20-%20Geotechnical/GI%20reports/2005%20-%20Norwest%20Holst%20Engineering%20Ltd/Seperated%20logs/BH379.pdf","","","2005-11-12","2005-11-15","","","","","Thames Water","Jacobs","Norwest Holst Soil Engineering Limited","1. Rotary Coring from GL to 31.00m. 2. Standpipe installed slotted from 25.50m to 30.50m","","","","","","","","","","","","","","","","","","","","","SU49NE400","","","","","","","","","","","","","","","",""
"BH38","SU49SW39","CP+RC","HISTORIC","40.00","1991 to 1992 - Exploration Associates","","","63.11","63.11","63.20","443445.50","191442.00","UK_31/03/2025","","","51.620133","-1.373842","","https://arup.sharepoint.com/:b:/r/teams/prj-30356800/Data%20and%20Documents%20Library/GE%20-%20Geotechnical/GI%20reports/1991%20to%201992%20-%20Exploration%20Associates/Seperated%20logs/BH38.pdf","","","","","Full","OSGB","","","Thames Water Utilities Limited","Halcrow and Partners Ltd.","Exploration Associates Ltd.","","","","","","","","","","","","","","","","","","","","","","SU49SW39","","","","","","","","","","","Yes","","","","",""
"BH380","SU49NE401","RC","HISTORIC","30.70","2005 - Norwest Holst Engineering Ltd","","","50.68","50.18","50.18","449516.20","195327.28","SR_26/03/2025","","","51.654565","-1.285615","","https://arup.sharepoint.com/:b:/r/teams/prj-30356800/Data%20and%20Documents%20Library/GE%20-%20Geotechnical/GI%20reports/2005%20-%20Norwest%20Holst%20Engineering%20Ltd/Seperated%20logs/BH380.pdf","","","2005-10-29","2005-11-01","","","","","Thames Water","Jacobs","Norwest Holst Soil Engineering Limited","1. Inspection pit hand excavated from GL to 1.20m. 2. Rotary coring from 1.20m to 30.70m. 3. Borehole sampled for testing. 4. Standpipe installed, slotted from 26.00m to 24.00m","","","","","","","","","","","","","","","","","","","","","SU49NE401","","","","","","","","","","","","","","","",""
"BH380A","","CP","HISTORIC","7.00","2005 - Norwest Holst Engineering Ltd","","","50.71","50.16","50.16","449512.41","195327.49","SR_26/03/2025","","","51.654567","-1.285669","","https://arup.sharepoint.com/:b:/r/teams/prj-30356800/Data%20and%20Documents%20Library/GE%20-%20Geotechnical/GI%20reports/2005%20-%20Norwest%20Holst%20Engineering%20Ltd/Seperated%20logs/BH380A.pdf","","","2005-11-09","2005-11-10","","","","","Thames Water","Jacobs","Norwest Holst Soil Engineering Limited","1. Excavate inspection pit from GL to 1.20m. 2. Cable percussive boring from 1.20m to 7.00m 3. Grouted on completion.","","","","","","","","","","","","","","","","","","","","","","","","","","","","","","","","","","","","",""
"BH381","","RC","HISTORIC","36.50","2005 - Norwest Holst Engineering Ltd","","","49.51","49.51","49.70","449656.01","194804.83","SR_26/03/2025","","","51.649855","-1.283668","","https://arup.sharepoint.com/:b:/r/teams/prj-30356800/Data%20and%20Documents%20Library/GE%20-%20Geotechnical/GI%20reports/2005%20-%20Norwest%20Holst%20Engineering%20Ltd/Seperated%20logs/BH381.pdf","","","2005-11-08","2005-11-11","","","","","Thames Water","Jacobs","Norwest Holst Soil Engineering Limited","1. Rotary coring from GL to 36.50m. 2. Samples removed for testing. 3. Wireline geophysics carried out on completion of coring. 4. Standpipe installed slotted 36.00m to 33.00m","","","","","","","","","","","","","","","","","","","","","","","","","","","","","","","","","","","","",""
"BH381A","","CP","HISTORIC","6.00","2005 - Norwest Holst Engineering Ltd","","","49.52","49.52","49.70","449654.21","194793.98","SR_26/03/2025","","","51.649758","-1.283695","","https://arup.sharepoint.com/:b:/r/teams/prj-30356800/Data%20and%20Documents%20Library/GE%20-%20Geotechnical/GI%20reports/2005%20-%20Norwest%20Holst%20Engineering%20Ltd/Seperated%20logs/BH381A.pdf","","","2005-11-11","2005-11-11","","","","","Thames Water","Jacobs","Norwest Holst Soil Engineering Limited","1. Inspection pit excavated from GL to 1.20m. 2. Cable percussive boring from 1.20m to 6.00m. 3. Borehole grouted on completion.","","","","","","","","","","","","","","","","","","","","","","","","","","","","","","","","","","","","",""
"BH384","","RC","HISTORIC","48.80","2006 - Norwest Holst Engineering Ltd","","","64.92","64.92","63.08","447786.76","195053.14","ND_14/03/2025","","","51.652249","-1.310650","","https://arup.sharepoint.com/:b:/r/teams/prj-30356800/Data%20and%20Documents%20Library/GE%20-%20Geotechnical/GI%20reports/2006%20-%20Norwest%20Holst%20Engineering%20Ltd/Seperated%20logs/BH384.pdf","","","2006-09-12","2006-09-20","","","","","Thames Water","Jacobs","Norwest Holst","1. Rotary Coring from GL to 48.80m. 2. 50mm diameter standpipe installed with slotted section from 44.40m to 38.40m.","","","","","","","","","","","","","","","","","","","","","","","","","","","","","","","","","","","","",""
"BH39","SU49SE220","CP+RC","HISTORIC","80.25","1991 to 1992 - Exploration Associates","","","64.99","64.99","64.60","446252.50","191587.00","UK_31/03/2025","","","51.621214","-1.333281","","https://arup.sharepoint.com/:b:/r/teams/prj-30356800/Data%20and%20Documents%20Library/GE%20-%20Geotechnical/GI%20reports/1991%20to%201992%20-%20Exploration%20Associates/Seperated%20logs/BH39.pdf","","","","","Full","OSGB","","","Thames Water Utilities Limited","Halcrow and Partners Ltd.","Exploration Associates Ltd.","","","","","","","","","","","","","","","","","","","","","","SU49SE220","","","","","","","","","","","Yes","","","","",""
"BH40","SU49SW40","CP+RC","HISTORIC","40.00","1991 to 1992 - Exploration Associates","","","67.00","67.00","66.80","442065.00","190898.00","UK_31/03/2025","","","51.615346","-1.393847","","https://arup.sharepoint.com/:b:/r/teams/prj-30356800/Data%20and%20Documents%20Library/GE%20-%20Geotechnical/GI%20reports/1991%20to%201992%20-%20Exploration%20Associates/Seperated%20logs/BH40.pdf","","","","","Full","OSGB","","","Thames Water Utilities Limited","Halcrow and Partners Ltd.","Exploration Associates Ltd.","","","","","","","","","","","","","","","","","","","","","","SU49SW40","","","","","","","","","","","Yes","","","","",""
"BH401","","DS+RC","FINAL","10.65","2024 - Arcadis Phase 1","1","","61.30","61.23","61.23","444475.10","192526.48","","","","51.629803","-1.358834","","","","","2024-02-01","2024-02-13","","","","","Client Name Value","Project Engineer Value","Contractors Name Value","1) Location scanned with GPR and CAT & Genny prior to excavation.  2) Inspection pit hand excavated with insulated hand tools to 1.20 mbgl.  3) Groundwater encountered at 1.10m bgl in inspection pit. 4) Hole terminated on achieving target depth. 5) Hole completed with 50mm monitoring installation. 6) No visual or olfactory evidence of contamination. 7) Shallow installation not possible due to over grouting - BH401A drilled adjacent for shallow installation.","","","","","","","","","","","Trimble VRS NOW GPRS system: accuracy of +/ 50 mm","","","","","","SH","","","","","","","","","","","","","","","","","","","",""
"BH401A","","DS+RC","FINAL","2.80","2024 - Arcadis Phase 1","1","","61.30","61.26","61.26","444474.75","192525.30","","","","51.629793","-1.358839","","","","","2024-02-23","2024-02-23","","","","","Client Name Value","Project Engineer Value","Contractors Name Value","1) Location scanned with GPR and CAT & Genny prior to excavation.  2) Inspection pit hand excavated with insulated hand tools to 1.20 mbgl.  3) Groundwater encountered at 1.10m bgl in inspection pit. 4) Hole terminated on achieving target depth due to over grouting of BH401. 5) Hole completed with 50mm monitoring installation. 6) No visual or olfactory evidence of contamination. 7) No sampling completed due to this being a redrill.","","","","","","","","","","","Trimble VRS NOW GPRS system: accuracy of +/ 50 mm","","","","","","SH","","","","","","","","","","","","","","","","","","","",""
"BH402","","RC","PROPOSED","10.00","2024 to 2025 - Arcadis Phase 2B","","","62.22","62.22","62.22","442934.55","192037.93","Proposed","","","51.625530","-1.381149","","","","","","","","","","","","","","","","","","","","","","","","","Proposed co-ordinates","","","","","","","","","","","","","","","","","","","","","","","","","",""
"BH403","","DS+RC","FINAL","10.45","2024 - Arcadis Phase 1","1","","58.81","58.79","58.79","445416.54","192996.00","","","","51.633950","-1.345173","","","","","2024-02-02","2024-03-07","","","","","Client Name Value","Project Engineer Value","Contractors Name Value","1) Location scanned with GPR and CAT & Genny prior to excavation.  2) Inspection pit hand excavated with insulated hand tools to 1.20 mbgl.  3) Groundwater encountered at 1.20m bgl in inspection pit. 4) Hole terminated on achieving target depth. 5) Hole completed with duel 50mm monitoring installations. 6) No visual or olfactory evidence of contamination.","","","","","","","","","","","Trimble VRS NOW GPRS system: accuracy of +/ 50 mm","","","","","","SH","","","","","","","","","","","","","","","","","","","",""
"BH404","","DS+RC","FINAL","10.00","2024 - Arcadis Phase 2A","2a","","57.07","56.96","56.96","447127.66","193911.62","","","","51.642042","-1.320329","","","","","2024-06-19","2024-06-25","","","","","Client Name Value","Project Engineer Value","Contractors Name Value","1) Location scanned with GPR and CAT & Genny prior to excavation.  2) Inspection pit hand excavated with insulated hand tools to 1.20 mbgl.  3) No groundwater recorded. 4) Hole terminated on achieving target depth of 10.00m 5) Hole completed with dual 50mm groundwater monitoring installations screened between 0.60-1.50m and 6.40-8.50m.  6) No visual or olfactory evidence of contamination. 7) No sample remaining in box 9.70 -10.00 after sampling.","","Target depth achieved","","","","","","","","","Trimble VRS NOW GPRS system: accuracy of +/ 50 mm","","","","","","SH","","","","","","","","","","","","","","","","","","","",""
"BH405","","DS+RC","FINAL","10.00","2024 - Arcadis Phase 2A","2a","","61.98","61.88","61.88","443183.03","191925.31","","","","51.624498","-1.377574","","","","","2024-07-23","2024-08-06","","","","","Client Name Value","Project Engineer Value","Contractors Name Value","1) Location scanned with GPR and CAT & Genny prior to excavation.  2) Inspection pit hand excavated with insulated hand tools to 1.20 mbgl.  3) Groundwater encountered at 1.10m in the inspection pit. 4) Hole terminated on achieving target depth of 10.00m. 5) Hole completed with a 50mm groundwater monitoring installation screened between 4.20m and 5.00m. 6) No visual or olfactory evidence of contamination.","","Target depth achieved","","","","","","","","","Trimble VRS NOW GPRS system: accuracy of +/ 50 mm","","","","","","SH","","","","","","","","","","","","","","","","","","","",""
"BH406","","DS+RC","FINAL","10.45","2024 - Arcadis Phase 1","1","","62.15","62.09","62.09","444136.94","192249.23","","","","51.627337","-1.363754","","","","","2024-01-31","2024-02-06","","","","","Client Name Value","Project Engineer Value","Contractors Name Value","1) Location scanned with GPR and CAT & Genny prior to excavation.  2) Inspection pit hand excavated with insulated hand tools to 1.20 mbgl.  3) No groundwater encountered prior to switching to water flush. 4) Hole terminated on achieving target depth. 5) Hole completed with 50mm monitoring installation. 6) No visual or olfactory evidence of contamination.","","","","","","","","","","","Trimble VRS NOW GPRS system: accuracy of +/ 50 mm","","","","","","SH","","","","","","","","","","","","","","","","","","","",""
"BH407","","DS+RC","FINAL","10.65","2024 - Arcadis Phase 1","1","","63.59","63.50","63.50","444119.37","191845.04","","","","51.623704","-1.364059","","","","","2024-01-31","2024-02-06","","","","","Client Name Value","Project Engineer Value","Contractors Name Value","1) Location scanned with GPR and CAT & Genny prior to excavation.  2) Inspection pit hand excavated with insulated hand tools to 1.20 mbgl.  3) Groundwater encountered at 1.10m bgl in inspection pit. 4) Hole terminated on achieving target depth. 5) Hole completed with 50mm monitoring installation. 6) No visual or olfactory evidence of contamination.","","","","","","","","","","","Trimble VRS NOW GPRS system: accuracy of +/ 50 mm","","","","","","SH","","","","","","","","","","","","","","","","","","","",""
"BH408","","DS+RC","FINAL","18.70","2024 - Arcadis Phase 1","1","","66.25","65.41","65.41","444524.89","191600.65","","","","51.621475","-1.358232","","","","","2024-02-01","2024-02-15","","","","","Client Name Value","Project Engineer Value","Contractors Name Value","1) Location scanned with GPR and CAT & Genny prior to excavation.  2) Inspection pit hand excavated with insulated hand tools to 0.90 mbgl - risk assessed to commence drilling from this depth.  3) Groundwater encountered at 0.65m bgl. 4) Hole terminated instruction of designer on targeting sand that could not be cored. 5) Hole completed with 50mm monitoring installation. 6) No visual or olfactory evidence of contamination.","","","","","","","","","","","Trimble VRS NOW GPRS system: accuracy of +/ 50 mm","","","","","","SH","","","","","","","","","","","","","","","","","","","",""
"BH409","","DS+RC","FINAL","15.00","2024 - Arcadis Phase 1","1","","63.45","63.86","63.86","444699.65","192250.98","","","","51.627308","-1.355625","","","","","2024-02-02","2024-02-21","","","","","Client Name Value","Project Engineer Value","Contractors Name Value","1) Location scanned with GPR and CAT & Genny prior to excavation.  2) Inspection pit hand excavated with insulated hand tools to 1.20 mbgl.  3) Groundwater encountered at 1.20m bgl in inspection pit. 4) Hole terminated on achieving target depth. 5) Hole backfilled on completion at the request of the designer. 6) No visual or olfactory evidence of contamination. 7) Installation not possible due to hole collapse waiting for downhole geophysics - BH409A drilled adjacent for the installation.","","","","","","","","","","","Trimble VRS NOW GPRS system: accuracy of +/ 50 mm","","","","","","SH","","","","","","","","","","","","","","","","","","","",""
"BH409A","","DS+RC","FINAL","13.00","2024 - Arcadis Phase 1","1","","63.46","63.88","63.88","444701.17","192251.11","","","","51.627309","-1.355603","","","","","2024-03-01","2024-03-06","","","","","Client Name Value","Project Engineer Value","Contractors Name Value","1) Location scanned with GPR and CAT & Genny prior to excavation.  2) Inspection pit hand excavated with insulated hand tools to 1.20 mbgl.  3) Groundwater encountered at 1.20m bgl in inspection pit. 4) Hole terminated on achieving target depth due to hole collapse at BH409. 5) Hole completed with 50mm monitoring installation. 6) No visual or olfactory evidence of contamination. 7) No sampling completed due to this being a redrill.","","","","","","","","","","","Trimble VRS NOW GPRS system: accuracy of +/ 50 mm","","","","","","SH","","","","","","","","","","","","","","","","","","","",""
"BH41","","CP+RC","HISTORIC","40.00","1991 to 1992 - Exploration Associates","","","64.78","64.78","64.60","442957.50","190929.00","UK_31/03/2025","","","51.615558","-1.380954","","https://arup.sharepoint.com/:b:/r/teams/prj-30356800/Data%20and%20Documents%20Library/GE%20-%20Geotechnical/GI%20reports/1991%20to%201992%20-%20Exploration%20Associates/Seperated%20logs/BH41.pdf","","","","","Full","OSGB","","","Thames Water Utilities Limited","Halcrow and Partners Ltd.","Exploration Associates Ltd.","","","","","","","","","","","","","","","","","","","","","","","","","","","","","","","","","No","","","","",""
"BH410","","DS+RC","FINAL","15.50","2024 - Arcadis Phase 1","1","","60.49","60.30","60.30","445433.29","192646.63","","","","51.630807","-1.344976","","","","","2024-02-02","2024-03-13","","","","","Client Name Value","Project Engineer Value","Contractors Name Value","1) Location scanned with GPR and CAT & Genny prior to excavation.  2) Inspection pit hand excavated with insulated hand tools to 1.20 mbgl.  3) No groundwater encountered prior to switching to water flush. 4) Hole terminated on achieving target depth. 5) Hole completed with 50mm monitoring installation. 6) No visual or olfactory evidence of contamination.","","","","","","","","","","","Trimble VRS NOW GPRS system: accuracy of +/ 50 mm","","","","","","SH","","","","","","","","","","","","","","","","","","","",""
"BH411","","DS+RC","FINAL","17.20","2024 - Arcadis Phase 2A","2a","","58.38","58.60","58.60","447018.70","193429.60","","","","51.637717","-1.321968","","","","","2024-07-29","2024-07-31","","","","","Client Name Value","Project Engineer Value","Contractors Name Value","1) Location scanned with GPR and CAT & Genny prior to excavation.  2) Inspection pit hand excavated with insulated hand tools to 1.20 mbgl.  3) No groundwater encountered prior to switching to water flush. 4) Hole terminated on identifying Lower greensand formation. 5) Hole completed with 50mm monitoring installation. 6) No visual or olfactory evidence of contamination.","","Target depth achieved","","","","","","","","","Trimble VRS NOW GPRS system: accuracy of +/ 50 mm","","","","","","SH","","","","","","","","","","","","","","","","","","","",""
"BH412","","DS+RC","FINAL","15.65","2024 - Arcadis Phase 1","1","","59.70","59.61","59.61","446081.88","193169.38","","","","51.635455","-1.335538","","","","","2024-02-29","2024-03-15","","","","","Client Name Value","Project Engineer Value","Contractors Name Value","1) Location scanned with GPR and CAT & Genny prior to excavation.  2) Inspection pit hand excavated with insulated hand tools to 1.20 mbgl.  3) Groundwater encountered at 0.80m bgl in inspection pit. 4) Hole terminated on achieving target depth. 5) Hole completed with duel 50mm monitoring installations. 6) No visual or olfactory evidence of contamination.","","","","","","","","","","","Trimble VRS NOW GPRS system: accuracy of +/ 50 mm","","","","","","SH","","","","","","","","","","","","","","","","","","","",""
"BH413","","DS+RC","DRAFT","5.50","2024 to 2025 - Arcadis Phase 2B","2b","","63.44","63.44","63.44","443895.40","191669.22","","","","51.622141","-1.367316","","","","","2025-06-26","2025-06-26","","","","","Client Name Value","Project Engineer Value","Contractors Name Value","1.  Position cleared of utilities with GPR and CAT/Genny. 2.  Inspection pit excavated with insulated hand digging tools to 1.20 mbgl. 3. Groundwater not encountered prior to use of water flush. 4.  Hole terminated at 5.50mbgl following UXO scan due to high readings. Position moved to BH413A. 5. No further samples taken on Investigation Supervisor instructions. 6.  Borehole backfilled and installed with bentonite pellets 5.50-1.50m; slotted 50mm diameter HDPE standpipe in gravel surround 1.50-0.50m; plain 50mm HDPE pipe in bentonite surround 0.30-0.50m; flush cover set in concrete 0.00-0.30m.","","UXO trace encountered","","","","","","","","","Proposed co-ordinates","","","","","","","","","","","","","","","","","","","","","","","","","",""
"BH413A","","DS+RC","DRAFT","15.00","2024 to 2025 - Arcadis Phase 2B","2b","","63.44","63.44","63.44","443895.40","191669.22","","","","51.622141","-1.367316","","","","","2025-06-27","2025-07-01","","","","","Client Name Value","Project Engineer Value","Contractors Name Value","1. Position cleared of utilities with GPR and CAT/Genny. 2. Inspection pit excavated with insulated hand digging tools to 1.20mbgl. 3. Groundwater encountered at 1.20m; no rise recorded. 4. No visual or olfactory evidence of contamination. 5. Terminated at scheduled depth. 6. Borehole backfilled and installed with; bentonite 13.00-15.00m, slotted 50mm diameter HDPE standpipe in gravel surround 10.00-13.00m; plain 50mm HDPE pipe in bentonite surround 0.40-10.00m; flush cover set in concrete 0.00-0.40m.","","Target depth achieved","","","","","","","","","Proposed co-ordinates for BH413","","","","","","","","","","","","","","","","","","","","","","","","","",""
"BH414","","DS+RC","FINAL","20.00","2024 - Arcadis Phase 1","1","","64.81","65.22","65.22","444794.70","191943.81","","","","51.624539","-1.354291","","","","","2024-02-21","2024-02-28","","","","","Client Name Value","Project Engineer Value","Contractors Name Value","1) Location scanned with GPR and CAT & Genny prior to excavation.  2) Inspection pit hand excavated with insulated hand tools to 1.20 mbgl.  3) Groundwater encountered at 1.20m bgl in inspection pit. 4) Hole terminated on achieving target depth. 5) Hole completed with duel 50mm monitoring installations. 6) No visual or olfactory evidence of contamination.","","","","","","","","","","","Trimble VRS NOW GPRS system: accuracy of +/ 50 mm","","","","","","SH","","","","","","","","","","","","","","","","","","","",""
"BH415","","DS+RC","FINAL","0.80","2024 - Arcadis Phase 1","1","","61.99","61.83","61.83","446329.09","192406.66","","","","51.628577","-1.332067","","","","","2024-02-20","2024-02-20","","","","","Client Name Value","Project Engineer Value","Contractors Name Value","1) Location scanned with GPR and CAT & Genny prior to excavation.  2) Inspection pit hand excavated with insulated hand tools to 0.80 mbgl.  3) Inspection pit terminated due to groundwater ingress obscuring base of pit.  4) Location terminated following UXO signal at base of pit at 0.80 m bgl indicating nearby metallic object. 5) Position moved to BH415A. 6) No visual or olfactory evidence of contamination.","","","","","","","","","","","Trimble VRS NOW GPRS system: accuracy of +/ 50 mm","","","","","","SH","","","","","","","","","","","","","","","","","","","",""
"BH415A","","DS+RC","FINAL","25.40","2024 - Arcadis Phase 1","1","","61.99","61.81","61.81","446327.90","192408.02","","","","51.628589","-1.332084","","","","","2024-02-20","2024-02-20","","","","","Client Name Value","Project Engineer Value","Contractors Name Value","1) Location scanned with GPR and CAT & Genny prior to excavation.  2) Inspection pit hand excavated with insulated hand tools to 1.20 mbgl.  3) Groundwater encountered at 0.60m bgl in inspection pit. 4) Hole terminated on achieving target depth. 5) Hole completed with 50mm monitoring installation. 6) No visual or olfactory evidence of contamination. 7) Shallow installation not possible due to over grouting - BH415B drilled adjacent for shallow installation.","","","","","","","","","","","Trimble VRS NOW GPRS system: accuracy of +/ 50 mm","","","","","","SH","","","","","","","","","","","","","","","","","","","",""
"BH415B","","DS+RC","FINAL","2.00","2024 - Arcadis Phase 1","1","","61.99","61.79","61.79","446327.75","192407.21","","","","51.628582","-1.332086","","","","","2024-03-01","2024-03-01","","","","","Client Name Value","Project Engineer Value","Contractors Name Value","1) Location scanned with GPR and CAT & Genny prior to excavation.  2) Inspection pit hand excavated with insulated hand tools to 1.20 mbgl.  3) Groundwater encountered at 0.60m bgl in inspection pit. 4) Hole terminated on achieving target depth due to over grouting of BH415A. 5) Hole completed with 50mm monitoring installation. 6) No visual or olfactory evidence of contamination. 7) No sampling completed due to this being a redrill.","","","","","","","","","","","Trimble VRS NOW GPRS system: accuracy of +/ 50 mm","","","","","","SH","","","","","","","","","","","","","","","","","","","",""
"BH416","","DS+RC","FINAL","20.20","2024 - Arcadis Phase 1","1","","59.52","59.42","59.42","446491.29","193034.80","","","","51.634211","-1.329640","","","","","2024-02-29","2024-03-06","","","","","Client Name Value","Project Engineer Value","Contractors Name Value","1) Location scanned with GPR and CAT & Genny prior to excavation.  2) Inspection pit hand excavated with insulated hand tools to 1.20 mbgl.  3) Groundwater encountered at 0.90m bgl in inspection pit. 4) Hole terminated on achieving target depth. 5) Hole completed with 50mm monitoring installation. 6) No visual or olfactory evidence of contamination. 7) Shallow installation not possible due to over grouting - BH416A drilled adjacent for shallow installation.","","","","","","","","","","","Trimble VRS NOW GPRS system: accuracy of +/ 50 mm","","","","","","SH","","","","","","","","","","","","","","","","","","","",""
"BH416A","","DS+RC","FINAL","1.90","2024 - Arcadis Phase 1","1","","59.52","59.42","59.42","446490.34","193034.91","","","","51.634212","-1.329654","","","","","2024-03-13","2024-03-13","","","","","Client Name Value","Project Engineer Value","Contractors Name Value","1) Location scanned with GPR and CAT & Genny prior to excavation.  2) Inspection pit hand excavated with insulated hand tools to 1.20 mbgl.  3) Groundwater encountered at 0.90m bgl in inspection pit. 4) Hole terminated on achieving target depth due to over grouting of BH416. 5) Hole completed with 50mm monitoring installation. 6) No visual or olfactory evidence of contamination. 7) No sampling completed due to this being a redrill.","","","","","","","","","","","Trimble VRS NOW GPRS system: accuracy of +/ 50 mm","","","","","","SH","","","","","","","","","","","","","","","","","","","",""
"BH42","SU49SW42","CP+RC","HISTORIC","80.00","1991 to 1992 - Exploration Associates","","","62.98","62.98","62.70","443447.00","190970.00","UK_31/03/2025","","","51.615889","-1.373879","","https://arup.sharepoint.com/:b:/r/teams/prj-30356800/Data%20and%20Documents%20Library/GE%20-%20Geotechnical/GI%20reports/1991%20to%201992%20-%20Exploration%20Associates/Seperated%20logs/BH42.pdf","","","","","Full","OSGB","","","Thames Water Utilities Limited","Halcrow and Partners Ltd.","Exploration Associates Ltd.","","","","","","","","","","","","","","","","","","","","","","SU49SW42","","","","","","","","","","","Yes","","","","",""
"BH420","","DS+RC","FINAL","45.00","2024 - Arcadis Phase 2A","2a","","56.33","56.23","56.23","446525.00","194293.98","","","","51.645529","-1.328987","","","","","2024-04-29","2024-05-15","","","","","Client Name Value","Project Engineer Value","Contractors Name Value","1) Location scanned with GPR and CAT & Genny prior to excavation.  2) Inspection pit hand excavated with insulated hand tools to 1.20 mbgl.  3) Groundwater encountered at 0.50 and 0.90m bgl in inspection pit. 4) Hole terminated on achieving target depth of 45.00m. 5) Hole completed with a 50mm groundwater monitoring installation screened between 38.80 and 41.00m. 6) Organic odour noted between 11.60 - 12.50m. 7) Self-Boring Pressuremeter intervals specified from geology observed and completed at BH420A.","","Target depth achieved","","","","","","","","","Trimble VRS NOW GPRS system: accuracy of +/ 50 mm","","","","","","SH","","","","","","","","","","","","","","","","","","","",""
"BH420A","","DS+RC","FINAL","18.00","2024 - Arcadis Phase 2A","2a","","56.32","56.17","56.17","446525.52","194295.52","","","","51.645543","-1.328979","","","","","2024-05-15","2024-05-23","","","","","Client Name Value","Project Engineer Value","Contractors Name Value","1) Location scanned with GPR and CAT & Genny prior to excavation. 2) Location purpose for completing Self Boring Pressuremeter (SBPM) testing to not compromise integrity of installation quality on BH420. 3) Inspection pit hand excavated with insulated hand tools to 1.20mbgl. 4) Hole backfilled on completion at the request of the designer. 5) No visual or olfactory evidence of contamination. 6) No samples taken due to hole purpose of SBP Testing only - testing levels selected from BH420 log. 7) Hole non-destructively logged and not photographed.","Self Boring Pressuremeter Testing","Target depth achieved","","","","","","","","","Trimble VRS NOW GPRS system: accuracy of +/ 50 mm","","","","","","SH","","","","","","","","","","","","","","","","","","","",""
"BH422","","DS+RC","FINAL","30.00","2024 - Arcadis Phase 2A","2a","","55.98","55.84","55.84","446637.51","194368.41","","","","51.646189","-1.327351","","","","","2024-04-29","2024-05-09","","","","","Client Name Value","Project Engineer Value","Contractors Name Value","1) Location scanned with GPR and CAT & Genny prior to excavation.  2) Inspection pit hand excavated with insulated hand tools to 1.20 mbgl.  3) Groundwater encountered at 0.50 and 0.90m bgl in inspection pit. 4) Hole terminated on achieving target depth of 30.00m - wireline geophysics conducted on completed borehole. 5) Hole completed with a VWP installation with the tip at 16.00mbgl in a 2:1 grout mix (cement:bentonite). 6) No visual or olfactory evidence of contamination. 7) Self-Boring Pressuremeter intervals specified from geology observed and completed at BH422B.","","Target depth achieved","","","","","","","","","Trimble VRS NOW GPRS system: accuracy of +/ 50 mm","","","","","","SH","","","","","","","","","","","","","","","","","","","",""
"BH422A","","IP","FINAL","0.60","2024 - Arcadis Phase 2A","2a","","55.98","55.85","55.85","446639.03","194367.27","","","","51.646179","-1.327329","","","","","2024-04-30","2024-04-30","","","","","Client Name Value","Project Engineer Value","Contractors Name Value","1) Location scanned with GPR and CAT & Genny prior to excavation.  2) Location purpose for completing Self Boring Pressuremeter (SBP) testing to not compromise integrity of installation quality on BH422. 3) Inspection pit hand excavated with insulated hand tools to 0.60mbgl.  4) Groundwater encountered at 0.60m within inspection pit. 5) Hole terminated due to locating land drain at 0.60m bgl - Position relocated to BH422B 6) No visual or olfactory evidence of contamination.  ","","Service - Land drain","","","","","","","","","Trimble VRS NOW GPRS system: accuracy of +/ 50 mm","","","","","","SH","","","","","","","","","","","","","","","","","","","",""
"BH422B","","DS+RC","FINAL","25.00","2024 - Arcadis Phase 2A","2a","","55.99","55.81","55.81","446635.99","194368.28","","","","51.646188","-1.327373","","","","","2024-04-30","2024-05-22","","","","","Client Name Value","Project Engineer Value","Contractors Name Value","1) Location scanned with GPR and CAT & Genny prior to excavation. 2) Location purpose for completing Self Boring Pressuremeter (SBPM) testing to not compromise integrity of installation quality on BH422. 3) Inspection pit hand excavated with insulated hand tools to 1.20mbgl. 4) Hole backfilled on completion at the request of the designer. 5) No visual or olfactory evidence of contamination. 6) No samples taken due to hole purpose of SBP Testing only - testing levels selected from BH422 log. 7) Hole non-destructively logged and not photographed.","Self Boring Pressuremeter Testing","Target depth achieved","","","","","","","","","Trimble VRS NOW GPRS system: accuracy of +/ 50 mm","","","","","","SH","","","","","","","","","","","","","","","","","","","",""
"BH423","","CP","DRAFT","20.55","2024 to 2025 - Arcadis Phase 2B","2b","","49.19","49.33","49.33","449689.62","194873.91","","","","51.650473","-1.283172","","","","","2024-12-04","2024-12-10","","","","","Client Name Value","Project Engineer Value","Contractors Name Value","1.  Position cleared of utilities with GPR and CAT/Genny. 2.  Inspection pit excavated with insulated hand digging tools to 1.20 mbgl. 3. Groundwater encountered at 1.20mbgl, raised to 1.00mbgl after 20 minutes. 4.  No visual or olfactory evidence of contamination. 5.  Terminated at scheduled depth. 6.  Borehole backfilled with grout 0.00-20.55m.","","Target depth achieved","","","","","","","","","Trimble VRS NOW GPRS system: accuracy of +/ 50 mm","","","","","","","","","","","","","","","","","","","","","","","","","",""
"BH423A","","CP+RC","DRAFT","20.50","2024 to 2025 - Arcadis Phase 2B","2b","","49.17","49.14","49.14","449687.28","194866.53","","","","51.650407","-1.283207","","","","","2024-12-10","2024-12-17","","","","","Client Name Value","Project Engineer Value","Contractors Name Value","1.  Position cleared of utilities with GPR and CAT/Genny. 2.  Inspection pit excavated with insulated hand digging tools to 1.20 mbgl. 3. Groundwater encountered at 1.20mbgl, raised to 1.00mbgl after 20 minutes. 4.  No visual or olfactory evidence of contamination. 5.  Terminated at scheduled depth. 6.  5.  Borehole backfilled and installed with; grout 19.50-20.50m, Vibrating Wire Piezometer in 19mm install pipe with bentonite surround 0.40-19.50m, flush cover set in concrete 0.00-0.40m. 7. SBPM & CPM testing undertaken at depths specified by designer. ","","Target depth achieved","","","","","","","","","Trimble VRS NOW GPRS system: accuracy of +/ 50 mm","","","","","","","","","","","","","","","","","","","","","","","","","",""
"BH425","","CP+RC","DRAFT","32.30","2024 to 2025 - Arcadis Phase 2B","2b","","49.55","48.07","48.07","449685.67","194926.76","","","","51.650949","-1.283222","","","","","2025-01-07","2025-01-08","","","","","Client Name Value","Project Engineer Value","Contractors Name Value","1.  Position cleared of utilities with GPR and CAT/Genny. 2.  Inspection pit excavated with insulated hand digging tools to 1.20 mbgl. 3. Groundwater encountered at 0.60mbgl, raised to 0.50mbgl after 20 minutes; 1.00mbgl, raised to 0.50mbgl after 20 minutes; 2.60mbgl, raised to 0.40mbgl after 20 minutes 4.  No visual or olfactory evidence of contamination. 5.  Terminated at scheduled depth. 6.  Borehole backfilled and installed with bentonite pellets 32.00-32.30m; slotted 50mm diameter HDPE standpipe in gravel surround 30.00-32.00m; plain 50mm HDPE pipe in bentonite surround 0.20-30.00m; flush cover set in concrete 0.00-0.20m.","","Target depth achieved","","","","","","","","","Trimble VRS NOW GPRS system: accuracy of +/ 50 mm","","","","","","","","","","","","","","","","","","","","","","","","","",""
"BH425A","","CP+RC","DRAFT","19.50","2024 to 2025 - Arcadis Phase 2B","2b","","49.49","48.22","48.22","449693.05","194923.06","","","","51.650915","-1.283116","","","","","2025-01-16","2025-01-21","","","","","Client Name Value","Project Engineer Value","Contractors Name Value","1.  Position cleared of utilities with GPR and CAT/Genny. 2.  Inspection pit excavated with insulated hand digging tools to 0.30 mbgl; Management of Change (MOC) authorised to begin Cable Percussing drilling from 0.30mbgl due to ingress of water. 3. Groundwater encountered at 0.30mbgl. 4.  No visual or olfactory evidence of contamination. 5.  Terminated at scheduled depth. 6.  Borehole backfilled arisings 0.00-0.10m, and grout 0.10-19.50m.","Self Boring Pressuremeter Testing","Target depth achieved","","","","","","","","","Trimble VRS NOW GPRS system: accuracy of +/ 50 mm","","","","","","","","","","","","","","","","","","","","","","","","","",""
"BH428","","DS+RC","FINAL","38.30","2024 - Arcadis Phase 2A","2a","","57.34","57.23","57.23","446138.00","193974.01","","","","51.642684","-1.334621","","","","","2024-07-15","2024-07-23","","","","","Client Name Value","Project Engineer Value","Contractors Name Value","1) Location scanned with GPR and CAT & Genny prior to excavation.  2) Inspection pit hand excavated with insulated hand tools to 1.20 mbgl.  3) Hole backfilled on completion at the request of the designer. Borehole collapsed to 27.70mbgl when backfilling the borehole. 4) No visual or olfactory evidence of contamination. 5) Hole terminated at scheduled depth.","","Target Depth Achieved","","","","","","","","","Trimble VRS NOW GPRS system: accuracy of +/ 50 mm","","","","","","SH","","","","","","","","","","","","","","","","","","","",""
"BH428A","","DS+RC","FINAL","20.50","2024 - Arcadis Phase 2A","2a","","57.34","57.23","57.23","446131.36","193968.30","","","","51.642633","-1.334718","","","","","2024-07-08","2024-08-02","","","","","Client Name Value","Project Engineer Value","Contractors Name Value","1) Location scanned with GPR and CAT & Genny prior to excavation.  2) Location purpose for completing Self Boring Pressuremeter (SBPM) testing - hole non-destructively logged for the purpose of sample preservation for university studies.  3) Inspection pit hand excavated with insulated hand tools to 1.20 mbgl.  4) No groundwater recorded. 5) Hole terminated on achieving target depth of 20.50m. 6) SBP Testing zone at 20.00m terminated at the request of the Principal Designer due to hard ground. SPT conducted at 19.50 with blow recorded over 100mm intervals. 7) Hole completed with a VWP installation with the tip at 19.00mbgl in a 2:1 grout mix (cement:bentonite). 8) No visual or olfactory evidence of contamination.","Self Boring Pressuremeter Testing","Target depth achieved","","","","","","","","","Trimble VRS NOW GPRS system: accuracy of +/ 50 mm","","","","","","SH","","","","","","","","","","","","","","","","","","","",""
"BH43","SU49SW25","CP+RC","HISTORIC","45.00","1991 to 1992 - Exploration Associates","","","67.81","67.81","68.00","444249.00","190768.00","UK_31/03/2025","","","51.614011","-1.362322","","https://arup.sharepoint.com/:b:/r/teams/prj-30356800/Data%20and%20Documents%20Library/GE%20-%20Geotechnical/GI%20reports/1991%20to%201992%20-%20Exploration%20Associates/Seperated%20logs/BH43.pdf","","","","","Full","OSGB","","","Thames Water Utilities Limited","Halcrow and Partners Ltd.","Exploration Associates Ltd.","","","","","","","","","","","","","","","","","","","","","","SU49SW25","","","","","","","","","","","Yes","","","","",""
"BH437","","DS+RC","FINAL","15.00","2024 - Arcadis Phase 2A","2a","","56.13","56.00","56.00","445518.38","194185.08","","","","51.644632","-1.343547","","","","","2024-06-19","2024-08-08","","","","","Client Name Value","Project Engineer Value","Contractors Name Value","1) Location scanned with GPR and CAT & Genny prior to excavation.  2) Inspection pit hand excavated with insulated hand tools to 1.20 mbgl.  3) No groundwater recorded 4) Hole terminated on achieving target depth of 15.00m. 5) Hole completed with a 50mm groundwater monitoring installation screened between 11.80m and 14.30m 6) No visual or olfactory evidence of contamination.","","Target depth achieved","","","","","","","","","Trimble VRS NOW GPRS system: accuracy of +/ 50 mm","","","","","","SH","","","","","","","","","","","","","","","","","","","",""
"BH43A","","CP+RO","HISTORIC","38.00","1991 to 1992 - Exploration Associates","","","67.81","67.81","68.00","444249.00","190768.00","UK_01/04/2025","","","51.614011","-1.362322","","https://arup.sharepoint.com/:b:/r/teams/prj-30356800/Data%20and%20Documents%20Library/GE%20-%20Geotechnical/GI%20reports/1991%20to%201992%20-%20Exploration%20Associates/Seperated%20logs/BH43A.pdf","","","","","Full","OSGB","","1991-10-08","Thames Water Utilities Limited","Halcrow and Partners Ltd.","Exploration Associates Ltd.","","","","","","","","","","","","","","","","","","","","","","","","","","","","","","","","","No","","","","",""
"BH44","","CP+RC","HISTORIC","40.00","1991 to 1992 - Exploration Associates","","","69.48","69.48","69.70","444890.00","190933.50","UK_01/04/2025","","","51.615448","-1.353044","","https://arup.sharepoint.com/:b:/r/teams/prj-30356800/Data%20and%20Documents%20Library/GE%20-%20Geotechnical/GI%20reports/1991%20to%201992%20-%20Exploration%20Associates/Seperated%20logs/BH44.pdf","","","","","Full","OSGB","","","Thames Water Utilities Limited","Halcrow and Partners Ltd.","Exploration Associates Ltd.","","","","","","","","","","","","","","","","","","","","","","","","","","","","","","","","","No","","","","",""
"BH45","SU49SE221","CP+RC","HISTORIC","39.45","1991 to 1992 - Exploration Associates","","","67.66","67.66","67.50","445819.00","190836.00","WC_01/04/2025","","","51.614497","-1.339640","","https://arup.sharepoint.com/:b:/r/teams/prj-30356800/Data%20and%20Documents%20Library/GE%20-%20Geotechnical/GI%20reports/1991%20to%201992%20-%20Exploration%20Associates/Seperated%20logs/BH45.pdf","","","","","Full","OSGB","","","Thames Water Utilities Limited","Halcrow and Partners Ltd.","Exploration Associates Ltd.","","","","","","","","","","","","","","","","","","","","","","SU49SE221","","","","","","","","","","","Yes","","","","",""
"BH46","SU49SW45","CP+RC","HISTORIC","40.00","1991 to 1992 - Exploration Associates","","","66.88","66.88","66.60","442365.00","190279.00","UK_01/04/2025","","","51.609758","-1.389589","","https://arup.sharepoint.com/:b:/r/teams/prj-30356800/Data%20and%20Documents%20Library/GE%20-%20Geotechnical/GI%20reports/1991%20to%201992%20-%20Exploration%20Associates/Seperated%20logs/BH46.pdf","","","","","Full","OSGB","","","Thames Water Utilities Limited","Halcrow and Partners Ltd.","Exploration Associates Ltd.","","","","","","","","","","","","","","","","","","","","","","SU49SW45","","","","","","","","","","","Yes","","","","",""
"BH465","","RC","PROPOSED","5.00","2024 to 2025 - Arcadis Phase 2B","","","68.69","68.69","68.69","444699.00","191012.00","Proposed","","","51.616169","-1.355792","","","","","","","","","","","","","","","","","","","","","","","","","Proposed co-ordinates","","","","","","","","","","","","","","","","","","","","","","","","","",""
"BH466","","RC","PROPOSED","5.00","2024 to 2025 - Arcadis Phase 2B","","","58.96","58.96","58.96","446960.58","193158.68","Proposed","","","51.635286","-1.322844","","","","","","","","","","","","","","","","","","","","","","","","","Proposed co-ordinates","","","","","","","","","","","","","","","","","","","","","","","","","",""
"BH467","","DS","DRAFT","5.00","2024 to 2025 - Arcadis Phase 2B","2b","","56.28","56.11","56.11","444735.09","194632.92","","","","51.648721","-1.354809","","","","","2024-10-08","2024-10-17","","","","","Client Name Value","Project Engineer Value","Contractors Name Value","1. Position cleared of utilities with GPR and CAT/Genny. 2. Inspection pit excavated with insulated hand digging tools to 1.20mbgl. 3. Groundwater encountered at 1.20mbgl, rising to 0.70mbgl after 20 minutes. 4. No visual or olfactory evidence of contamination. 5. Terminated at scheduled depth. 6. Borehole backfilled and installed with slotted 50mm diameter HDPE standpipe in gravel surround 2.50-5.00m; plain 50mm HDPE pipe in bentonite surround 0.25-2.50m; flush cover set in concrete 0.00-0.25m.","","Target depth achieved","","","","","","","","","Trimble VRS NOW GPRS system: accuracy of +/ 50 mm","","","","","","","","","","","","","","","","","","","","","","","","","",""
"BH468","","RC","PROPOSED","5.00","2024 to 2025 - Arcadis Phase 2B","","","60.17","60.17","60.17","447599.00","192089.00","Proposed","","","51.625615","-1.313765","","","","","","","","","","","","","","","","","","","","","","","","","Proposed co-ordinates","","","","","","","","","","","","","","","","","","","","","","","","","",""
"BH469","","DS","DRAFT","5.00","2024 to 2025 - Arcadis Phase 2B","2b","","63.28","63.28","63.28","446125.95","192211.16","","","","51.626836","-1.335027","","","","","2025-06-24","2025-06-24","","","","","Client Name Value","Project Engineer Value","Contractors Name Value","1. Position cleared of utilities with GPR and CAT/Genny. 2. Inspection pit excavated with insulated hand digging tools to 1.20mbgl. 3. Groundwater encountered at 2.00mbgl, rising to 1.55mbgl after 20 minutes. 4. No visual or olfactory evidence of contamination. 5. Terminated at scheduled depth. 6. Borehole backfilled and installed with; bentonite 1.90-5.00m; slotted 50mm diameter HDPE standpipe in gravel surround 0.90-1.90m; plain 50mm HDPE pipe in bentonite surround 0.40-0.90m; flush cover set in concrete 0.00-0.40m.","","Target depth achieved","","","","","","","","","Proposed co-ordinates","","","","","","","","","","","","","","","","","","","","","","","","","",""
"BH470","","RC","PROPOSED","5.00","2024 to 2025 - Arcadis Phase 2B","","","58.39","58.39","58.39","442843.23","193742.61","Proposed","","","51.640863","-1.382260","","","","","","","","","","","","","","","","","","","","","","","","","Proposed co-ordinates","","","","","","","","","","","","","","","","","","","","","","","","","",""
"BH471","","RC","PROPOSED","5.00","2024 to 2025 - Arcadis Phase 2B","","","59.48","59.48","59.48","442764.46","193053.58","Proposed","","","51.634674","-1.383483","","","","","","","","","","","","","","","","","","","","","","","","","Proposed co-ordinates","","","","","","","","","","","","","","","","","","","","","","","","","",""
"BH472","","RC","PROPOSED","5.00","2024 to 2025 - Arcadis Phase 2B","","","58.43","58.43","58.43","443338.90","194676.80","Proposed","","","51.649225","-1.374982","","","","","","","","","","","","","","","","","","","","","","","","","Proposed co-ordinates","","","","","","","","","","","","","","","","","","","","","","","","","",""
"BH473","","DS+RC","FINAL","5.00","2024 - Arcadis Phase 2A","2a","","55.12","54.91","54.91","446346.96","194649.59","","","","51.648741","-1.331512","","","","","2024-07-23","2024-07-15","","","","","Client Name Value","Project Engineer Value","Contractors Name Value","1) Location scanned with GPR and CAT & Genny prior to excavation. 2) Inspection pit hand excavated with insulated hand tools to 1.20 mbgl. 3) No groundwater recorded 4) No visual or olfactory evidence of contamination. ","","Target depth achieved","","","","","","","","","Trimble VRS NOW GPRS system: accuracy of +/ 50 mm","","","","","","SH","","","","","","","","","","","","","","","","","","","",""
"BH474","","DS+RC","FINAL","5.45","2024 - Arcadis Phase 2A","2a","","56.43","56.33","56.33","446982.35","194256.59","","","","51.645155","-1.322382","","","","","2024-04-30","2024-05-24","","","","","Client Name Value","Project Engineer Value","Contractors Name Value","1) Location scanned with GPR and CAT & Genny prior to excavation.  2) Inspection pit hand excavated with insulated hand tools to 1.20 mbgl.  3) Groundwater encountered at 1.20 and 2.70m bgl. 4) Hole terminated on achieving target depth of 5.45m. 5) Hole completed with a 50mm groundwater monitoring installation screened between 1.00 and 1.80m. 6) No visual or olfactory evidence of contamination.","","Target depth achieved","","","","","","","","","Trimble VRS NOW GPRS system: accuracy of +/ 50 mm","","","","","","SH","","","","","","","","","","","","","","","","","","","",""
"BH476","","DS","DRAFT","5.00","2024 to 2025 - Arcadis Phase 2B","2b","","65.35","65.35","65.35","442244.00","191871.00","","","","51.624081","-1.391145","","","","","2025-07-02","2025-07-02","","","","","Client Name Value","Project Engineer Value","Contractors Name Value","1. Position cleared of utilities with GPR and CAT/Genny. 2. Inspection pit excavated with insulated hand digging tools to 1.20mbgl. 3. No groundwater encountered. 4. No visual or olfactory evidence of contamination. 5. Terminated at scheduled depth. 6. Borehole backfilled and installed with slotted 50mm diameter HDPE standpipe in gravel surround 0.90-1.40m; plain 50mm HDPE pipe in bentonite surround 0.30-0.90m; flush cover set in concrete 0.00-0.30m.","","Target depth achieved","","","","","","","","","Proposed co-ordinates","","","","","","","","","","","","","","","","","","","","","","","","","",""
"BH477","","DS+RC","DRAFT","5.00","2024 to 2025 - Arcadis Phase 2B","2b","","56.98","56.81","56.81","444811.13","194233.98","","","","51.645128","-1.353761","","","","","2024-10-30","2024-10-30","","","","","Client Name Value","Project Engineer Value","Contractors Name Value","1. Position cleared of utilities with GPR and CAT/Genny. 2. Inspection pit excavated with insulated hand digging tools to 1.20mbgl. 3. Groundwater encountered at 1.20mbgl, rising to 0.90mbgl after 20 minutes. 4. No visual or olfactory evidence of contamination. 5. Terminated at scheduled depth. 6. Borehole backfilled and installed with slotted 50mm diameter HDPE standpipe in gravel surround 4.00-5.00m; plain 50mm HDPE pipe in bentonite surround 0.20-3.00m; flush cover set in concrete 0.00-0.20m.","","Target depth achieved","","","","","","","","","Trimble VRS NOW GPRS system: accuracy of +/ 50 mm","","","","","","","","","","","","","","","","","","","","","","","","","",""
"BH478","","RC","PROPOSED","5.00","2024 to 2025 - Arcadis Phase 2B","","","68.15","68.15","68.15","445602.98","191047.82","Proposed","","","51.616419","-1.342732","","","","","","","","","","","","","","","","","","","","","","","","","Proposed co-ordinates","","","","","","","","","","","","","","","","","","","","","","","","","",""
"BH479","","CP","PROPOSED","20.00","2024 to 2025 - Arcadis Phase 2B","","","66.48","66.48","66.48","445390.24","191608.22","Proposed","","","51.621474","-1.345732","","","","","","","","","","","","","","","","","","","","","","","","","Proposed co-ordinates","","","","","","","","","","","","","","","","","","","","","","","","","",""
"BH481","","CP","PROPOSED","20.00","2024 to 2025 - Arcadis Phase 2B","","","65.55","65.55","65.55","442470.00","191547.00","Proposed","","","51.621151","-1.387919","","","","","","","","","","","","","","","","","","","","","","","","","Proposed co-ordinates","","","","","","","","","","","","","","","","","","","","","","","","","",""
"BH482","","CP","PROPOSED","20.00","2024 to 2025 - Arcadis Phase 2B","","","65.08","65.08","65.08","442186.00","191529.00","Proposed","","","51.621010","-1.392024","","","","","","","","","","","","","","","","","","","","","","","","","Proposed co-ordinates","","","","","","","","","","","","","","","","","","","","","","","","","",""
"BH483","","CP","PROPOSED","20.00","2024 to 2025 - Arcadis Phase 2B","","","66.89","66.89","66.89","441822.00","191481.00","Proposed","","","51.620606","-1.397287","","","","","","","","","","","","","","","","","","","","","","","","","Proposed co-ordinates","","","","","","","","","","","","","","","","","","","","","","","","","",""
"BH484","","CP","PROPOSED","20.00","2024 to 2025 - Arcadis Phase 2B","","","69.03","69.03","69.03","441442.80","191437.45","Proposed","","","51.620242","-1.402769","","","","","","","","","","","","","","","","","","","","","","","","","Proposed co-ordinates","","","","","","","","","","","","","","","","","","","","","","","","","",""
"BH485","","RC","PROPOSED","10.00","2024 to 2025 - Arcadis Phase 2B","","","55.33","55.33","55.33","446308.39","196780.23","Proposed","","","51.667900","-1.331789","","","","","","","","","","","","","","","","","","","","","","","","","Proposed co-ordinates","","","","","","","","","","","","","","","","","","","","","","","","","",""
"BH486","","RC","PROPOSED","10.00","2024 to 2025 - Arcadis Phase 2B","","","54.28","54.28","54.28","446656.00","196614.00","Proposed","","","51.666377","-1.326785","","","","","","","","","","","","","","","","","","","","","","","","","Proposed co-ordinates","","","","","","","","","","","","","","","","","","","","","","","","","",""
"BH487","","CP","PROPOSED","10.00","2024 to 2025 - Arcadis Phase 2B","","","54.81","54.81","54.81","446874.76","196822.52","Proposed","","","51.668234","-1.323594","","","","","","","","","","","","","","","","","","","","","","","","","Proposed co-ordinates","","","","","","","","","","","","","","","","","","","","","","","","","",""
"BH488","","RC","PROPOSED","10.00","2024 to 2025 - Arcadis Phase 2B","","","54.48","54.48","54.48","447083.65","196879.14","Proposed","","","51.668726","-1.320567","","","","","","","","","","","","","","","","","","","","","","","","","Proposed co-ordinates","","","","","","","","","","","","","","","","","","","","","","","","","",""
"BH489","","CP","PROPOSED","10.00","2024 to 2025 - Arcadis Phase 2B","","","54.68","54.68","54.68","447285.26","196973.71","Proposed","","","51.669559","-1.317639","","","","","","","","","","","","","","","","","","","","","","","","","Proposed co-ordinates","","","","","","","","","","","","","","","","","","","","","","","","","",""
"BH490","","CP","PROPOSED","10.00","2024 to 2025 - Arcadis Phase 2B","","","53.53","53.53","53.53","447421.83","196873.96","Proposed","","","51.668651","-1.315678","","","","","","","","","","","","","","","","","","","","","","","","","Proposed co-ordinates","","","","","","","","","","","","","","","","","","","","","","","","","",""
"BH491","","CP","PROPOSED","10.00","2024 to 2025 - Arcadis Phase 2B","","","53.29","53.29","53.29","447418.04","196662.90","Proposed","","","51.666753","-1.315761","","","","","","","","","","","","","","","","","","","","","","","","","Proposed co-ordinates","","","","","","","","","","","","","","","","","","","","","","","","","",""
"BH492","","RC","PROPOSED","10.00","2024 to 2025 - Arcadis Phase 2B","","","53.17","53.17","53.17","447414.54","196421.87","Proposed","","","51.664587","-1.315844","","","","","","","","","","","","","","","","","","","","","","","","","Proposed co-ordinates","","","","","","","","","","","","","","","","","","","","","","","","","",""
"BH493","","CP","PROPOSED","10.00","2024 to 2025 - Arcadis Phase 2B","","","52.61","52.61","52.61","447485.67","196212.44","Proposed","","","51.662698","-1.314844","","","","","","","","","","","","","","","","","","","","","","","","","Proposed co-ordinates","","","","","","","","","","","","","","","","","","","","","","","","","",""
"BH494","","CP","DRAFT","14.75","2024 to 2025 - Arcadis Phase 2B","2b","","55.70","55.70","55.70","447466.94","195955.82","","","","51.660392","-1.315150","","","","","2025-03-19","2025-03-25","","","","","Client Name Value","Project Engineer Value","Contractors Name Value","1. Position cleared of utilities with GPR and CAT/Genny. 2. Inspection pit excavated with insulated hand digging tools to 1.20mbgl. 3. Groundwater encountered at 14.70mbgl. 4. No visual or olfactory evidence of contamination. 5. Terminated due to refusal on hard strata. 6. Borehole backfilled with bentonite cement grout.","","Refusal on hard strata","","","","","","","","","Proposed co-ordinates","","","","","","","","","","","","","","","","","","","","","","","","","",""
"BH495","","CP","DRAFT","10.00","2024 to 2025 - Arcadis Phase 2B","2b","","59.81","59.81","59.81","447355.59","195760.13","","","","51.658642","-1.316786","","","","","2025-02-12","2025-04-03","","","","","Client Name Value","Project Engineer Value","Contractors Name Value","1. Position cleared of utilities with GPR and CAT/Genny. 2. Inspection pit excavated with insulated hand digging tools to 1.20mbgl. 3. Groundwater encountered at 5.70mbgl, rising to 4.40mbgl after 20 minutes. 4. No visual or olfactory evidence of contamination. 5. Terminated at scheduled depth. 6. Borehole backfilled with arisings 0.00-1.00ml and grout 1.00-10.00m.","","Target depth achieved","","","","","","","","","Proposed co-ordinates","","","","","","","","","","","","","","","","","","","","","","","","","",""
"BH496","","CP","DRAFT","10.00","2024 to 2025 - Arcadis Phase 2B","2b","","63.23","63.23","63.23","447191.83","195434.19","","","","51.655725","-1.319197","","","","","2025-02-12","2025-04-04","","","","","Client Name Value","Project Engineer Value","Contractors Name Value","1. Position cleared of utilities with GPR and CAT/Genny. 2. Inspection pit excavated with insulated hand digging tools to 1.20mbgl. ","","Target depth acheived","","","","","","","","","Proposed co-ordinates","","","","","","","","","","","","","","","","","","","","","","","","","",""
"BH498","","CP","FINAL","20.00","2024 - Arcadis Phase 2A","2a","","58.22","57.83","57.83","447089.24","195048.31","","","","51.652265","-1.320732","","","","","2024-07-29","2024-08-14","","","","","Client Name Value","Project Engineer Value","Contractors Name Value","1) Location scanned with GPR and CAT & Genny prior to excavation.  2) Inspection pit hand excavated with insulated hand tools to 1.20 mbgl.  3) Groundwater observed at 6.00 within casing in AM following rig shutdown overnight - cannot attribute depth the water was struck. 4) Hole terminated on achieving target depth of 20.00m. 5) Hole backfilled on completion at request of Principal Designer. 6) No visual or olfactory evidence of contamination.","","Target depth achieved","","","","","","","","","Trimble VRS NOW GPRS system: accuracy of +/ 50 mm","","","","","","SH","","","","","","","","","","","","","","","","","","","",""
"BH500","","CP","FINAL","10.45","2024 - Arcadis Phase 2A","2a","","55.86","55.57","55.57","447028.11","194559.65","","","","51.647876","-1.321681","","","","","2024-05-15","2024-05-16","","","","","Client Name Value","Project Engineer Value","Contractors Name Value","1) Location scanned with GPR and CAT & Genny prior to excavation.  2) Inspection pit hand excavated with insulated hand tools to 1.20 mbgl.  3) Groundwater encountered at 1.60m. 4) Hole terminated on achieving target depth of 10.45m. 5) Hole backfilled with grout on completion at request of Principal Designer. 6) No visual or olfactory evidence of contamination.","","Target depth achieved","","","","","","","","","Trimble VRS NOW GPRS system: accuracy of +/ 50 mm","","","","","","SH","","","","","","","","","","","","","","","","","","","",""
"BH501","","CP","FINAL","10.45","2024 - Arcadis Phase 2A","2a","","55.86","53.95","53.95","446827.93","194479.01","","","","51.647168","-1.324584","","","","","2024-05-13","2024-05-14","","","","","Client Name Value","Project Engineer Value","Contractors Name Value","1) Location scanned with GPR and CAT & Genny prior to excavation.  2) Inspection pit hand excavated with insulated hand tools to 1.20 mbgl.  3) Groundwater encountered at 1.00mbgl.  4) Hole terminated on achieving target depth of 10.45m. 5) Hole backfilled with grout on completion at request of Principal Designer. 6) No visual or olfactory evidence of contamination.","","Target depth achieved","","","","","","","","","Trimble VRS NOW GPRS system: accuracy of +/ 50 mm","","","","","","SH","","","","","","","","","","","","","","","","","","","",""
"BH502","","CP","FINAL","10.45","2024 - Arcadis Phase 2A","2a","","56.03","55.92","55.92","446704.01","194328.99","","","","51.645829","-1.326395","","","","","2024-05-14","2024-05-15","","","","","Client Name Value","Project Engineer Value","Contractors Name Value","1) Location scanned with GPR and CAT & Genny prior to excavation.  2) Inspection pit hand excavated with insulated hand tools to 1.20 mbgl.  3) Groundwater encountered at 1.70m. 4) Hole terminated on achieving target depth of 10.45m. 5) Hole backfilled with grout on completion at request of Principal Designer. 6) No visual or olfactory evidence of contamination.","","Target depth achieved","","","","","","","","","Trimble VRS NOW GPRS system: accuracy of +/ 50 mm","","","","","","SH","","","","","","","","","","","","","","","","","","","",""
"BH506","","IP","DRAFT","0.20","2024 to 2025 - Arcadis Phase 2B","2b","","54.12","54.12","54.12","448655.29","195268.84","","","","51.654114","-1.298067","","","","","2025-05-06","2025-05-06","","","","","Client Name Value","Project Engineer Value","Contractors Name Value","1. Position cleared of utilities with GPR and CAT/Genny. 2. Inspection pit excavated with insulated hand digging tools to 0.20 mbgl. 3. Groundwater not encountered. 4. Terminated due to suspected potential asbestos - position relocated to BH506A. 5. Borehole backfilled with arisings.","","Potential asbestos encountered ","","","","","","","","","Proposed co-ordinates","","","","","","","","","","","","","","","","","","","","","","","","","",""
"BH506A","","CP+RC","DRAFT","35.00","2024 to 2025 - Arcadis Phase 2B","2b","","54.12","54.12","54.12","448655.29","195268.84","","","","51.654114","-1.298067","","","","","2025-05-06","2025-05-14","","","","","Client Name Value","Project Engineer Value","Contractors Name Value","1. Position cleared of utilities with GPR and CAT/Genny. 2. Inspection pit excavated with insulated hand digging tools to 1.20mbgl. 3. Groundwater not encountered prior to use of drilling flush. 4. No visual or olfactory evidence of contamination. 5. Terminated at scheduled depth. 6. Borehole backfilled with bentonite cement grout.","","Target depth achieved","","","","","","","","","Proposed co-ordinates","","","","","","","","","","","","","","","","","","","","","","","","","",""
"BH506B","","CP+RC","DRAFT","23.50","2024 to 2025 - Arcadis Phase 2B","2b","","54.12","54.12","54.12","448655.29","195268.84","","","","51.654114","-1.298067","","","","","2025-05-07","2025-05-27","","","","","Client Name Value","Project Engineer Value","Contractors Name Value","1. Position cleared of utilities with GPR and CAT/Genny. 2. Inspection pit excavated with insulated hand digging tools to 1.20mbgl. 3. Groundwater not encountered prior to use of drilling flush. 4. No visual or olfactory evidence of contamination. 5. Terminated at scheduled depth. 6.  Borehole backfilled and installed with bentonite pellets 23.50-4.00m; slotted 50mm diameter HDPE standpipe in gravel surround 4.00-2.00m; plain 50mm HDPE pipe in bentonite surround 0.40-2.00m; flush cover set in concrete 0.00-0.40m.","","Target depth achieved","","","","","","","","","Proposed co-ordinates for BH506A","","","","","","","","","","","","","","","","","","","","","","","","","",""
"BH514","","DS+RC","FINAL","30.00","2024 - Arcadis Phase 2A","2a","","60.34","60.20","60.20","447205.54","195095.07","","","","51.652675","-1.319044","","","","","2024-07-30","2024-08-16","","","","","Client Name Value","Project Engineer Value","Contractors Name Value","1) Location scanned with GPR and CAT & Genny prior to excavation.  2) Inspection pit hand excavated with insulated hand tools to 1.20 mbgl.  3) Groundwater observed within casing in AM of 13/08/2024 at 3.10m - cannot attribute to a stike as the water came in overnight. 4) Hole terminated on achieving target depth of 30.00m. 5) Hole backfilled with grout on completion at request of Principal Designer. 6) No visual or olfactory evidence of contamination.","","Target depth achieved","","","","","","","","","Trimble VRS NOW GPRS system: accuracy of +/ 50 mm","","","","","","SH","","","","","","","","","","","","","","","","","","","",""
"BH519","","RC","PROPOSED","10.00","2024 to 2025 - Arcadis Phase 2B","","","65.05","65.05","65.05","441644.33","192258.89","Proposed","","","51.627613","-1.399761","","","","","","","","","","","","","","","","","","","","","","","","","Proposed co-ordinates","","","","","","","","","","","","","","","","","","","","","","","","","",""
"BH520","","RC","PROPOSED","15.00","2024 to 2025 - Arcadis Phase 2B","","","64.60","64.60","64.60","442000.00","192058.00","Proposed","","","51.625781","-1.394647","","","","","","","","","","","","","","","","","","","","","","","","","Proposed co-ordinates","","","","","","","","","","","","","","","","","","","","","","","","","",""
"BH521","","RC","PROPOSED","10.00","2024 to 2025 - Arcadis Phase 2B","","","64.29","64.29","64.29","442524.00","191920.00","Proposed","","","51.624501","-1.387094","","","","","","","","","","","","","","","","","","","","","","","","","Proposed co-ordinates","","","","","","","","","","","","","","","","","","","","","","","","","",""
"BH522","","CP","FINAL","15.65","2024 - Arcadis Phase 2A","2a","","62.38","62.24","62.24","443169.46","191793.23","","","","51.623312","-1.377786","","","","","2024-07-23","2024-08-02","","","","","Client Name Value","Project Engineer Value","Contractors Name Value","1) Location scanned with GPR and CAT & Genny prior to excavation.   2) Inspection pit hand excavated with insulated hand tools to 1.20mbgl. 3) Groundwater observed at 1.10m and 5.60m. 4) Hole terminated on achieving target depth of 15.65m. 5) Hole backfilled with grout on completion at request of Principal Designer. 6) No visual or olfactory evidence of contamination.","","Target depth achieved","","","","","","","","","Trimble VRS NOW GPRS system: accuracy of +/ 50 mm","","","","","","SH","","","","","","","","","","","","","","","","","","","",""
"BH523","","DS+RC","FINAL","10.00","2024 - Arcadis Phase 2A","2a","","62.06","61.56","61.56","443433.60","191804.99","","","","51.623397","-1.373969","","","","","2024-07-23","2024-08-12","","","","","Client Name Value","Project Engineer Value","Contractors Name Value","1) Location scanned with GPR and CAT & Genny prior to excavation.  2) Inspection pit hand excavated with insulated hand tools to 1.20mbgl. 3) No groundwater observed. 4) Hole terminated on achieving target depth of 10.00m. 5) Hole backfilled with grout on completion at request of Principal Designer. 6) No visual or olfactory evidence of contamination.","","Target depth achieved","","","","","","","","","Trimble VRS NOW GPRS system: accuracy of +/ 50 mm","","","","","","SH","","","","","","","","","","","","","","","","","","","",""
"BH524","","DS+RC","FINAL","10.65","2024 - Arcadis Phase 1","1","","64.97","64.67","64.67","444550.43","191802.65","","","","51.623289","-1.357838","","","","","2024-02-01","2024-02-08","","","","","Client Name Value","Project Engineer Value","Contractors Name Value","1) Location scanned with GPR and CAT & Genny prior to excavation.  2) Inspection pit hand excavated with insulated hand tools to 1.20 mbgl.  3) Groundwater observed at 1.70m bgl. 4) Hole terminated on achieving target depth. 5) Hole backfilled on completion at the request of the designer. 6) No visual or olfactory evidence of contamination.","","Target depth achieved","","","","","","","","","Trimble VRS NOW GPRS system: accuracy of +/ 50 mm","","","","","","SH","","","","","","","","","","","","","","","","","","","",""
"BH525","","RC","PROPOSED","10.00","2024 to 2025 - Arcadis Phase 2B","","","66.02","66.02","66.02","445123.00","191807.00","Proposed","","","51.623283","-1.349567","","","","","","","","","","","","","","","","","","","","","","","","","Proposed co-ordinates","","","","","","","","","","","","","","","","","","","","","","","","","",""
"BH526","","CP","DRAFT","10.00","2024 to 2025 - Arcadis Phase 2B","2b","","65.19","65.19","65.19","445406.00","191844.00","","","","51.623593","-1.345474","","","","","2025-06-19","2025-06-19","","","","","Client Name Value","Project Engineer Value","Contractors Name Value","1. Position cleared of utilities with GPR and CAT/Genny. 2. Inspection pit excavated with insulated hand digging tools to 1.20mbgl. 3. Groundwater not encountered prior to use of water flush. 4. No visual or olfactory evidence of contamination. 5. Terminated at scheduled depth. 6. Borehole backfilled with bentonite pellets 0.60-10.00m, and arisings 0.00-0.60m.","","Target depth achieved","","","","","","","","","Proposed co-ordinates","","","","","","","","","","","","","","","","","","","","","","","","","",""
"BH527","","CP","DRAFT","10.00","2024 to 2025 - Arcadis Phase 2B","2b","","65.16","65.16","65.16","445702.00","191894.00","","","","51.624019","-1.341192","","","","","2025-06-23","2025-06-26","","","","","Client Name Value","Project Engineer Value","Contractors Name Value","1. Position cleared of utilities with GPR and CAT/Genny. 2. Inspection pit excavated with insulated hand digging tools to 1.20mbgl. 3. Groundwater not encountered prior to use of water flush. 4. No visual or olfactory evidence of contamination. 5. Terminated at scheduled depth. 6. Borehole backfilled with bentonite pellets 0.60-10.00m, and arisings 0.00-0.60m.","","Target depth achieved","","","","","","","","","Proposed co-ordinates","","","","","","","","","","","","","","","","","","","","","","","","","",""
"BH528","","CP","DRAFT","10.00","2024 to 2025 - Arcadis Phase 2B","2b","","64.22","64.22","64.22","445913.00","192054.00","","","","51.625440","-1.338123","","","","","2025-06-24","2025-06-24","","","","","Client Name Value","Project Engineer Value","Contractors Name Value","1. Position cleared of utilities with GPR and CAT/Genny. 2. Inspection pit excavated with insulated hand digging tools to 1.20mbgl. 3. Groundwater not encountered prior to use of water flush. 4. No visual or olfactory evidence of contamination. 5. Terminated at scheduled depth. 6. Borehole backfilled with bentonite pellets 0.60-10.00m, and arisings 0.00-0.60m.","","Target depth achieved","","","","","","","","","Proposed co-ordinates","","","","","","","","","","","","","","","","","","","","","","","","","",""
"BH529","","CP","DRAFT","10.00","2024 to 2025 - Arcadis Phase 2B","2b","","62.56","62.56","62.56","446124.00","192345.00","","","","51.628039","-1.335037","","","","","2025-06-17","2025-06-18","","","","","Client Name Value","Project Engineer Value","Contractors Name Value","1. Position cleared of utilities with GPR and CAT/Genny. 2. Inspection pit excavated with insulated hand digging tools to 1.20mbgl. 3. Groundwater not encountered prior to use of water flush. 4. No visual or olfactory evidence of contamination. 5. Terminated at scheduled depth. 6. Borehole backfilled with bentonite pellets 0.60-10.00m, and arisings 0.00-0.60m.","","Target depth achieved","","","","","","","","","Proposed co-ordinates","","","","","","","","","","","","","","","","","","","","","","","","","",""
"BH534","","DS+RC","FINAL","39.70","2024 - Arcadis Phase 2A","2a","","56.66","56.53","56.53","446343.00","194119.01","","","","51.643971","-1.331640","","","","","2024-06-26","2024-07-02","","","","","Client Name Value","Project Engineer Value","Contractors Name Value","1) Location scanned with GPR and CAT & Genny prior to excavation.  2) Inspection pit hand excavated with insulated hand tools to 1.20 mbgl.  3) Groundwater encountered at 1.70m and artesian conditions observed on flushing hole at terminal depth. 4) Hole terminated on achieving 3.00m of Corallian Group at  depth of 39.70m 5) Hole completed with a 50mm groundwater monitoring installation screened between 37.00 and 39.50m. 6) No visual or olfactory evidence of contamination.","","3.00m penetration into Corallian Group","","","","","","","","","Trimble VRS NOW GPRS system: accuracy of +/ 50 mm","","","","","","SH","","","","","","","","","","","","","","","","","","","",""
"BH534A","","DS+RC","FINAL","20.50","2024 - Arcadis Phase 2A","2a","","56.68","56.54","56.54","446335.54","194114.27","","","","51.643929","-1.331748","","","","","2024-07-10","2024-07-17","","","","","Client Name Value","Project Engineer Value","Contractors Name Value","1) Location scanned with GPR and CAT & Genny prior to excavation. 2) Location purpose for completing Self Boring Pressuremeter (SBPM) testing to not compromise integrity of installation quality on BH534  - hole non-destructively logged for the purpose of sample preservation for university studies.  3) Inspection pit hand excavated with insulated hand tools to 1.20mbgl. 4) Hole backfilled on completion at the request of the designer. 5) No visual or olfactory evidence of contamination. 6) No samples taken due to hole purpose of SBP Testing only.","Self Boring Pressuremeter Testing","Target depth achieved","","","","","","","","","Trimble VRS NOW GPRS system: accuracy of +/ 50 mm","","","","","","SH","","","","","","","","","","","","","","","","","","","",""
"BH535","","DS+RC","FINAL","45.00","2024 - Arcadis Phase 2A","2a","","55.52","57.80","57.80","446899.01","194530.23","","","","51.647622","-1.323550","","","","","2024-05-28","2024-06-06","","","","","Client Name Value","Project Engineer Value","Contractors Name Value","1) Location scanned with GPR and CAT & Genny prior to excavation.  2) Inspection pit hand excavated with insulated hand tools to 1.20 mbgl.  3) Groundwater encountered at 32.20m and artesian conditions observed on reaching 45.00m - Wireline geophysics conducted on completed borehole. 4) Hole terminated on achieving target depth of 45.00m - with hole backfilling to 38.00m due to removal of GeoborS casing to control artesian flow.  5) Hole completed with a 50mm groundwater monitoring installation screened between 19.00 and 21.50m. 6) No visual or olfactory evidence of contamination.","","Target depth achieved","","","","","","","","","Trimble VRS NOW GPRS system: accuracy of +/ 50 mm","","","","","","SH","","","","","","","","","","","","","","","","","","","",""
"BH536","","DS+RC","DRAFT","45.00","2024 to 2025 - Arcadis Phase 2B","2b","","63.80","62.28","62.28","447261.04","194833.96","","","","51.650323","-1.318277","","","","","2024-09-03","2024-09-17","","","","","Client Name Value","Project Engineer Value","Contractors Name Value","1. Position cleared of utilities with GPR and CAT/Genny. 2. Inspection pit excavated with insulated hand digging tools to 1.20mbgl. 3. Groundwater not encountered prior to use of water flush - considerable loss of water flush from 20.00mbgl. 4. No visual or olfactory evidence of contamination. 5. Terminated at scheduled depth. 6. Borehole backfilled and installed with slotted 50mm diameter HDPE standpipe in gravel surround 42.00-45.00m; plain 50mm HDPE pipe in bentonite surround 0.20-42.00m; flush cover set in concrete 0.00-0.20m.","","Target depth achieved","","","","","","","","","Trimble VRS NOW GPRS system: accuracy of +/ 50 mm","","","","","","","","","","","","","","","","","","","","","","","","","",""
"BH536A","","DS+RC","DRAFT","26.50","2024 to 2025 - Arcadis Phase 2B","2b","","64.19","62.53","62.53","447272.68","194838.81","","","","51.650366","-1.318109","","","","","2024-09-19","2024-10-07","","","","","Client Name Value","Project Engineer Value","Contractors Name Value","1. Position cleared of utilities with GPR and CAT/Genny. 2. Inspection pit excavated with insulated hand digging tools to 1.20mbgl. 3. Groundwater not encountered prior to use of water flush. 4. No visual or olfactory evidence of contamination. 5. Terminated at scheduled depth. 6. SBPM testing undertaken at 3.00m intervals from 12.00 mbgl. 7. Borehole backfilled and installed with; bentonite pellets 24.00-26.30m; slotted 50mm diameter HDPE standpipe in gravel surround 17.00-24.00m; plain 50mm HDPE pipe in bentonite surround 0.20-17.00m; flush cover set in concrete 0.00-0.20m.","","Target depth achieved","","","","","","","","","Phone/Tablet GPS: approx. 5m max accuracy","","","","","","","","","","","","","","","","","","","","","","","","","",""
"BH537","","DS+RC","DRAFT","40.00","2024 to 2025 - Arcadis Phase 2B","2b","","63.96","63.96","63.96","447825.84","195186.79","","","","51.653448","-1.310067","","","","","2025-05-12","2025-05-15","","OSGB","","","Client Name Value","Project Engineer Value","Contractors Name Value","1. Position cleared of utilities with GPR and CAT/Genny. 2. Inspection pit excavated with insulated hand digging tools to 1.20mbgl. 3. Groundwater not encountered prior to use of water flush. 4. No visual or olfactory evidence of contamination. 5. Terminated at scheduled depth. 6. Borehole backfilled and installed with; bentonite pellets 4.00-40.00m; slotted 50mm diameter HDPE standpipe in gravel surround 3.00-4.00m; plain 50mm HDPE pipe in bentonite surround 0.30-3.00m; flush cover set in concrete 0.00-0.30m.","","Target depth achieved","","","","","","","","","Proposed co-ordinates","","","","","","","","","","","","","","","","","","","","","","","","","",""
"BH538","","RC","DRAFT","33.80","2024 to 2025 - Arcadis Phase 2B","2b","","58.00","58.00","58.00","448118.16","195368.75","","","","51.655059","-1.305817","","","","","2025-04-03","2025-04-09","","OSGB","","","Client Name Value","Project Engineer Value","Contractors Name Value","1. Position cleared of utilities with GPR and CAT/Genny. 2. Inspection pit excavated with insulated hand digging tools to 1.20mbgl. 3. Groundwater not encountered prior to use of water flush. 4. No visual or olfactory evidence of contamination. 5. Terminated due to blowing sands. 6. Borehole backfilled and installed with Vibrating Wire Piezometer in grout surround 0.30-30.00mbgl; and bentonite 30.00-33.80m; flush cover set in concrete 0.00-0.30m.","","Blowing sands encountered","","","","","","","","","Proposed co-ordinates","","","","","","","","","","","","","","","","","","","","","","","","","",""
"BH538A","","DS+RC","DRAFT","12.50","2024 to 2025 - Arcadis Phase 2B","2b","","58.00","57.88","57.88","448107.58","195369.27","","","","51.655064","-1.305969","","","","","2025-04-09","2025-04-14","","","","","Client Name Value","Project Engineer Value","Contractors Name Value","1. Position cleared of utilities with GPR and CAT/Genny. 2. Inspection pit excavated with insulated hand digging tools to 1.20mbgl. 3. Groundwater not encountered prior to use of water flush. 4. No visual or olfactory evidence of contamination. 5. Terminated due to water flush issues. 6. SBPM testing undertaken at 3.00m intervals from 9.00 mbgl. 7. Borehole backfilled with grout 0.00-12.50m.","","Terminated due to water flush issues","","","","","","","","","Phone/Tablet GPS: approx. 5m max accuracy","","","","","","","","","","","","","","","","","","","","","","","","","",""
"BH538B","","DS+RC","DRAFT","25.00","2024 to 2025 - Arcadis Phase 2B","2b","","58.00","58.00","58.00","448118.16","195368.75","","","","51.655059","-1.305817","","","","","2025-04-30","2025-05-09","","","","","Client Name Value","Project Engineer Value","Contractors Name Value","1. Position cleared of utilities with GPR and CAT/Genny. 2. Inspection pit excavated with insulated hand digging tools to 1.20mbgl. 3. Groundwater not encountered prior to use of water flush. 4. No visual or olfactory evidence of contamination. 5. Terminated at scheduled depth. 6. Borehole backfilled with bentonite 0.00-25.00m.","","Target depth achieved","","","","","","","","","Proposed co-ordinates for BH538A","","","","","","","","","","","","","","","","","","","","","","","","","",""
"BH539","","DS+RC","DRAFT","32.30","2024 to 2025 - Arcadis Phase 2B","2b","","53.92","53.92","53.92","448531.95","195304.73","","","","51.654448","-1.299844","","","","","2025-05-16","2025-05-22","","","","","Client Name Value","Project Engineer Value","Contractors Name Value","1. Position cleared of utilities with GPR and CAT/Genny. 2. Inspection pit excavated with insulated hand digging tools to 1.20mbgl. 3. Groundwater not encountered prior to use of water flush. 4. Slight olfactory evidence of contamination 12.60-23.2mbgl. 5. Terminated at scheduled depth. 6. Borehole backfilled and installed with Vibrating Wire Piezometer in grout surround 0.20-28.50mbgl; and bentonite 28.50-32.30; flush cover set in concrete 0.00-0.20m.","","Target depth achieved","","","","","","","","","Proposed co-ordinates","","","","","","","","","","","","","","","","","","","","","","","","","",""
"BH541","","DS+RC","DRAFT","29.30","2024 to 2025 - Arcadis Phase 2B","2b","","49.79","49.79","49.79","448955.00","195164.00","","","","51.653146","-1.293749","","","","","2025-05-29","2025-06-10","","","","","Client Name Value","Project Engineer Value","Contractors Name Value","1. Position cleared of utilities with GPR and CAT/Genny. 2. Inspection pit excavated with insulated hand digging tools to 1.20mbgl. 3. Artesian groundwater encountered at 8.30m - rise monitored to 1.13m on final reading. 4. No olfactory evidence of contamination encountered. 5. Terminated due to Artesian water encountered. 6. 4no lengths (6.00m) of SW casing left in borehole at 0.60m below ground level, as requested by Investigation Supervisor, in an attempt to seal artesian water conditions. 7. Borehole backfilled and installed with Vibrating Wire Piezometer in grout surround 0.20-29.30mbgl; flush cover set in concrete 0.00-0.20m.","","Artesian water encountered","","","","","","","","","Proposed co-ordinates","","","","","","","","","","","","","","","","","","","","","","","","","",""
"BH541A","","RC","DRAFT","24.50","2024 to 2025 - Arcadis Phase 2B","2b","","49.79","49.79","49.79","448955.00","195164.00","","","","51.653146","-1.293749","","","","","2025-06-10","2025-06-13","","","","","Client Name Value","Project Engineer Value","Contractors Name Value","1. Position cleared of utilities with GPR and CAT/Genny. 2. Inspection pit excavated with insulated hand digging tools to 1.20mbgl. 3. Groundwater encountered at 2.50m; rising to 1.11m.  Artesian groundwater encountered at 8.50m - rise monitored to ground level. 4. No olfactory evidence of contamination encountered. 5. Scheduled depth achieved (21.00m); instruction of Investigation Supervisor to continue to 24.50m. 6. SBPM test undertaken at 6.00-7.00m. 7. 3no lengths (4.50m) of SW casing left in borehole at 0.70m below ground level, as requested by Investigation Supervisor, in an attempt to seal artesian water conditions. 8. Borehole backfilled with bentonite grout 2.70-24.50mbgl; and bentonite pellets 0.00-2.70mbgl.","","Target depth achieved","","","","","","","","","Proposed co-ordinates","","","","","","","","","","","","","","","","","","","","","","","","","",""
"BH542","","RC","PROPOSED","35.00","2024 to 2025 - Arcadis Phase 2B","","","50.06","50.06","50.06","449198.00","195100.00","Proposed","","","51.652549","-1.290246","","","","","","","","","","","","","","","","","","","","","","","","","Proposed co-ordinates","","","","","","","","","","","","","","","","","","","","","","","","","",""
"BH543","","CP+RC","DRAFT","33.80","2024 to 2025 - Arcadis Phase 2B","2b","","47.43","47.43","47.43","449276.57","195309.35","","","","51.654425","-1.289081","","","","","2024-08-21","2024-08-28","","","","","Client Name Value","Project Engineer Value","Contractors Name Value","1. Position cleared of utilities with GPR and CAT/Genny. 2. Inspection pit excavated using vacuum excavation to 2.00m; collapsing sides from 1.30m due to gravel content. 3. Groundwater (artesian) encountered at 33.80mbgl. 4. No visual or olfactory evidence of contamination. 5. Terminated due to encountering artesian water. 6. SBPM testing undertaken at 3.00m intervals from 12.00m bgl. 6. Borehole backfilled with grout 0.00-33.80m.","","Artesian water encountered","","","","","","","","","Trimble VRS NOW GPRS system: accuracy of +/ 50 mm","","","","","","","","","","","","","","","","","","","","","","","","","",""
"BH543A","","DS+RC","DRAFT","19.50","2024 to 2025 - Arcadis Phase 2B","2b","","47.17","47.17","47.17","449268.24","195310.79","","","","51.654438","-1.289201","","","","","2024-08-19","2024-10-24","","","","","Client Name Value","Project Engineer Value","Contractors Name Value","1. Position cleared of utilities with GPR and CAT/Genny. 2. Inspection pit excavated with vacuum excavation to 2.00mbgl; collapsing sides from 1.30m due to gravel content. 3. Groundwater encountered at 1.85mbgl. Artesian water encountered at 11.00mbgl, rising to 1.70mbgl after 20 minutes. 4. No visual or olfactory evidence of contamination. 5. Terminated at scheduled depth. 6. SBPM testing undertaken at 3.00m intervals from 5.00m bgl. 7. Borehole backfilled and installed with; bentonite pellets 13.00-19.50m; slotted 50mm diameter HDPE standpipe in gravel surround 11.00-13.00m; plain 50mm HDPE pipe in bentonite surround 0.20-11.00m; flush cover set in concrete 0.00-0.20m.","","Target depth achieved","","","","","","","","","Trimble VRS NOW GPRS system: accuracy of +/ 50 mm","","","","","","","","","","","","","","","","","","","","","","","","","",""
"BH545","","DS+RC","FINAL","39.80","2024 - Arcadis Phase 2A","2a","","56.96","57.07","57.07","446230.99","194060.00","","","","51.643450","-1.333266","","","","","2024-05-21","2024-07-12","","","","","Client Name Value","Project Engineer Value","Contractors Name Value","1) Location scanned with GPR and CAT & Genny prior to excavation.  2) Inspection pit hand excavated with insulated hand tools to 1.20 mbgl.  3) Groundwater encountered observed at 1.10m. 4) Hole terminated on Investigation Supervisors instruction on achieving depth of 39.80m with penetration into Corallian formation.  5) Hole completed with a 50mm groundwater monitoring installation screened between 37.60 and 39.60m. 6) No visual or olfactory evidence of contamination.","","3.00m penetration into Corallian formation.","","","","","","","","","Trimble VRS NOW GPRS system: accuracy of +/ 50 mm","","","","","","SH","","","","","","","","","","","","","","","","","","","",""
"BH546","","CP+RC","FINAL","45.00","2024 - Arcadis Phase 2A","2a","","56.38","56.33","56.33","446444.91","194211.17","","","","51.644791","-1.330155","","","","","2024-06-11","2024-06-17","","","","","Client Name Value","Project Engineer Value","Contractors Name Value","1) Location scanned with GPR and CAT & Genny prior to excavation.  2) Inspection pit hand excavated with insulated hand tools to 1.20 mbgl.  3) Groundwater encountered at 1.20m, 33.80m and artesian conditions observed on reaching 45.00m. 4) Hole terminated on achieving target depth of 45.00m - with hole backfilling to 40.50m due to removal of GeoborS casing to control artesian flow.  5) Wireline geophysics conducted on completed borehole. 6) Hole completed with a 50mm groundwater monitoring installation screened between 24.80 and 27.30m. 7) No visual or olfactory evidence of contamination.","","Target depth achieved","","","","","","","","","Trimble VRS NOW GPRS system: accuracy of +/ 50 mm","","","","","","SH","","","","","","","","","","","","","","","","","","","",""
"BH547","","CP+RC","FINAL","40.00","2024 - Arcadis Phase 2A","2a","","58.72","58.79","58.79","447115.74","194676.50","","","","51.648919","-1.320399","","","","","2024-05-21","2024-06-05","","","","","Client Name Value","Project Engineer Value","Contractors Name Value","1) Location scanned with GPR and CAT & Genny prior to excavation.  2) Inspection pit hand excavated with insulated hand tools to 1.20 mbgl.  3) No groundwater recorded. 4) Hole terminated on achieving target depth of 40.00m. 5) Hole completed with a 50mm groundwater monitoring installation screened between 36.70 and 39.20m. 6) No visual or olfactory evidence of contamination. 7) Self-Boring Pressuremeter intervals specified from geology observed and completed at BH547A.","","Target depth achieved","","","","","","","","","Trimble VRS NOW GPRS system: accuracy of +/ 50 mm","","","","","","SH","","","","","","","","","","","","","","","","","","","",""
"BH547A","","DS+RC","FINAL","33.00","2024 - Arcadis Phase 2A","2a","","58.71","58.71","58.71","447114.43","194678.03","","","","51.648933","-1.320417","","","","","2024-06-11","2024-06-19","","","","","Client Name Value","Project Engineer Value","Contractors Name Value","1) Location scanned with GPR and CAT & Genny prior to excavation. 2) Location purpose for completing Self Boring Pressuremeter (SBPM) testing to not compromise integrity of installation quality on BH547. 3) Inspection pit hand excavated with insulated hand tools to 1.20mbgl. 4) Hole backfilled on completion at the request of the designer. 5) No visual or olfactory evidence of contamination. 6) No samples taken due to hole purpose of SBP Testing only - testing levels selected from BH547 log. 7) Hole non-destructively logged and not photographed. 8) Hole extended passed the final SBP test depth to allow for Wireline Geophysics at the completion of drilling.","Self Boring Pressuremeter Testing","Target depth achieved","","","","","","","","","Trimble VRS NOW GPRS system: accuracy of +/ 50 mm","","","","","","SH","","","","","","","","","","","","","","","","","","","",""
"BH548","","CP+RC","DRAFT","42.80","2024 to 2025 - Arcadis Phase 2B","2b","","64.47","64.47","64.47","447569.96","195011.97","","","","51.651897","-1.313789","","","","","2025-03-19","2025-03-25","","OSGB","","","Client Name Value","Project Engineer Value","Contractors Name Value","1.  Position cleared of utilities with GPR and CAT/Genny. 2.  Inspection pit excavated with insulated hand digging tools to 1.20 mbgl. 3. Artesian water encountered at 42.80m - rose to 1.15m after 20 minutes. 4.  No visual or olfactory evidence of contamination. 5.  Terminated due to artesian water. 6.  Borehole backfilled and installed with; bentonite 40.00-42.80m; Vibrating Wire Piezometer in 19mm install pipe with grout surround 0.30-40.00m, flush cover set in concrete 0.00-0.30m.","","Artesian water encountered","","","","","","","","","Proposed co-ordinates","","","","","","","","","","","","","","","","","","","","","","","","","",""
"BH548A","","CP+RC","DRAFT","18.30","2024 to 2025 - Arcadis Phase 2B","2b","","64.47","64.47","64.47","447559.67","195012.54","","","","51.651903","-1.313937","","","","","2025-03-19","2025-04-22","","","","","Client Name Value","Project Engineer Value","Contractors Name Value","1. Position cleared of utilities with GPR and CAT/Genny. 2. Inspection pit excavated with Insulated Hand Digging Tools to 1.20 mbgl. 3. Groundwater not encountered prior to use of water flush. 4. No visual or olfactory evidence of contamination. 5. Terminated due to lost drilling flush arising from adjacent installation. 6. Borehole backfilled and installed with; bentonite grout 18.30-0.00m.","","Water loss ","","","","","","","","","Phone/Tablet GPS: approx. 5m max accuracy","","","","","","","","","","","","","","","","","","","","","","","","","",""
"BH548B","","DS+RC","DRAFT","29.50","2024 to 2025 - Arcadis Phase 2B","2b","","64.47","64.29","64.29","447552.04","195019.05","","","","51.651963","-1.314047","","","","","2025-04-24","2025-04-29","","","","","Client Name Value","Project Engineer Value","Contractors Name Value","1. Position cleared of utilities with GPR and CAT/Genny. 2. Inspection pit excavated with Insulated Hand Digging Tools to 1.20 mbgl. 3. Groundwater not encountered prior to use of water flush. 4. No visual or olfactory evidence of contamination. 5. Terminated at scheduled depth. 6. SBPM testing undertaken at 3.00m intervals from 15.00 mbgl. 7. Borehole backfilled and installed with; bentonite grout 29.50-0.00m.","","Target depth achieved","","","","","","","","","Phone/Tablet GPS: approx. 5m max accuracy","","","","","","","","","","","","","","","","","","","","","","","","","",""
"BH549","","CP+RC","PROPOSED","35.00","2024 to 2025 - Arcadis Phase 2B","","","55.69","55.69","55.69","448321.40","195417.03","Proposed","","","51.655475","-1.302872","","","","","","","","","","","","","","","","","","","","","","","","","Proposed co-ordinates","","","","","","","","","","","","","","","","","","","","","","","","","",""
"BH550","","CP+RC","DRAFT","33.70","2024 to 2025 - Arcadis Phase 2B","2b","","52.23","52.23","52.23","448733.99","195278.86","","","","51.654198","-1.296928","","","","","2025-05-27","2025-06-02","","","","","Client Name Value","Project Engineer Value","Contractors Name Value","","","Instruction of IS","","","","","","","","","Proposed co-ordinates","","","","","","","","","","","","","","","","","","","","","","","","","",""
"BH551","","DS+RC","FINAL","15.65","2024 - Arcadis Phase 1","1","","60.31","60.28","60.28","444060.56","192814.36","","","","51.632424","-1.364786","","","","","2024-02-01","2024-03-12","","","","","Client Name Value","Project Engineer Value","Contractors Name Value","1) Location scanned with GPR and CAT & Genny prior to excavation.  2) Inspection pit hand excavated with insulated hand tools to 1.20 mbgl.  3) Groundwater encountered at 1.10m bgl in inspection pit. 4) Hole terminated on achieving target depth. 5) Hole backfilled on completion at the request of the designer. 6) No visual or olfactory evidence of contamination.","","","","","","","","","","","Trimble VRS NOW GPRS system: accuracy of +/ 50 mm","","","","","","SH","","","","","","","","","","","","","","","","","","","",""
"BH56","SU49SE223","CP+RC","HISTORIC","10.00","1991 to 1992 - Exploration Associates","","","58.03","58.03","58.00","445438.50","193245.50","SR_21/03/2025","SC_31/03/2025","","51.636191","-1.344823","","https://arup.sharepoint.com/:b:/r/teams/prj-30356800/Data%20and%20Documents%20Library/GE%20-%20Geotechnical/GI%20reports/1991%20to%201992%20-%20Exploration%20Associates/Seperated%20logs/BH56.pdf","","","","","Full","OSGB","","","Thames Water Utilities Limited","Halcrow and Partners Ltd.","Exploration Associates Ltd.","","","","","","","","","","","","","","","","","","","","","","SU49SE223","","","","","","","","","","","Yes","","","","",""
"BH57","SU49SW47","CP+RC","HISTORIC","10.00","1991 to 1992 - Exploration Associates","","","57.22","57.22","57.30","444740.50","194098.50","SC_31/03/2025","","","51.643916","-1.354799","","https://arup.sharepoint.com/:b:/r/teams/prj-30356800/Data%20and%20Documents%20Library/GE%20-%20Geotechnical/GI%20reports/1991%20to%201992%20-%20Exploration%20Associates/Seperated%20logs/BH57.pdf","","","","","Full","OSGB","","","Thames Water Utilities Limited","Halcrow and Partners Ltd.","Exploration Associates Ltd.","","","","","","","","","","","","","","","","","","","","","","SU49SW47","","","","","","","","","","","Yes","","","","",""
"BH58","SU49SE224","CP+RC","HISTORIC","10.00","1991 to 1992 - Exploration Associates","","","55.71","55.71","55.90","445340.50","194625.50","SC_31/03/2025","","","51.648606","-1.346061","","https://arup.sharepoint.com/:b:/r/teams/prj-30356800/Data%20and%20Documents%20Library/GE%20-%20Geotechnical/GI%20reports/1991%20to%201992%20-%20Exploration%20Associates/Seperated%20logs/BH58.pdf","","","","","Full","OSGB","","","Thames Water Utilities Limited","Halcrow and Partners Ltd.","Exploration Associates Ltd.","","","","","","","","","","","","","","","","","","","","","","SU49SE224","","","","","","","","","","","Yes","","","","",""
"BH59","SU49SW48","CP+RC","HISTORIC","7.80","1991 to 1992 - Exploration Associates","","","58.26","58.26","58.20","443667.50","194253.00","SC_31/03/2025","","","51.645389","-1.370286","","https://arup.sharepoint.com/:b:/r/teams/prj-30356800/Data%20and%20Documents%20Library/GE%20-%20Geotechnical/GI%20reports/1991%20to%201992%20-%20Exploration%20Associates/Seperated%20logs/BH59.pdf","","","","","Full","OSGB","","","Thames Water Utilities Limited","Halcrow and Partners Ltd.","Exploration Associates Ltd.","","","","","","","","","","","","","","","","","","","","","","SU49SW48","","","","","","","","","","","Yes","","","","",""
"BH60","SU49NW24","CP+RC","HISTORIC","6.20","1991 to 1992 - Exploration Associates","","","55.73","55.73","55.50","444487.00","195362.00","SC_31/03/2025","","","51.655296","-1.358302","","https://arup.sharepoint.com/:b:/r/teams/prj-30356800/Data%20and%20Documents%20Library/GE%20-%20Geotechnical/GI%20reports/1991%20to%201992%20-%20Exploration%20Associates/Seperated%20logs/BH60.pdf","","","","","Full","OSGB","","","Thames Water Utilities Limited","Halcrow and Partners Ltd.","Exploration Associates Ltd.","","","","","","","","","","","","","","","","","","","","","","SU49NW24","","","","","","","","","","","Yes","","","","",""
"CCTBP01","","TP","FINAL","14.40","2025 - Clay Compaction Trial","","","60.59","60.59","60.40","444000.56","192720.24","SC 11/07/2025","SC 11/07/2025","SC 11/07/2025","51.631582","-1.365665","","","","","2025-04-04","2025-05-29","","OSGB","","2025-05-08","Thames Water","ArB","Costain Group","","","","","","","","","","","","","","","","","","","","","","","","","","","","","","","","","","","","","",""
"CP1","","CP","HISTORIC","8.06","2014 - Applied Geology","","","62.00","62.00","62.00","444930.76","192529.78","","","","51.629797","-1.352251","","https://arup.sharepoint.com/:b:/r/teams/prj-30356800/Data%20and%20Documents%20Library/GE%20-%20Geotechnical/GI%20reports/2014%20-%20Applied%20Geology/Seperated%20logs/CP1.pdf","","","","","","","","","","","","","","","","","","","","","","","","Estimated from LiDAR","","","","","","","","","","","","","","","","","","","","","","","","",""
"CP2","","CP","HISTORIC","9.95","2014 - Applied Geology","","","63.32","63.32","63.32","444954.92","192312.60","","","","51.627842","-1.351930","","https://arup.sharepoint.com/:b:/r/teams/prj-30356800/Data%20and%20Documents%20Library/GE%20-%20Geotechnical/GI%20reports/2014%20-%20Applied%20Geology/Seperated%20logs/CP2.pdf","","","","","","","","","","","","","","","","","","","","","","","","Estimated from LiDAR","","","","","","","","","","","","","","","","","","","","","","","","",""
"CP3","","CP","HISTORIC","10.65","2014 - Applied Geology","","","64.30","64.30","64.30","444889.33","192060.79","","","","51.625583","-1.352909","","https://arup.sharepoint.com/:b:/r/teams/prj-30356800/Data%20and%20Documents%20Library/GE%20-%20Geotechnical/GI%20reports/2014%20-%20Applied%20Geology/Seperated%20logs/CP3.pdf","","","","","","","","","","","","","","","","","","","","","","","","Estimated from LiDAR","","","","","","","","","","","","","","","","","","","","","","","","",""
"CP4","","CP","HISTORIC","10.65","2014 - Applied Geology","","","65.05","65.05","65.05","445059.24","191923.83","","","","51.624338","-1.350473","","https://arup.sharepoint.com/:b:/r/teams/prj-30356800/Data%20and%20Documents%20Library/GE%20-%20Geotechnical/GI%20reports/2014%20-%20Applied%20Geology/Seperated%20logs/CP4.pdf","","","","","","","","","","","","","","","","","","","","","","","","Estimated from LiDAR","","","","","","","","","","","","","","","","","","","","","","","","",""
"CP5","","CP","HISTORIC","9.95","2014 - Applied Geology","","","65.16","65.16","65.16","444848.93","191840.64","","","","51.623607","-1.353521","","https://arup.sharepoint.com/:b:/r/teams/prj-30356800/Data%20and%20Documents%20Library/GE%20-%20Geotechnical/GI%20reports/2014%20-%20Applied%20Geology/Seperated%20logs/CP5.pdf","","","","","","","","","","","","","","","","","","","","","","","","Estimated from LiDAR","","","","","","","","","","","","","","","","","","","","","","","","",""
"CP6","","CP","HISTORIC","10.25","2014 - Applied Geology","","","64.86","64.86","64.86","444643.38","191868.83","","","","51.623877","-1.356487","","https://arup.sharepoint.com/:b:/r/teams/prj-30356800/Data%20and%20Documents%20Library/GE%20-%20Geotechnical/GI%20reports/2014%20-%20Applied%20Geology/Seperated%20logs/CP6.pdf","","","","","","","","","","","","","","","","","","","","","","","","Estimated from LiDAR","","","","","","","","","","","","","","","","","","","","","","","","",""
"CP7","","CP","HISTORIC","10.05","2014 - Applied Geology","","","66.08","66.08","66.08","444788.83","191669.82","","","","51.622076","-1.354411","","https://arup.sharepoint.com/:b:/r/teams/prj-30356800/Data%20and%20Documents%20Library/GE%20-%20Geotechnical/GI%20reports/2014%20-%20Applied%20Geology/Seperated%20logs/CP7.pdf","","","","","","","","","","","","","","","","","","","","","","","","Estimated from LiDAR","","","","","","","","","","","","","","","","","","","","","","","","",""
"CP8","","CP","HISTORIC","10.15","2014 - Applied Geology","","","66.41","66.41","66.41","444918.24","191722.97","","","","51.622544","-1.352535","","https://arup.sharepoint.com/:b:/r/teams/prj-30356800/Data%20and%20Documents%20Library/GE%20-%20Geotechnical/GI%20reports/2014%20-%20Applied%20Geology/Seperated%20logs/CP8.pdf","","","","","","","","","","","","","","","","","","","","","","","","Estimated from LiDAR","","","","","","","","","","","","","","","","","","","","","","","","",""
"CPT201","","SCP","HISTORIC","2.19","2002 - Lankelma CPT Ltd","","","55.65","55.65","55.57","445540.24","196083.89","no coordinates","","","51.661702","-1.342985","","https://arup.sharepoint.com/:b:/r/teams/prj-30356800/Data%20and%20Documents%20Library/GE%20-%20Geotechnical/GI%20reports/2002%20-%20Lankelma%20CPT%20Ltd/CPT201.pdf","","","2002-09-18","","","","","","THAMES WATER UTILITIES - GEO ENGINEERING","","","Location & GL unknown, estimated to be at BH201 location","","","","","","","","","","","Estimated","Estimated","","","","","","","","","","","","","","","","","","","","No","","","","",""
"CPT201A","","SCP","HISTORIC","2.63","2002 - Lankelma CPT Ltd","","","55.65","55.65","55.57","445540.24","196083.89","no coordinates","","","51.661702","-1.342985","","https://arup.sharepoint.com/:b:/r/teams/prj-30356800/Data%20and%20Documents%20Library/GE%20-%20Geotechnical/GI%20reports/2002%20-%20Lankelma%20CPT%20Ltd/CPT201A.pdf","","","2002-09-18","","","","","","THAMES WATER UTILITIES - GEO ENGINEERING","","","Location & GL unknown, estimated to be at BH201 location","","","","","","","","","","","Estimated","Estimated","","","","","","","","","","","","","","","","","","","","","","","","",""
"CPT202","","SCP","HISTORIC","2.90","2002 - Lankelma CPT Ltd","","","55.54","55.54","55.17","445526.15","195888.71","no coordinates","","","51.659949","-1.343214","","https://arup.sharepoint.com/:b:/r/teams/prj-30356800/Data%20and%20Documents%20Library/GE%20-%20Geotechnical/GI%20reports/2002%20-%20Lankelma%20CPT%20Ltd/CPT202.pdf","","","2002-09-18","","","","","","THAMES WATER UTILITIES - GEO ENGINEERING","","","Location & GL unknown, estimated to be at BH202 location","","","","","","","","","","","Estimated","Estimated","","","","","","","","","","","","","","","","","","","","","","","","",""
"CPT203","","SCP","HISTORIC","5.00","2002 - Lankelma CPT Ltd","","","55.12","55.12","54.80","445572.79","195711.97","no coordinates","","","51.658356","-1.342563","","https://arup.sharepoint.com/:b:/r/teams/prj-30356800/Data%20and%20Documents%20Library/GE%20-%20Geotechnical/GI%20reports/2002%20-%20Lankelma%20CPT%20Ltd/CPT203.pdf","","","2002-09-18","","","","","","THAMES WATER UTILITIES - GEO ENGINEERING","","","Location & GL unknown, estimated to be at BH203 location","","","","","","","","","","","Estimated","Estimated","","","","","","","","","","","","","","","","","","","","","","","","",""
"CPT204","","SCP","HISTORIC","4.13","2002 - Lankelma CPT Ltd","","","54.81","54.81","55.13","445563.81","195518.73","no coordinates","","","51.656619","-1.342718","","https://arup.sharepoint.com/:b:/r/teams/prj-30356800/Data%20and%20Documents%20Library/GE%20-%20Geotechnical/GI%20reports/2002%20-%20Lankelma%20CPT%20Ltd/CPT204.pdf","","","2002-09-18","","","","","","THAMES WATER UTILITIES - GEO ENGINEERING","","","Location & GL unknown, estimated to be at BH204 location","","","","","","","","","","","Estimated","Estimated","","","","","","","","","","","","","","","","","","","","","","","","",""
"CPT204A","","SCP","HISTORIC","6.01","2002 - Lankelma CPT Ltd","","","54.81","54.81","55.13","445563.81","195518.73","no coordinates","","","51.656619","-1.342718","","https://arup.sharepoint.com/:b:/r/teams/prj-30356800/Data%20and%20Documents%20Library/GE%20-%20Geotechnical/GI%20reports/2002%20-%20Lankelma%20CPT%20Ltd/CPT204A.pdf","","","2002-09-18","","","","","","THAMES WATER UTILITIES - GEO ENGINEERING","","","Location & GL unknown, estimated to be at BH204 location","","","","","","","","","","","Estimated","Estimated","","","","","","","","","","","","","","","","","","","","","","","","",""
"CPT205","","SCP","HISTORIC","6.23","2002 - Lankelma CPT Ltd","","","54.66","54.66","55.34","445566.78","195487.41","no coordinates","","","51.656337","-1.342679","","https://arup.sharepoint.com/:b:/r/teams/prj-30356800/Data%20and%20Documents%20Library/GE%20-%20Geotechnical/GI%20reports/2002%20-%20Lankelma%20CPT%20Ltd/CPT205.pdf","","","2002-09-19","","","","","","THAMES WATER UTILITIES - GEO ENGINEERING","","","Location & GL unknown, estimated to be at BH205 location","","","","","","","","","","","Estimated","Estimated","","","","","","","","","","","","","","","","","","","","","","","","",""
"CPT206","","SCP","HISTORIC","6.43","2002 - Lankelma CPT Ltd","","","54.81","54.81","54.86","445569.83","195456.09","no coordinates","","","51.656055","-1.342639","","https://arup.sharepoint.com/:b:/r/teams/prj-30356800/Data%20and%20Documents%20Library/GE%20-%20Geotechnical/GI%20reports/2002%20-%20Lankelma%20CPT%20Ltd/CPT206.pdf","","","2002-09-18","","","","","","THAMES WATER UTILITIES - GEO ENGINEERING","","","Location & GL unknown, estimated to be at BH206 location","","","","","","","","","","","Estimated","Estimated","","","","","","","","","","","","","","","","","","","","","","","","",""
"CPT207","","SCP","HISTORIC","6.65","2002 - Lankelma CPT Ltd","","","54.89","54.89","54.86","445568.07","195440.01","no coordinates","","","51.655911","-1.342666","","https://arup.sharepoint.com/:b:/r/teams/prj-30356800/Data%20and%20Documents%20Library/GE%20-%20Geotechnical/GI%20reports/2002%20-%20Lankelma%20CPT%20Ltd/CPT207.pdf","","","2002-09-18","","","","","","THAMES WATER UTILITIES - GEO ENGINEERING","","","Location & GL unknown, estimated to be at BH207 location","","","","","","","","","","","Estimated","Estimated","","","","","","","","","","","","","","","","","","","","","","","","",""
"CPT208","","SCP","HISTORIC","8.00","2002 - Lankelma CPT Ltd","","","55.48","55.48","55.13","445557.63","195356.16","no coordinates","","","51.655158","-1.342828","","https://arup.sharepoint.com/:b:/r/teams/prj-30356800/Data%20and%20Documents%20Library/GE%20-%20Geotechnical/GI%20reports/2002%20-%20Lankelma%20CPT%20Ltd/CPT208.pdf","","","2002-09-19","","","","","","THAMES WATER UTILITIES - GEO ENGINEERING","","","Location & GL unknown, estimated to be at BH208 location","","","","","","","","","","","Estimated","Estimated","","","","","","","","","","","","","","","","","","","","","","","","",""
"CPT209","","SCP","HISTORIC","7.22","2002 - Lankelma CPT Ltd","","","55.49","55.49","55.08","445560.00","195356.00","no coordinates","","","51.655156","-1.342794","","https://arup.sharepoint.com/:b:/r/teams/prj-30356800/Data%20and%20Documents%20Library/GE%20-%20Geotechnical/GI%20reports/2002%20-%20Lankelma%20CPT%20Ltd/CPT209.pdf","","","2002-09-18","","","","","","THAMES WATER UTILITIES - GEO ENGINEERING","","","Location & GL unknown, estimated to be at BH209A location","","","","","","","","","","","Estimated","Estimated","","","","","","","","","","","","","","","","","","","","","","","","",""
"CPT211","","SCP","HISTORIC","14.78","2002 - Lankelma CPT Ltd","","","55.22","55.22","55.09","445562.00","195388.00","no coordinates","","","51.655444","-1.342761","","https://arup.sharepoint.com/:b:/r/teams/prj-30356800/Data%20and%20Documents%20Library/GE%20-%20Geotechnical/GI%20reports/2002%20-%20Lankelma%20CPT%20Ltd/CPT211.pdf","","","2002-09-18","","","","","","THAMES WATER UTILITIES - GEO ENGINEERING","","","Location & GL unknown, estimated to be at BH211 location","","","","","","","","","","","Estimated","Estimated","","","","","","","","","","","","","","","","","","","","","","","","",""
"CPT222","","SCP","HISTORIC","3.00","2002 - Lankelma CPT Ltd","","","61.87","61.87","61.69","445765.49","192551.33","no coordinates","","","51.629923","-1.340189","","https://arup.sharepoint.com/:b:/r/teams/prj-30356800/Data%20and%20Documents%20Library/GE%20-%20Geotechnical/GI%20reports/2002%20-%20Lankelma%20CPT%20Ltd/CPT222.pdf","","","2002-09-19","","","","","","THAMES WATER UTILITIES - GEO ENGINEERING","","","Location & GL unknown, estimated to be at BH222 location","","","","","","","","","","","Estimated","Estimated","","","","","","","","","","","","","","","","","","","","","","","","",""
"CPT224","","SCP","HISTORIC","4.04","2002 - Lankelma CPT Ltd","","","60.17","60.17","59.77","447404.82","192117.58","no coordinates","","","51.625889","-1.316566","","https://arup.sharepoint.com/:b:/r/teams/prj-30356800/Data%20and%20Documents%20Library/GE%20-%20Geotechnical/GI%20reports/2002%20-%20Lankelma%20CPT%20Ltd/CPT224.pdf","","","2002-09-19","","","","","","THAMES WATER UTILITIES - GEO ENGINEERING","","","Location & GL unknown, estimated to be at BH224 location","","","","","","","","","","","Estimated","Estimated","","","","","","","","","","","","","","","","","","","","","","","","",""
"CPT232","","SCP","HISTORIC","4.00","2002 - Lankelma CPT Ltd","","","59.32","59.32","59.02","442345.72","193650.65","no coordinates","","","51.640074","-1.389460","","https://arup.sharepoint.com/:b:/r/teams/prj-30356800/Data%20and%20Documents%20Library/GE%20-%20Geotechnical/GI%20reports/2002%20-%20Lankelma%20CPT%20Ltd/CPT232.pdf","","","2002-09-20","","","","","","THAMES WATER UTILITIES - GEO ENGINEERING","","","Location & GL unknown, estimated to be at BH232 location","","","","","","","","","","","Estimated","Estimated","","","","","","","","","","","","","","","","","","","","","","","","",""
"CPT234","","SCP","HISTORIC","2.00","2002 - Lankelma CPT Ltd","","","60.45","60.45","60.40","443352.68","193187.66","no coordinates","","","51.635835","-1.374967","","https://arup.sharepoint.com/:b:/r/teams/prj-30356800/Data%20and%20Documents%20Library/GE%20-%20Geotechnical/GI%20reports/2002%20-%20Lankelma%20CPT%20Ltd/CPT234.pdf","","","2002-09-20","","","","","","THAMES WATER UTILITIES - GEO ENGINEERING","","","Location & GL unknown, estimated to be at BH234 location","","","","","","","","","","","Estimated","Estimated","","","","","","","","","","","","","","","","","","","","No","","","","",""
"CPT235","","SCP","HISTORIC","3.00","2002 - Lankelma CPT Ltd","","","61.23","61.23","60.97","444102.21","192567.16","no coordinates","","","51.630198","-1.364216","","https://arup.sharepoint.com/:b:/r/teams/prj-30356800/Data%20and%20Documents%20Library/GE%20-%20Geotechnical/GI%20reports/2002%20-%20Lankelma%20CPT%20Ltd/CPT235.pdf","","","2002-09-20","","","","","","THAMES WATER UTILITIES - GEO ENGINEERING","","","Location & GL unknown, estimated to be at BH235 location","","","","","","","","","","","Estimated","Estimated","","","","","","","","","","","","","","","","","","","","","","","","",""
"CPT236","","SCP","HISTORIC","3.00","2002 - Lankelma CPT Ltd","","","66.41","66.41","66.26","441472.86","192030.24","no coordinates","","","51.625570","-1.402265","","https://arup.sharepoint.com/:b:/r/teams/prj-30356800/Data%20and%20Documents%20Library/GE%20-%20Geotechnical/GI%20reports/2002%20-%20Lankelma%20CPT%20Ltd/CPT236.pdf","","","2002-09-20","","","","","","THAMES WATER UTILITIES - GEO ENGINEERING","","","Location & GL unknown, estimated to be at BH236 location","","","","","","","","","","","Estimated","Estimated","","","","","","","","","","","","","","","","","","","","","","","","",""
"CPT240A","","SCP","HISTORIC","7.10","2002 - Lankelma CPT Ltd","","","60.98","60.98","61.80","445400.00","192555.00","no coordinates","","","51.629986","-1.345469","","https://arup.sharepoint.com/:b:/r/teams/prj-30356800/Data%20and%20Documents%20Library/GE%20-%20Geotechnical/GI%20reports/2002%20-%20Lankelma%20CPT%20Ltd/CPT240A.pdf","","","2002-09-19","","","","","","THAMES WATER UTILITIES - GEO ENGINEERING","","","Location & GL unknown, estimated to be at BH240A location","","","","","","","","","","","Estimated","Estimated","","","","","","","","","","","","","","","","","","","","","","","","",""
"CPT240B","","SCP","HISTORIC","7.24","2002 - Lankelma CPT Ltd","","","61.00","61.00","61.80","445400.00","192550.00","no coordinates","","","51.629941","-1.345470","","https://arup.sharepoint.com/:b:/r/teams/prj-30356800/Data%20and%20Documents%20Library/GE%20-%20Geotechnical/GI%20reports/2002%20-%20Lankelma%20CPT%20Ltd/CPT240B.pdf","","","2002-09-19","","","","","","THAMES WATER UTILITIES - GEO ENGINEERING","","","Location & GL unknown, estimated to be at BH240B location","","","","","","","","","","","Estimated","Estimated","","","","","","","","","","","","","","","","","","","","","","","","",""
"CPT241","","SCP","HISTORIC","12.96","2002 - Lankelma CPT Ltd","","","60.98","60.98","61.80","445400.00","192555.00","no coordinates","","","51.629986","-1.345469","","https://arup.sharepoint.com/:b:/r/teams/prj-30356800/Data%20and%20Documents%20Library/GE%20-%20Geotechnical/GI%20reports/2002%20-%20Lankelma%20CPT%20Ltd/CPT241.pdf","","","2002-09-19","","","","","","THAMES WATER UTILITIES - GEO ENGINEERING","","","Location & GL unknown, estimated to be at BH241 location","","","","","","","","","","","Estimated","Estimated","","","","","","","","","","","","","","","","","","","","","","","","",""
"CPT241A","","SCP","HISTORIC","12.96","2002 - Lankelma CPT Ltd","","","60.98","60.98","61.80","445400.00","192555.00","no coordinates","","","51.629986","-1.345469","","https://arup.sharepoint.com/:b:/r/teams/prj-30356800/Data%20and%20Documents%20Library/GE%20-%20Geotechnical/GI%20reports/2002%20-%20Lankelma%20CPT%20Ltd/CPT241A.pdf","","","2002-09-20","","","","","","THAMES WATER UTILITIES - GEO ENGINEERING","","","Location & GL unknown, estimated to be at BH241 location","","","","","","","","","","","Estimated","Estimated","","","","","","","","","","","","","","","","","","","","","","","","",""
"CPT401","","SCP","PROPOSED","25.00","2024 to 2025 - Arcadis Phase 2B","","","57.53","57.53","57.53","443870.28","194464.94","Proposed","","","51.647279","-1.367329","","","","","","","","","","","","","","","","","","","","","","","","","Proposed co-ordinates","","","","","","","","","","","","","","","","","","","","","","","","","",""
"CPT402","","CPT","FINAL","11.10","2024 to 2025 - Arcadis Phase 2B","2b","SESRO","56.57","56.57","56.57","444670.56","194465.99","","","","51.647226","-1.355763","","","","","2024-10-21","","","","","","Client Name Value","Project Engineer Value","Contractors Name Value","Test refused on total pressure.","","Refusal","","","","","","","","","Proposed co-ordinates","","","","","","","","","","","","","","","","","","","","","","","","","",""
"CPT403","","SCP","FINAL","18.32","2024 - Arcadis Phase 2A","2a","","55.44","55.25","55.25","445711.99","194384.16","","","","51.646406","-1.340724","","","","","2024-06-14","2024-06-14","","","","","Client Name Value","Project Engineer Value","Contractors Name Value","u1 piezo filter position","","Lateral support at surface","","","","","","","","","Trimble VRS NOW GPRS system: accuracy of +/ 50 mm","","","","","","","","","","","","","","","","","","","","","","","","","",""
"CPT403-IP","","IP","FINAL","","2024 - Arcadis Phase 2A","2a","","55.44","55.25","55.25","445711.99","194384.16","","","","51.646406","-1.340724","","","","","2024-06-11","2024-06-11","","","","","Client Name Value","Project Engineer Value","Contractors Name Value","1) Location scanned with GPR and CAT & Genny prior to excavation.  2) Inspection pit hand excavated with insulated hand tools to 1.20 mbgl.  ","","","","","","","","","","","Trimble VRS NOW GPRS system: accuracy of +/ 50 mm","","","","","","","","","","","","","","","","","","","","","","","","","",""
"CPT404","","SCP","FINAL","14.14","2024 - Arcadis Phase 2A","2a","","55.82","55.69","55.69","446143.21","194357.40","","","","51.646131","-1.334495","","","","","2024-06-17","2024-06-19","","","","","Client Name Value","Project Engineer Value","Contractors Name Value","u1 piezo filter position. Inclination data error. Test not corrected for inclination.","","Piezo load","","","","","","","","","Trimble VRS NOW GPRS system: accuracy of +/ 50 mm","","","","","","","","","","","","","","","","","","","","","","","","","",""
"CPT404-IP","","IP","FINAL","","2024 - Arcadis Phase 2A","2a","","55.82","55.69","55.69","446143.21","194357.40","","","","51.646131","-1.334495","","","","","2024-06-11","2024-06-11","","","","","Client Name Value","Project Engineer Value","Contractors Name Value","1) Location scanned with GPR and CAT & Genny prior to excavation.  2) Inspection pit hand excavated with insulated hand tools to 1.20 mbgl. ","","","","","","","","","","","Trimble VRS NOW GPRS system: accuracy of +/ 50 mm","","","","","","","","","","","","","","","","","","","","","","","","","",""
"CPT405","","SCP","PROPOSED","25.00","2024 to 2025 - Arcadis Phase 2B","","","59.56","59.56","59.56","442756.87","193040.99","Proposed","","","51.634562","-1.383594","","","","","","","","","","","","","","","","","","","","","","","","","Proposed co-ordinates","","","","","","","","","","","","","","","","","","","","","","","","","",""
"CPT406","","CPT","FINAL","20.17","2024 to 2025 - Arcadis Phase 2B","2b","SESRO","61.15","61.15","61.15","443386.00","192227.50","","","","51.627200","-1.374605","","","","","2024-10-16","","","","","","Client Name Value","Project Engineer Value","Contractors Name Value","Test refused on total pressure.","","Refusal","","","","","","","","","Proposed co-ordinates","","","","","","","","","","","","","","","","","","","","","","","","","",""
"CPT406-IP","","IP","FINAL","","2024 - Arcadis Phase 2A","2a","","60.95","60.81","60.81","443370.17","192234.10","","","","51.627260","-1.374832","","","","","2024-07-23","2024-07-23","","","","","Client Name Value","Project Engineer Value","Contractors Name Value","1) Location scanned with GPR and CAT & Genny prior to excavation.  2) Inspection pit hand excavated with insulated hand tools to 1.20 mbgl.  ","","","","","","","","","","","Trimble VRS NOW GPRS system: accuracy of +/ 50 mm","","","","","","","","","","","","","","","","","","","","","","","","","",""
"CPT407","","SCP","FINAL","8.24","2024 - Arcadis Phase 1","1","","63.36","63.65","63.65","444494.25","192093.37","","","","51.625908","-1.358612","","","","","2024-02-07","2024-02-01","","","","","Client Name Value","Project Engineer Value","Contractors Name Value","","","Lateral support at surface","","","","","","","","","Trimble VRS NOW GPRS system: accuracy of +/ 50 mm","","","","","","SH","","","","","","","","","","","","","","","","","","","",""
"CPT408","","SCP","FINAL","10.66","2024 - Arcadis Phase 1","1","","59.48","59.33","59.33","446493.75","193045.18","","","","51.634304","-1.329603","","","","","2024-02-27","","","","","","Client Name Value","Project Engineer Value","Contractors Name Value","","","Lateral support at surface","","","","","","","","","Trimble VRS NOW GPRS system: accuracy of +/ 50 mm","","","","","","SH","","","","","","","","","","","","","","","","","","","",""
"CPT420","","SCP","FINAL","16.36","2024 - Arcadis Phase 2A","2a","","56.32","56.25","56.25","446525.00","194301.50","","","","51.645597","-1.328986","","","","","2024-06-03","2024-06-03","","","","","Client Name Value","Project Engineer Value","Contractors Name Value","","","Lateral support at surface","","","","","","","","","Trimble VRS NOW GPRS system: accuracy of +/ 50 mm","","","","","","","","","","","","","","","","","","","","","","","","","",""
"CPT420-IP","","IP","FINAL","","2024 - Arcadis Phase 2A","2a","","56.32","56.25","56.25","446525.00","194301.50","","","","51.645597","-1.328986","","","","","2024-04-30","2024-04-30","","","","","Client Name Value","Project Engineer Value","Contractors Name Value","","","","","","","","","","","","Trimble VRS NOW GPRS system: accuracy of +/ 50 mm","","","","","","","","","","","","","","","","","","","","","","","","","",""
"CPT422","","SCP","FINAL","8.84","2024 - Arcadis Phase 2A","2a","","56.18","55.81","55.81","446589.02","194340.83","","","","51.645945","-1.328055","","","","","2024-06-04","2024-06-04","","","","","Client Name Value","Project Engineer Value","Contractors Name Value","","","Lateral support at surface","","","","","","","","","Trimble VRS NOW GPRS system: accuracy of +/ 50 mm","","","","","","","","","","","","","","","","","","","","","","","","","",""
"CPT422-IP","","IP","FINAL","","2024 - Arcadis Phase 2A","2a","","55.97","58.31","58.31","446634.06","194375.75","","","","51.646255","-1.327400","","","","","2024-04-30","2024-04-30","","","","","Client Name Value","Project Engineer Value","Contractors Name Value","","","","","","","","","","","","Trimble VRS NOW GPRS system: accuracy of +/ 50 mm","","","","","","","","","","","","","","","","","","","","","","","","","",""
"CPT423","","CPT","FINAL","21.71","2024 to 2025 - Arcadis Phase 2B","2b","SESRO","49.20","49.77","49.77","449691.55","194878.77","","","","51.650517","-1.283144","","","","","2025-01-20","2024-12-04","","","","","Client Name Value","Project Engineer Value","Contractors Name Value","Test refused on total pressure.","","Refusal","","","","","","","","","0.000001","","","","","","","","","","","","","","","","","","","","","","","","","",""
"CPT423A","","CPT","FINAL","6.84","2024 to 2025 - Arcadis Phase 2B","2b","","49.24","49.57","49.57","449688.52","194880.17","","","","51.650530","-1.283187","","","","","2025-01-22","2025-01-22","","","","","Client Name Value","Project Engineer Value","Contractors Name Value","Test completed at target depth.","","Target depth","","","","","","","","","Trimble VRS NOW GPRS system: accuracy of +/ 50 mm","","","","","","","","","","","","","","","","","","","","","","","","","",""
"CPT425","","CPT","FINAL","11.88","2024 to 2025 - Arcadis Phase 2B","2b","SESRO","49.59","48.94","48.94","449680.43","194928.87","","","","51.650968","-1.283297","","","","","2025-01-21","2025-01-21","","","","","Client Name Value","Project Engineer Value","Contractors Name Value","Test refused on total pressure.","","Refusal","","","","","","","","","Trimble VRS NOW GPRS system: accuracy of +/ 50 mm","","","","","","","","","","","","","","","","","","","","","","","","","",""
"CPT428","","SCP","FINAL","17.90","2024 - Arcadis Phase 2A","2a","","57.31","57.17","57.17","446136.74","193982.37","","","","51.642760","-1.334638","","","","","2024-08-06","2024-08-06","","","","","Client Name Value","Project Engineer Value","Contractors Name Value","u1 piezo filter position","","Total cone load","","","","","","","","","Trimble VRS NOW GPRS system: accuracy of +/ 50 mm","","","","","","","","","","","","","","","","","","","","","","","","","",""
"CPT534","","SCP","FINAL","2.60","2024 - Arcadis Phase 2A","2a","","56.63","56.46","56.46","446344.70","194125.28","","","","51.644027","-1.331614","","","","","2024-08-05","2024-08-05","","","","","Client Name Value","Project Engineer Value","Contractors Name Value","u1 piezo filter position","","Tonnage + inclination","","","","","","","","","Trimble VRS NOW GPRS system: accuracy of +/ 50 mm","","","","","","","","","","","","","","","","","","","","","","","","","",""
"CPT534-IP","","IP","FINAL","","2024 - Arcadis Phase 2A","2a","","56.63","56.41","56.41","446342.98","194126.50","","","","51.644038","-1.331639","","","","","2024-06-11","2024-06-11","","","","","Client Name Value","Project Engineer Value","Contractors Name Value","1) Location scanned with GPR and CAT & Genny prior to excavation.  2) Inspection pit hand excavated with insulated hand tools to 1.20 mbgl. ","","","","","","","","","","","Trimble VRS NOW GPRS system: accuracy of +/ 50 mm","","","","","","","","","","","","","","","","","","","","","","","","","",""
"CPT535","","SCP","FINAL","5.72","2024 - Arcadis Phase 2A","2a","","55.60","55.36","55.36","446824.23","194577.16","","","","51.648051","-1.324625","","","","","2024-06-14","2024-06-14","","","","","Client Name Value","Project Engineer Value","Contractors Name Value","u1 piezo filter position","","Lateral support at surface","","","","","","","","","Trimble VRS NOW GPRS system: accuracy of +/ 50 mm","","","","","","","","","","","","","","","","","","","","","","","","","",""
"CPT535A","","IP","PROPOSED","35.00","2024 to 2025 - Arcadis Phase 2B","","","55.41","55.41","57.81","446893.64","194573.59","Proposed","","","51.648013","-1.323622","","","","","","","","","","","","","","","","","","","","","","","","","Proposed co-ordinates","","","","","","","","","","","","","","","","","","","","","","","","","",""
"CPT535A-IP","","IP","FINAL","","2024 - Arcadis Phase 2A","2a","","55.49","57.81","57.81","446898.29","194536.66","","","","51.647680","-1.323560","","","","","2024-06-11","2024-06-11","","","","","Client Name Value","Project Engineer Value","Contractors Name Value","","","","","","","","","","","","Trimble VRS NOW GPRS system: accuracy of +/ 50 mm","","","","","","","","","","","","","","","","","","","","","","","","","",""
"CPT535-IP","","IP","FINAL","","2024 - Arcadis Phase 2A","2a","","55.53","57.77","57.77","446902.83","194528.42","","","","51.647606","-1.323495","","","","","2024-05-15","2024-05-15","","","","","Client Name Value","Project Engineer Value","Contractors Name Value","1) Location scanned with GPR and CAT & Genny prior to excavation 2) Inspection pit hand excavated with insulated hand tools to 1.20 mbgl ","","","","","","","","","","","Trimble VRS NOW GPRS system: accuracy of +/ 50 mm","","","","","","","","","","","","","","","","","","","","","","","","","",""
"CPT536","","CPT","FINAL","21.59","2024 to 2025 - Arcadis Phase 2B","2b","SESRO","61.50","61.50","61.50","447230.80","194838.11","","","","51.650363","-1.318714","","","","","2024-09-24","","","","","","Client Name Value","Project Engineer Value","Contractors Name Value","1. Location scanned with GPR and CAT & Genny prior to excavation.  2. Inspection pit hand excavated with insulated hand tools to 1.20 mbgl.  3. Terminated due to refusal; buckling rods.","","Buckling rods - refusal","","","","","","","","","Proposed co-ordinates","","","","","","","","","","","","","","","","","","","","","","","","","",""
"CPT537","","SCP","PROPOSED","35.00","2024 to 2025 - Arcadis Phase 2B","","","64.00","64.00","64.00","447825.84","195184.79","Proposed","","","51.653430","-1.310067","","","","","","","","","","","","","","","","","","","","","","","","","Proposed co-ordinates","","","","","","","","","","","","","","","","","","","","","","","","","",""
"CPT538","","CPT","FINAL","10.52","2024 to 2025 - Arcadis Phase 2B","2b","SESRO","58.03","58.03","58.03","448118.16","195366.75","","","","51.655041","-1.305817","","","","","2025-04-14","","","","","","Client Name Value","Project Engineer Value","Contractors Name Value","Test refused on total pressure.","","Refusal","","","","","","","","","Proposed co-ordinates","","","","","","","","","","","","","","","","","","","","","","","","","",""
"CPT539","","SCP","PROPOSED","35.00","2024 to 2025 - Arcadis Phase 2B","","","53.93","53.93","53.93","448531.95","195302.73","Proposed","","","51.654430","-1.299845","","","","","","","","","","","","","","","","","","","","","","","","","Proposed co-ordinates","","","","","","","","","","","","","","","","","","","","","","","","","",""
"CPT541","","SCP","PROPOSED","35.00","2024 to 2025 - Arcadis Phase 2B","","","49.78","49.78","49.78","448955.00","195162.00","Proposed","","","51.653128","-1.293750","","","","","","","","","","","","","","","","","","","","","","","","","Proposed co-ordinates","","","","","","","","","","","","","","","","","","","","","","","","","",""
"CPT542","","SCP","PROPOSED","35.00","2024 to 2025 - Arcadis Phase 2B","","","50.05","50.05","50.05","449198.00","195098.00","Proposed","","","51.652531","-1.290246","","","","","","","","","","","","","","","","","","","","","","","","","Proposed co-ordinates","","","","","","","","","","","","","","","","","","","","","","","","","",""
"CPT551A","","SCP","FINAL","15.64","2024 - Arcadis Phase 1","1","","60.29","60.27","60.27","444075.22","192798.74","","","","51.632282","-1.364577","","","","","2024-02-08","2024-02-01","","","","","Client Name Value","Project Engineer Value","Contractors Name Value","","","Target depth","","","","","","","","","Trimble VRS NOW GPRS system: accuracy of +/ 50 mm","","","","","","SH","","","","","","","","","","","","","","","","","","","",""
"CPT551AA","","SCP","FINAL","15.62","2024 - Arcadis Phase 1","1","","60.29","60.34","60.34","444075.88","192799.52","","","","51.632289","-1.364567","","","","","2024-03-04","","","","","","Client Name Value","Project Engineer Value","Contractors Name Value","","","Target depth","","","","","","","","","Trimble VRS NOW GPRS system: accuracy of +/ 50 mm","","","","","","","","","","","","","","","","","","","","","","","","","",""
"CPT551A-A","","SCP","FINAL","15.52","2024 - Arcadis Phase 1","1","","60.29","60.34","60.34","444075.88","192799.52","","","","51.632289","-1.364567","","","","","2024-03-04","","","","","","Client Name Value","Project Engineer Value","Contractors Name Value","","","Target depth","","","","","","","","","Trimble VRS NOW GPRS system: accuracy of +/ 50 mm","","","","","","SH","","","","","","","","","","","","","","","","","","","",""
"CPT551B","","SCP","FINAL","15.64","2024 - Arcadis Phase 1","1","","60.45","60.44","60.44","444036.22","192768.95","","","","51.632018","-1.365144","","","","","2024-02-08","2024-02-01","","","","","Client Name Value","Project Engineer Value","Contractors Name Value","Slow water inlet","","Target depth","","","","","","","","","Trimble VRS NOW GPRS system: accuracy of +/ 50 mm","","","","","","SH","","","","","","","","","","","","","","","","","","","",""
"CPT551BA","","SCP","FINAL","15.62","2024 - Arcadis Phase 1","1","","60.45","60.45","60.45","444036.94","192769.52","","","","51.632023","-1.365133","","","","","2024-03-04","","","","","","Client Name Value","Project Engineer Value","Contractors Name Value","","","Target depth","","","","","","","","","Trimble VRS NOW GPRS system: accuracy of +/ 50 mm","","","","","","","","","","","","","","","","","","","","","","","","","",""
"CPT551B-A","","SCP","FINAL","15.52","2024 - Arcadis Phase 1","1","","60.45","60.45","60.45","444036.94","192769.52","","","","51.632023","-1.365133","","","","","2024-03-04","","","","","","Client Name Value","Project Engineer Value","Contractors Name Value","","","Target depth","","","","","","","","","Trimble VRS NOW GPRS system: accuracy of +/ 50 mm","","","","","","SH","","","","","","","","","","","","","","","","","","","",""
"CPT551C","","SCP","FINAL","8.98","2024 - Arcadis Phase 1","1","","60.29","60.09","60.09","444121.72","192829.70","","","","51.632557","-1.363901","","","","","2024-02-08","2024-02-01","","","","","Client Name Value","Project Engineer Value","Contractors Name Value","","","Tonnage + inclination","","","","","","","","","Trimble VRS NOW GPRS system: accuracy of +/ 50 mm","","","","","","SH","","","","","","","","","","","","","","","","","","","",""
"CPT551CA","","SCP","FINAL","15.62","2024 - Arcadis Phase 1","1","","60.29","60.12","60.12","444122.34","192830.36","","","","51.632563","-1.363892","","","","","2024-02-27","","","","","","Client Name Value","Project Engineer Value","Contractors Name Value","","","Target depth","","","","","","","","","Trimble VRS NOW GPRS system: accuracy of +/ 50 mm","","","","","","","","","","","","","","","","","","","","","","","","","",""
"CPT551C-A","","SCP","FINAL","15.52","2024 - Arcadis Phase 1","1","","60.29","60.12","60.12","444122.34","192830.36","","","","51.632563","-1.363892","","","","","2024-02-27","","","","","","Client Name Value","Project Engineer Value","Contractors Name Value","","","Target depth","","","","","","","","","Trimble VRS NOW GPRS system: accuracy of +/ 50 mm","","","","","","SH","","","","","","","","","","","","","","","","","","","",""
"DCS1","","DS","HISTORIC","5.45","2014 - Applied Geology","","","62.31","62.31","62.31","444943.93","192439.17","","","","51.628981","-1.352072","","https://arup.sharepoint.com/:b:/r/teams/prj-30356800/Data%20and%20Documents%20Library/GE%20-%20Geotechnical/GI%20reports/2014%20-%20Applied%20Geology/Seperated%20logs/DCS1.pdf","","","","","","","","","","","","","","","","","","","","","","","","Estimated from LiDAR","","","","","","","","","","","","","","","","","","","","","","","","",""
"DCS10","","DS","HISTORIC","4.45","2014 - Applied Geology","","","65.06","65.06","65.06","444647.54","191789.87","","","","51.623167","-1.356437","","https://arup.sharepoint.com/:b:/r/teams/prj-30356800/Data%20and%20Documents%20Library/GE%20-%20Geotechnical/GI%20reports/2014%20-%20Applied%20Geology/Seperated%20logs/DCS10.pdf","","","","","","","","","","","","","","","","","","","","","","","","Estimated from LiDAR","","","","","","","","","","","","","","","","","","","","","","","","",""
"DCS11","","DS","HISTORIC","5.45","2014 - Applied Geology","","","65.37","65.37","65.37","444661.77","191705.33","","","","51.622406","-1.356242","","https://arup.sharepoint.com/:b:/r/teams/prj-30356800/Data%20and%20Documents%20Library/GE%20-%20Geotechnical/GI%20reports/2014%20-%20Applied%20Geology/Seperated%20logs/DCS11.pdf","","","","","","","","","","","","","","","","","","","","","","","","Estimated from LiDAR","","","","","","","","","","","","","","","","","","","","","","","","",""
"DCS12","","DS","HISTORIC","5.45","2014 - Applied Geology","","","65.81","65.81","65.81","444702.53","191684.66","","","","51.622216","-1.355656","","https://arup.sharepoint.com/:b:/r/teams/prj-30356800/Data%20and%20Documents%20Library/GE%20-%20Geotechnical/GI%20reports/2014%20-%20Applied%20Geology/Seperated%20logs/DCS12.pdf","","","","","","","","","","","","","","","","","","","","","","","","Estimated from LiDAR","","","","","","","","","","","","","","","","","","","","","","","","",""
"DCS13","","DS","HISTORIC","3.45","2014 - Applied Geology","","","65.27","65.27","65.27","444761.84","191767.61","","","","51.622958","-1.354788","","https://arup.sharepoint.com/:b:/r/teams/prj-30356800/Data%20and%20Documents%20Library/GE%20-%20Geotechnical/GI%20reports/2014%20-%20Applied%20Geology/Seperated%20logs/DCS13.pdf","","","","","","","","","","","","","","","","","","","","","","","","Estimated from LiDAR","","","","","","","","","","","","","","","","","","","","","","","","",""
"DCS14","","DS","HISTORIC","3.45","2014 - Applied Geology","","","65.59","65.59","65.59","444843.29","191728.31","","","","51.622598","-1.353617","","https://arup.sharepoint.com/:b:/r/teams/prj-30356800/Data%20and%20Documents%20Library/GE%20-%20Geotechnical/GI%20reports/2014%20-%20Applied%20Geology/Seperated%20logs/DCS14.pdf","","","","","","","","","","","","","","","","","","","","","","","","Estimated from LiDAR","","","","","","","","","","","","","","","","","","","","","","","","",""
"DCS2","","DS","HISTORIC","4.45","2014 - Applied Geology","","","63.11","63.11","63.11","444912.06","192280.96","","","","51.627561","-1.352553","","https://arup.sharepoint.com/:b:/r/teams/prj-30356800/Data%20and%20Documents%20Library/GE%20-%20Geotechnical/GI%20reports/2014%20-%20Applied%20Geology/Seperated%20logs/DCS2.pdf","","","","","","","","","","","","","","","","","","","","","","","","Estimated from LiDAR","","","","","","","","","","","","","","","","","","","","","","","","",""
"DCS3","","DS","HISTORIC","3.45","2014 - Applied Geology","","","63.83","63.83","63.83","444958.90","192198.81","","","","51.626819","-1.351887","","https://arup.sharepoint.com/:b:/r/teams/prj-30356800/Data%20and%20Documents%20Library/GE%20-%20Geotechnical/GI%20reports/2014%20-%20Applied%20Geology/Seperated%20logs/DCS3.pdf","","","","","","","","","","","","","","","","","","","","","","","","Estimated from LiDAR","","","","","","","","","","","","","","","","","","","","","","","","",""
"DCS4","","DS","HISTORIC","5.45","2014 - Applied Geology","","","64.53","64.53","64.53","444937.00","192043.04","","","","51.625420","-1.352223","","https://arup.sharepoint.com/:b:/r/teams/prj-30356800/Data%20and%20Documents%20Library/GE%20-%20Geotechnical/GI%20reports/2014%20-%20Applied%20Geology/Seperated%20logs/DCS4.pdf","","","","","","","","","","","","","","","","","","","","","","","","Estimated from LiDAR","","","","","","","","","","","","","","","","","","","","","","","","",""
"DCS5","","DS","HISTORIC","4.45","2014 - Applied Geology","","","65.27","65.27","65.27","444956.05","191824.33","","","","51.623452","-1.351976","","https://arup.sharepoint.com/:b:/r/teams/prj-30356800/Data%20and%20Documents%20Library/GE%20-%20Geotechnical/GI%20reports/2014%20-%20Applied%20Geology/Seperated%20logs/DCS5.pdf","","","","","","","","","","","","","","","","","","","","","","","","Estimated from LiDAR","","","","","","","","","","","","","","","","","","","","","","","","",""
"DCS6","","DS","HISTORIC","3.45","2014 - Applied Geology","","","65.00","65.00","65.00","444869.51","191886.33","","","","51.624016","-1.353218","","https://arup.sharepoint.com/:b:/r/teams/prj-30356800/Data%20and%20Documents%20Library/GE%20-%20Geotechnical/GI%20reports/2014%20-%20Applied%20Geology/Seperated%20logs/DCS6.pdf","","","","","","","","","","","","","","","","","","","","","","","","Estimated from LiDAR","","","","","","","","","","","","","","","","","","","","","","","","",""
"DCS7","","DS","HISTORIC","3.45","2014 - Applied Geology","","","65.01","65.01","65.01","444833.07","191898.96","","","","51.624133","-1.353743","","https://arup.sharepoint.com/:b:/r/teams/prj-30356800/Data%20and%20Documents%20Library/GE%20-%20Geotechnical/GI%20reports/2014%20-%20Applied%20Geology/Seperated%20logs/DCS7.pdf","","","","","","","","","","","","","","","","","","","","","","","","Estimated from LiDAR","","","","","","","","","","","","","","","","","","","","","","","","",""
"DCS8","","DS","HISTORIC","3.45","2014 - Applied Geology","","","64.74","64.74","64.74","444714.98","191913.89","","","","51.624277","-1.355447","","https://arup.sharepoint.com/:b:/r/teams/prj-30356800/Data%20and%20Documents%20Library/GE%20-%20Geotechnical/GI%20reports/2014%20-%20Applied%20Geology/Seperated%20logs/DCS8.pdf","","","","","","","","","","","","","","","","","","","","","","","","Estimated from LiDAR","","","","","","","","","","","","","","","","","","","","","","","","",""
"DCS9","","DS","HISTORIC","3.45","2014 - Applied Geology","","","65.22","65.22","65.22","444723.49","191816.01","","","","51.623396","-1.355336","","https://arup.sharepoint.com/:b:/r/teams/prj-30356800/Data%20and%20Documents%20Library/GE%20-%20Geotechnical/GI%20reports/2014%20-%20Applied%20Geology/Seperated%20logs/DCS9.pdf","","","","","","","","","","","","","","","","","","","","","","","","Estimated from LiDAR","","","","","","","","","","","","","","","","","","","","","","","","",""
"EA1","SU49SW12","CP","HISTORIC","7.00","1990 - Exploration Associates","","","61.65","61.65","62.11","444880.00","192533.00","ND_13/03/2025","","","51.629830","-1.352984","","https://arup.sharepoint.com/:b:/r/teams/prj-30356800/Data%20and%20Documents%20Library/GE%20-%20Geotechnical/GI%20reports/1990%20-%20Exploration%20Associates/EA1.pdf","","","","","","","","","","","","","","","","","","","","","","","","","","","","","","","","","SU49SW12","","","","","","","","","","","Yes","","","","",""
"EA2","SU49SW13","CP","HISTORIC","10.50","1990 - Exploration Associates","","","63.33","63.33","63.24","444862.00","192300.00","ND_13/03/2025","","","51.627736","-1.353274","","https://arup.sharepoint.com/:b:/r/teams/prj-30356800/Data%20and%20Documents%20Library/GE%20-%20Geotechnical/GI%20reports/1990%20-%20Exploration%20Associates/EA2.pdf","","","","","","","","","","","","","","","","","","","","","","","","","","","","","","","","","SU49SW13","","","","","","","","","","","Yes","","","","",""
"EA3","SU49SW14","CP","HISTORIC","15.50","1990 - Exploration Associates","","","64.76","64.76","65.09","444909.00","191958.00","ND_13/03/2025","","","51.624658","-1.352638","","https://arup.sharepoint.com/:b:/r/teams/prj-30356800/Data%20and%20Documents%20Library/GE%20-%20Geotechnical/GI%20reports/1990%20-%20Exploration%20Associates/EA3.pdf","","","","","","","","","","","","","","","","","","","","","","","","","","","","","","","","","SU49SW14","","","","","","","","","","","Yes","","","","",""
"EA4","SU49SE187","CP","HISTORIC","15.50","1990 - Exploration Associates","","","65.73","65.73","65.90","445023.00","191743.00","ND_13/03/2025","","","51.622716","-1.351019","","https://arup.sharepoint.com/:b:/r/teams/prj-30356800/Data%20and%20Documents%20Library/GE%20-%20Geotechnical/GI%20reports/1990%20-%20Exploration%20Associates/EA4.pdf","","","","","","","","","","","","","","","","","","","","","","","","","","","","","","","","","SU49SE187","","","","","","","","","","","Yes","","","","",""
"EA5","SU49SW15","CP","HISTORIC","11.85","1990 - Exploration Associates","","","66.04","64.81","64.81","444636.00","191854.00","ND_13/03/2025","","","51.623744","-1.356595","","https://arup.sharepoint.com/:b:/r/teams/prj-30356800/Data%20and%20Documents%20Library/GE%20-%20Geotechnical/GI%20reports/1990%20-%20Exploration%20Associates/EA5.pdf","","","","","","","","","","","","","","","","","","","","","","","","","","","","","","","","","SU49SW15","","","","","","","","","","","Yes","","","","",""
"MASW401","","BH","PROPOSED","","2024 to 2025 - Arcadis Phase 2B","","","61.45","61.45","61.45","444183.00","192526.00","Proposed","","","51.629822","-1.363054","","","","","","","","","","","","","","","","","","","","","","","","","Proposed co-ordinates","","","","","","","","","","","","","","","","","","","","","","","","","",""
"MASW402","","BH","PROPOSED","","2024 to 2025 - Arcadis Phase 2B","","","55.11","55.11","55.11","446347.00","194652.00","Proposed","","","51.648763","-1.331512","","","","","","","","","","","","","","","","","","","","","","","","","Proposed co-ordinates","","","","","","","","","","","","","","","","","","","","","","","","","",""
"MASW403","","BH","PROPOSED","","2024 to 2025 - Arcadis Phase 2B","","","57.45","57.45","57.45","444135.00","194533.00","Proposed","","","51.647870","-1.363495","","","","","","","","","","","","","","","","","","","","","","","","","Proposed co-ordinates","","","","","","","","","","","","","","","","","","","","","","","","","",""
"MASW404","","BH","PROPOSED","","2024 to 2025 - Arcadis Phase 2B","","","58.15","58.15","58.15","445736.00","193273.00","Proposed","","","51.636414","-1.340521","","","","","","","","","","","","","","","","","","","","","","","","","Proposed co-ordinates","","","","","","","","","","","","","","","","","","","","","","","","","",""
"MASW405","","BH","PROPOSED","","2024 to 2025 - Arcadis Phase 2B","","","61.03","61.03","61.03","443283.00","192204.00","Proposed","","","51.626996","-1.376095","","","","","","","","","","","","","","","","","","","","","","","","","Proposed co-ordinates","","","","","","","","","","","","","","","","","","","","","","","","","",""
"OBH1","SU49SE347","RO","HISTORIC","56.70","1993 to 1995 - Costain Geotechnical Services","","","61.33","61.33","61.35","445270.00","192650.00","AC_27/03/2025","","","51.630851","-1.347335","","https://arup.sharepoint.com/:b:/r/teams/prj-30356800/Data%20and%20Documents%20Library/GE%20-%20Geotechnical/GI%20reports/1993%20to%201995%20-%20Costain%20Geotechnical%20Services/Seperated%20logs/OBH1.pdf","","","","","","","","","","","","","","","","","","","","","","","","","","","","","","","","","SU49SE347","","","","","","","","","","","Yes","","","","",""
"OBH2","SU49SW93","RO","HISTORIC","18.29","1993 to 1995 - Costain Geotechnical Services","","","57.72","57.72","57.72","443760.00","194700.00","SR_25/03/2025","AC_27/03/2025","","51.649401","-1.368893","","https://arup.sharepoint.com/:b:/r/teams/prj-30356800/Data%20and%20Documents%20Library/GE%20-%20Geotechnical/GI%20reports/1993%20to%201995%20-%20Costain%20Geotechnical%20Services/Seperated%20logs/OBH2.pdf","","","","","","","","","","","","","","","","","","","","","","","","","","","","","","","","","SU49SW93","","","","","","","","","","","Yes","","","","",""
"OS01","","TP","HISTORIC","10.00","2005 - Norwest Holst Engineering Ltd","","","57.21","57.21","56.98","444556.64","194201.72","SR_21/03/2025","","","51.644859","-1.357443","","https://arup.sharepoint.com/:b:/r/teams/prj-30356800/Data%20and%20Documents%20Library/GE%20-%20Geotechnical/GI%20reports/2005%20-%20Norwest%20Holst%20Engineering%20Ltd/Seperated%20logs/OS01.pdf","","","2005-10-12","2005-10-20","","","","","Thames Water","Jacobs","Norwest Holst Soil Engineering Limited","1. Numbers refer to sketch. 2. Machine excavated to 10.00m. 3. Logged and photographed in 1.00m sections. 4. Observation shaft complete at 10.00m.","","","","","","","","","","","","","","","","","","","","","","","","","","","","","","","","","","","","",""
"OS02","","TP","HISTORIC","15.00","2005 - Norwest Holst Engineering Ltd","","","58.02","58.02","57.92","445220.34","193252.29","SR_21/03/2025","","","51.636270","-1.347974","","https://arup.sharepoint.com/:b:/r/teams/prj-30356800/Data%20and%20Documents%20Library/GE%20-%20Geotechnical/GI%20reports/2005%20-%20Norwest%20Holst%20Engineering%20Ltd/Seperated%20logs/OS02.pdf","","","2005-10-18","2005-10-27","","","","","Thames Water","Jacobs","Norwest Holst Soil Engineering Limited","1. Numbers refer to sketch. 2. Machine excavated to 15.00m 3. Logged photographed in 1.00m sections. 4. Observation shaft complete at 15.00m.","","","","","","","","","","","","","","","","","","","","","","","","","","","","","","","","","","","","",""
"OS03","","TP","HISTORIC","15.00","2005 - Norwest Holst Engineering Ltd","","","61.75","61.75","61.76","445763.44","192564.41","SR_21/03/2025","","","51.630041","-1.340217","","https://arup.sharepoint.com/:b:/r/teams/prj-30356800/Data%20and%20Documents%20Library/GE%20-%20Geotechnical/GI%20reports/2005%20-%20Norwest%20Holst%20Engineering%20Ltd/Seperated%20logs/OS03.pdf","","","2005-09-28","2005-10-12","","","","","Thames Water","Jacobs","Norwest Holst Soil Engineering Limited","1. Numbers refer to sketch. 2. Machine excavated to 11.00m. 3. Hand excavated to 15.00m. 4. Logged and photographed in 1.00m section. 5. Observation Shaft complete at 15.00m.","","","","","","","","","","","","","","","","","","","","","","","","","","","","","","","","","","","","",""
"RC01","","PC","PRELIM","0.32","2024 to 2025 - Arcadis Phase 2B","Civils report","","","","60.78","444207.02","192805.60","","","","51.632334","-1.362672","","","","","2024-07-15","2024-07-15","","","","","Client Name Value","Project Engineer Value","Contractors Name Value","1) Location scanned with GPR and CAT & Genny prior to excavation.  2) Road core completed using  a bolt-on coring rig. 3) Water added during the coring process. 4) Hole terminated on penetrating through hard standing. 5) Hole backfilled on completion and reinstated with cold lay tarmac. 6) PAK marker aerosol applied to cores following completion of logging. Photographs of testing provided on appended photosheet. 7) Hole located 150mm from the edge of the carriageway.","Determine road thickness","Road core complete","","","","","","","","","Phone/Tablet GPS: approx. 5m max accuracy","","","","","","RF","","","","","","","","","","","","","","","","","","","",""
"RC02","","PC","PRELIM","0.36","2024 to 2025 - Arcadis Phase 2B","Civils report","","","","60.79","444207.17","192805.99","","","","51.632337","-1.362669","","","","","2024-07-15","2024-07-15","","","","","Client Name Value","Project Engineer Value","Contractors Name Value","1) Location scanned with GPR and CAT & Genny prior to excavation.  2) Road core completed using  a bolt-on coring rig. 3) Water added during the coring process. 4) Hole terminated on penetrating through hard standing. 5) Hole backfilled on completion and reinstated with cold lay tarmac. 6) PAK marker aerosol applied to cores following completion of logging. Photographs of testing provided on appended photosheet. 7) Hole located 500mm from the edge of the carriageway.","Determine road thickness","Road core complete","","","","","","","","","Phone/Tablet GPS: approx. 5m max accuracy","","","","","","RF","","","","","","","","","","","","","","","","","","","",""
"RC03","","PC","PRELIM","0.31","2024 to 2025 - Arcadis Phase 2B","Civils report","","","","60.77","444206.07","192806.80","","","","51.632345","-1.362685","","","","","2024-07-15","2024-07-15","","","","","Client Name Value","Project Engineer Value","Contractors Name Value","1) Location scanned with GPR and CAT & Genny prior to excavation.  2) Road core completed using  a bolt-on coring rig. 3) Water added during the coring process. 4) Hole terminated on penetrating through hard standing. 5) Hole backfilled on completion and reinstated with cold lay tarmac. 6) PAK marker aerosol applied to cores following completion of logging. Photographs of testing provided on appended photosheet. 7) Hole located 300mm from the edge of the carriageway.","Determine road thickness","Road core complete","","","","","","","","","Phone/Tablet GPS: approx. 5m max accuracy","","","","","","RF","","","","","","","","","","","","","","","","","","","",""
"RC04","","PC","PRELIM","0.35","2024 to 2025 - Arcadis Phase 2B","Civils report","","","","60.80","444207.86","192808.32","","","","51.632358","-1.362659","","","","","2024-07-15","2024-07-15","","","","","Client Name Value","Project Engineer Value","Contractors Name Value","1) Location scanned with GPR and CAT & Genny prior to excavation.  2) Road core completed using  a bolt-on coring rig. 3) Water added during the coring process. 4) Hole terminated on penetrating through hard standing. 5) Hole backfilled on completion and reinstated with cold lay tarmac. 6) PAK marker aerosol applied to cores following completion of logging. Photographs of testing provided on appended photosheet. 7) Hole located 2500mm from the edge of the carriageway.","Determine road thickness","Road core complete","","","","","","","","","Phone/Tablet GPS: approx. 5m max accuracy","","","","","","RF","","","","","","","","","","","","","","","","","","","",""
"SU49_43C","Joscas School","WP","HISTORIC","8.00","EA Monitoring well","","","","67.11","67.11","443935.00","196885.00","","","","51.669032","-1.366090","","","","","","1978-08-16","","","","","","","","","","","","","","","","","","","","","","","","","","","","","","","","","","","","","","","","","","","","",""
"SU49_84E","Willowbrook Farm","WP","HISTORIC","58.87","EA Monitoring well","","","","60.94","60.94","444115.00","192935.00","","","","51.633504","-1.363985","","","","","","2001-01-25","","","","","","","","","","","","","","","","","","","","","","","","","","","","","","","","","","","","","","","","","","","","",""
"SU49NE100","","CP","HISTORIC","4.26","BGS Boreholes","NonConfidential","","57.88","54.91","54.91","447870.00","197070.00","SR_28/03/2025","","","51.670375","-1.309171","","https://arup.sharepoint.com/:b:/r/teams/prj-30356800/Data%20and%20Documents%20Library/GE%20-%20Geotechnical/GI%20reports/19XX%20BGS/SU49NE100.pdf","","","","","","","","","","","","Imported from Motts Leapfrog model","","","","","","","","","","","","","","","","","","","","","","","","","","","","","","","","Yes","","","","",""
"SU49NE101","","CP","HISTORIC","4.26","BGS Boreholes","NonConfidential","","54.97","53.81","53.81","447750.00","196990.00","SR_28/03/2025","","","51.669666","-1.310917","","https://arup.sharepoint.com/:b:/r/teams/prj-30356800/Data%20and%20Documents%20Library/GE%20-%20Geotechnical/GI%20reports/19XX%20BGS/SU49NE101.pdf","","","","","","","","","","","","Imported from Motts Leapfrog model","","","","","","","","","","","","","","","","","","","","","","","","","","","","","","","","Yes","","","","",""
"SU49NE102","","CP","HISTORIC","4.26","BGS Boreholes","NonConfidential","","55.01","53.04","53.04","447710.00","196830.00","SR_28/03/2025","","","51.668231","-1.311517","","https://arup.sharepoint.com/:b:/r/teams/prj-30356800/Data%20and%20Documents%20Library/GE%20-%20Geotechnical/GI%20reports/19XX%20BGS/SU49NE102.pdf","","","","","","","","","","","","Imported from Motts Leapfrog model","","","","","","","","","","","","","","","","","","","","","","","","","","","","","","","","Yes","","","","",""
"SU49NE103","","CP","HISTORIC","3.65","BGS Boreholes","NonConfidential","","56.47","52.93","52.93","447780.00","196810.00","SR_28/03/2025","","","51.668045","-1.310508","","https://arup.sharepoint.com/:b:/r/teams/prj-30356800/Data%20and%20Documents%20Library/GE%20-%20Geotechnical/GI%20reports/19XX%20BGS/SU49NE103.pdf","","","","","","","","","","","","Imported from Motts Leapfrog model","","","","","","","","","","","","","","","","","","","","","","","","","","","","","","","","Yes","","","","",""
"SU49NE104","","CP","HISTORIC","4.57","BGS Boreholes","NonConfidential","","54.85","52.90","52.90","447690.00","196740.00","SR_28/03/2025","","","51.667424","-1.311819","","https://arup.sharepoint.com/:b:/r/teams/prj-30356800/Data%20and%20Documents%20Library/GE%20-%20Geotechnical/GI%20reports/19XX%20BGS/SU49NE104.pdf","","","","","","","","","","","","Imported from Motts Leapfrog model","","","","","","","","","","","","","","","","","","","","","","","","","","","","","","","","Yes","","","","",""
"SU49NE110","","CP","HISTORIC","1.52","BGS Boreholes","NonConfidential","","54.45","54.45","54.51","447400.00","197000.00","SR_28/03/2025","","","51.669786","-1.315976","","https://arup.sharepoint.com/:b:/r/teams/prj-30356800/Data%20and%20Documents%20Library/GE%20-%20Geotechnical/GI%20reports/19XX%20BGS/SU49NE110.pdf","","","","","","","","","","","","Imported from Motts Leapfrog model","","","","","","","","","","","","","","","","","","","","","","","","","","","","","","","","Yes","","","","",""
"SU49NE111","","CP","HISTORIC","1.52","BGS Boreholes","NonConfidential","","54.13","54.13","54.61","447560.00","196990.00","SR_28/03/2025","","","51.669682","-1.313664","","https://arup.sharepoint.com/:b:/r/teams/prj-30356800/Data%20and%20Documents%20Library/GE%20-%20Geotechnical/GI%20reports/19XX%20BGS/SU49NE111.pdf","","","","","","","","","","","","Imported from Motts Leapfrog model","","","","","","","","","","","","","","","","","","","","","","","","","","","","","","","","Yes","","","","",""
"SU49NE112","","CP","HISTORIC","4.57","BGS Boreholes","NonConfidential","","55.66","54.30","54.30","447790.00","197010.00","SR_28/03/2025","","","51.669843","-1.310336","","https://arup.sharepoint.com/:b:/r/teams/prj-30356800/Data%20and%20Documents%20Library/GE%20-%20Geotechnical/GI%20reports/19XX%20BGS/SU49NE112.pdf","","","","","","","","","","","","Imported from Motts Leapfrog model","","","","","","","","","","","","","","","","","","","","","","","","","","","","","","","","Yes","","","","",""
"SU49NE113/A&B","","EH","HISTORIC","9.14","BGS Boreholes","NonConfidential","","55.30","55.30","","447790.00","196990.00","","","","51.669663","-1.310339","","PDF not downloaded/missing","","","","","Full","","","","","","","Imported from within site extent","ABINGDON BY PASS B72,72A","","","","","","","","","","","","","","","","","","","","","","","","","","","","","","","Yes","","","","",""
"SU49NE114","","CP","HISTORIC","14.32","BGS Boreholes","NonConfidential","","56.30","54.33","54.33","447820.00","197010.00","","","","51.669840","-1.309902","","https://arup.sharepoint.com/:b:/r/teams/prj-30356800/Data%20and%20Documents%20Library/GE%20-%20Geotechnical/GI%20reports/19XX%20BGS/SU49NE114.pdf","","","","","Full","","","","","","","Imported from within site extent","ABINGDON BY PASS B73","","","","","","","","","","","","","","","","","","","","","","","","","","","","","","","Yes","","","","",""
"SU49NE115","","CP","HISTORIC","9.44","BGS Boreholes","NonConfidential","","55.47","55.47","","447810.00","196990.00","","","","51.669661","-1.310050","","https://arup.sharepoint.com/:b:/r/teams/prj-30356800/Data%20and%20Documents%20Library/GE%20-%20Geotechnical/GI%20reports/19XX%20BGS/SU49NE115.pdf","","","","","Full","","","","","","","Imported from within site extent","ABINGDON BY PASS B74","","","","","","","","","","","","","","","","","","","","","","","","","","","","","","","Yes","","","","",""
"SU49NE116","","CP","HISTORIC","7.62","BGS Boreholes","NonConfidential","","56.66","54.31","54.31","447840.00","197010.00","SR_28/03/2025","","","51.669838","-1.309613","","https://arup.sharepoint.com/:b:/r/teams/prj-30356800/Data%20and%20Documents%20Library/GE%20-%20Geotechnical/GI%20reports/19XX%20BGS/SU49NE116.pdf","","","","","","","","","","","","Imported from Motts Leapfrog model","","","","","","","","","","","","","","","","","","","","","","","","","","","","","","","","Yes","","","","",""
"SU49NE117","","CP","HISTORIC","4.87","BGS Boreholes","NonConfidential","","55.68","55.68","","447840.00","196990.00","","","","51.669659","-1.309616","","https://arup.sharepoint.com/:b:/r/teams/prj-30356800/Data%20and%20Documents%20Library/GE%20-%20Geotechnical/GI%20reports/19XX%20BGS/SU49NE117.pdf","","","","","Full","","","","","","","Imported from within site extent","ABINGDON BY PASS B76","","","","","","","","","","","","","","","","","","","","","","","","","","","","","","","Yes","","","","",""
"SU49NE118","","CP","HISTORIC","3.96","BGS Boreholes","NonConfidential","","59.55","53.34","53.34","447760.00","196890.00","SR_28/03/2025","","","51.668766","-1.310786","","https://arup.sharepoint.com/:b:/r/teams/prj-30356800/Data%20and%20Documents%20Library/GE%20-%20Geotechnical/GI%20reports/19XX%20BGS/SU49NE118.pdf","","","","","","","","","","","","Imported from Motts Leapfrog model","","","","","","","","","","","","","","","","","","","","","","","","","","","","","","","","Yes","","","","",""
"SU49NE119","","CP","HISTORIC","3.96","BGS Boreholes","NonConfidential","","58.34","53.20","53.20","447750.00","196870.00","SR_31/03/2025","","","51.668587","-1.310934","","https://arup.sharepoint.com/:b:/r/teams/prj-30356800/Data%20and%20Documents%20Library/GE%20-%20Geotechnical/GI%20reports/19XX%20BGS/SU49NE119.pdf","","","","","","","","","","","","Imported from Motts Leapfrog model","","","","","","","","","","","","","","","","","","","","","","","","","","","","","","","","Yes","","","","",""
"SU49NE120","","CP","HISTORIC","3.96","BGS Boreholes","NonConfidential","","58.05","53.34","53.34","447780.00","196880.00","SR_31/03/2025","","","51.668675","-1.310498","","https://arup.sharepoint.com/:b:/r/teams/prj-30356800/Data%20and%20Documents%20Library/GE%20-%20Geotechnical/GI%20reports/19XX%20BGS/SU49NE120.pdf","","","","","","","","","","","","Imported from Motts Leapfrog model","","","","","","","","","","","","","","","","","","","","","","","","","","","","","","","","Yes","","","","",""
"SU49NE121","","CP","HISTORIC","3.96","BGS Boreholes","NonConfidential","","57.57","53.18","53.18","447780.00","196860.00","SR_31/03/2025","","","51.668495","-1.310501","","https://arup.sharepoint.com/:b:/r/teams/prj-30356800/Data%20and%20Documents%20Library/GE%20-%20Geotechnical/GI%20reports/19XX%20BGS/SU49NE121.pdf","","","","","","","","","","","","Imported from Motts Leapfrog model","","","","","","","","","","","","","","","","","","","","","","","","","","","","","","","","Yes","","","","",""
"SU49NE122","","CP","HISTORIC","3.65","BGS Boreholes","NonConfidential","","56.80","53.34","53.34","447800.00","196880.00","SR_31/03/2025","","","51.668673","-1.310209","","https://arup.sharepoint.com/:b:/r/teams/prj-30356800/Data%20and%20Documents%20Library/GE%20-%20Geotechnical/GI%20reports/19XX%20BGS/SU49NE122.pdf","","","","","","","","","","","","Imported from Motts Leapfrog model","","","","","","","","","","","","","","","","","","","","","","","","","","","","","","","","Yes","","","","",""
"SU49NE123","","CP","HISTORIC","4.26","BGS Boreholes","NonConfidential","","56.97","52.53","52.53","447790.00","196860.00","SR_31/03/2025","","","51.668494","-1.310357","","https://arup.sharepoint.com/:b:/r/teams/prj-30356800/Data%20and%20Documents%20Library/GE%20-%20Geotechnical/GI%20reports/19XX%20BGS/SU49NE123.pdf","","","","","","","","","","","","Imported from Motts Leapfrog model","","","","","","","","","","","","","","","","","","","","","","","","","","","","","","","","Yes","","","","",""
"SU49NE124","","CP","HISTORIC","16.76","BGS Boreholes","NonConfidential","","54.29","53.64","53.64","447550.00","196050.00","SR_31/03/2025","","","51.661232","-1.313936","","https://arup.sharepoint.com/:b:/r/teams/prj-30356800/Data%20and%20Documents%20Library/GE%20-%20Geotechnical/GI%20reports/19XX%20BGS/SU49NE124.pdf","","","","","","","","","","","","Imported from Motts Leapfrog model","","","","","","","","","","","","","","","","","","","","","","","","","","","","","","","","Yes","","","","",""
"SU49NE125","","CP","HISTORIC","16.76","BGS Boreholes","NonConfidential","","55.40","55.40","54.13","447550.00","196000.00","SR_31/03/2025","","","51.660782","-1.313943","","https://arup.sharepoint.com/:b:/r/teams/prj-30356800/Data%20and%20Documents%20Library/GE%20-%20Geotechnical/GI%20reports/19XX%20BGS/SU49NE125.pdf","","","","","","","","","","","","Imported from Motts Leapfrog model","","","","","","","","","","","","","","","","","","","","","","","","","","","","","","","","Yes","","","","",""
"SU49NE126","","CP","HISTORIC","16.76","BGS Boreholes","NonConfidential","","53.72","53.72","53.48","447590.00","196070.00","SR_01/04/2025","","","51.661408","-1.313355","","https://arup.sharepoint.com/:b:/r/teams/prj-30356800/Data%20and%20Documents%20Library/GE%20-%20Geotechnical/GI%20reports/19XX%20BGS/SU49NE126.pdf","","","","","","","","","","","","Imported from Motts Leapfrog model","","","","","","","","","","","","","","","","","","","","","","","","","","","","","","","","Yes","","","","",""
"SU49NE127","","CP","HISTORIC","16.76","BGS Boreholes","NonConfidential","","55.46","55.46","54.09","447590.00","196000.00","SR_01/04/2025","","","51.660779","-1.313365","","https://arup.sharepoint.com/:b:/r/teams/prj-30356800/Data%20and%20Documents%20Library/GE%20-%20Geotechnical/GI%20reports/19XX%20BGS/SU49NE127.pdf","","","","","","","","","","","","Imported from Motts Leapfrog model","","","","","","","","","","","","","","","","","","","","","","","","","","","","","","","","Yes","","","","",""
"SU49NE128","","CP","HISTORIC","21.33","BGS Boreholes","NonConfidential","","62.27","62.27","62.56","447430.00","195170.00","SR_01/04/2025","","","51.653330","-1.315790","","https://arup.sharepoint.com/:b:/r/teams/prj-30356800/Data%20and%20Documents%20Library/GE%20-%20Geotechnical/GI%20reports/19XX%20BGS/SU49NE128.pdf","","","","","","","","","","","","Imported from Motts Leapfrog model","","","","","","","","","","","","","","","","","","","","","","","","","","","","","","","","Yes","","","","",""
"SU49NE129","","CP","HISTORIC","21.33","BGS Boreholes","NonConfidential","","62.19","62.19","62.79","447440.00","195200.00","SR_01/04/2025","","","51.653599","-1.315642","","https://arup.sharepoint.com/:b:/r/teams/prj-30356800/Data%20and%20Documents%20Library/GE%20-%20Geotechnical/GI%20reports/19XX%20BGS/SU49NE129.pdf","","","","","","","","","","","","Imported from Motts Leapfrog model","","","","","","","","","","","","","","","","","","","","","","","","","","","","","","","","Yes","","","","",""
"SU49NE130","","CP","HISTORIC","21.33","BGS Boreholes","NonConfidential","","62.50","62.50","62.25","447460.00","195160.00","SR_01/04/2025","","","51.653238","-1.315358","","https://arup.sharepoint.com/:b:/r/teams/prj-30356800/Data%20and%20Documents%20Library/GE%20-%20Geotechnical/GI%20reports/19XX%20BGS/SU49NE130.pdf","","","","","","","","","","","","Imported from Motts Leapfrog model","","","","","","","","","","","","","","","","","","","","","","","","","","","","","","","","Yes","","","","",""
"SU49NE131","","CP","HISTORIC","21.33","BGS Boreholes","NonConfidential","","62.23","62.23","62.63","447460.00","195190.00","SR_01/04/2025","","","51.653507","-1.315354","","https://arup.sharepoint.com/:b:/r/teams/prj-30356800/Data%20and%20Documents%20Library/GE%20-%20Geotechnical/GI%20reports/19XX%20BGS/SU49NE131.pdf","","","","","","","","","","","","Imported from Motts Leapfrog model","","","","","","","","","","","","","","","","","","","","","","","","","","","","","","","","Yes","","","","",""
"SU49NE137","","BH","HISTORIC","21.33","BGS Boreholes","NonConfidential","","54.99","54.99","55.47","445670.00","195280.00","SR_01/04/2025","","","51.654464","-1.341214","","https://arup.sharepoint.com/:b:/r/teams/prj-30356800/Data%20and%20Documents%20Library/GE%20-%20Geotechnical/GI%20reports/19XX%20BGS/SU49NE137.pdf","","","","","","","","","","","","Imported from Motts Leapfrog model","","","","","","","","","","","","","","","","","","","","","","","","","","","","","","","","Yes","","","","",""
"SU49NE14","","BH","HISTORIC","3.60","BGS Boreholes","NonConfidential","","55.14","55.14","55.50","445520.00","195710.00","MR_01/04/2025","","","51.658342","-1.343326","","https://arup.sharepoint.com/:b:/r/teams/prj-30356800/Data%20and%20Documents%20Library/GE%20-%20Geotechnical/GI%20reports/19XX%20BGS/SU49NE14.pdf","","","","","","","","","","","","Imported from Motts Leapfrog model","","","","","","","","","","","","","","","","","","","","","","","","","","","","","","","","Yes","","","","",""
"SU49NE15","","BH","HISTORIC","4.50","BGS Boreholes","NonConfidential","","53.84","53.84","53.00","446410.00","196150.00","WC_01/04/2025","","","51.662226","-1.330403","","https://arup.sharepoint.com/:b:/r/teams/prj-30356800/Data%20and%20Documents%20Library/GE%20-%20Geotechnical/GI%20reports/19XX%20BGS/SU49NE15.pdf","","","","","","","","","","","","Imported from Motts Leapfrog model","","","","","","","","","","","","","","","","","","","","","","","","","","","","","","","","Yes","","","","",""
"SU49NE152","","BH","HISTORIC","21.34","BGS Boreholes","NonConfidential","","55.17","55.17","55.47","445700.00","195300.00","SR_01/04/2025","","","51.654642","-1.340778","","https://arup.sharepoint.com/:b:/r/teams/prj-30356800/Data%20and%20Documents%20Library/GE%20-%20Geotechnical/GI%20reports/19XX%20BGS/SU49NE152.pdf","","","","","","","","","","","","Imported from Motts Leapfrog model","","","","","","","","","","","","","","","","","","","","","","","","","","","","","","","","Yes","","","","",""
"SU49NE154","","CP","HISTORIC","29.00","BGS Boreholes","NonConfidential","","54.89","54.89","54.57","445570.00","195440.00","WC_01/04/2025","","","51.655911","-1.342638","","https://arup.sharepoint.com/:b:/r/teams/prj-30356800/Data%20and%20Documents%20Library/GE%20-%20Geotechnical/GI%20reports/19XX%20BGS/SU49NE154.pdf","","","","","","","","","","","","Imported from Motts Leapfrog model","","","","","","","","","","","","","","","","","","","","","","","","","","","","","","","","Yes","","","","",""
"SU49NE155","","BH","HISTORIC","14.00","BGS Boreholes","NonConfidential","","55.11","55.11","54.80","445560.00","195400.00","WC_01/04/2025","","","51.655552","-1.342788","","https://arup.sharepoint.com/:b:/r/teams/prj-30356800/Data%20and%20Documents%20Library/GE%20-%20Geotechnical/GI%20reports/19XX%20BGS/SU49NE155.pdf","","","","","","","","","","","","Imported from Motts Leapfrog model","","","","","","","","","","","","","","","","","","","","","","","","","","","","","","","","Yes","","","","",""
"SU49NE159","","BH","HISTORIC","1.00","BGS Boreholes","NonConfidential","","64.61","64.61","","447640.00","195670.00","","","","51.657808","-1.312687","","https://arup.sharepoint.com/:b:/r/teams/prj-30356800/Data%20and%20Documents%20Library/GE%20-%20Geotechnical/GI%20reports/19XX%20BGS/SU49NE159.pdf","","","","","Full","","","","","","","Imported from within site extent","SUTTON WICKFIELD D","","","","","","","","","","","","","","","","","","","","","","","","","","","","","","","Yes","","","","",""
"SU49NE16","","BH","HISTORIC","5.00","BGS Boreholes","NonConfidential","","54.06","54.06","54.00","447140.00","196710.00","","","","51.667200","-1.319775","","https://arup.sharepoint.com/:b:/r/teams/prj-30356800/Data%20and%20Documents%20Library/GE%20-%20Geotechnical/GI%20reports/19XX%20BGS/SU49NE16.pdf","","","","","Full","","","","","","","Imported from within site extent","ABINGDON COMMON ABINGDON","","","","","","","","","","","","","","","","","","","","","","","","","","","","","","","Yes","","","","",""
"SU49NE160","","BH","HISTORIC","2.20","BGS Boreholes","NonConfidential","","57.13","57.13","57.60","448450.00","195520.00","WC_01/04/2025","","","51.656390","-1.300999","","https://arup.sharepoint.com/:b:/r/teams/prj-30356800/Data%20and%20Documents%20Library/GE%20-%20Geotechnical/GI%20reports/19XX%20BGS/SU49NE160.pdf","","","","","","","","","","","","Imported from Motts Leapfrog model","","","","","","","","","","","","","","","","","","","","","","","","","","","","","","","","Yes","","","","",""
"SU49NE181","","BH","HISTORIC","4.57","BGS Boreholes","NonConfidential","","54.41","54.41","","447110.00","196880.00","","","","51.668731","-1.320186","","https://arup.sharepoint.com/:b:/r/teams/prj-30356800/Data%20and%20Documents%20Library/GE%20-%20Geotechnical/GI%20reports/19XX%20BGS/SU49NE181.pdf","","","","","Full","","","","","","","Imported from within site extent","A34 ABINGDON BYPASS BOROUGH LAND MARCHAM ROAD","","","","","","","","","","","","","","","","","","","","","","","","","","","","","","","Yes","","","","",""
"SU49NE182","","BH","HISTORIC","4.57","BGS Boreholes","NonConfidential","","54.24","54.24","","447230.00","196900.00","","","","51.668901","-1.318448","","https://arup.sharepoint.com/:b:/r/teams/prj-30356800/Data%20and%20Documents%20Library/GE%20-%20Geotechnical/GI%20reports/19XX%20BGS/SU49NE182.pdf","","","","","Full","","","","","","","Imported from within site extent","A34 ABINGDON BYPASS BOROUGH LAND MARCHAM ROAD","","","","","","","","","","","","","","","","","","","","","","","","","","","","","","","Yes","","","","",""
"SU49NE183","","BH","HISTORIC","3.04","BGS Boreholes","NonConfidential","","53.60","53.60","","447160.00","196600.00","","","","51.666209","-1.319500","","https://arup.sharepoint.com/:b:/r/teams/prj-30356800/Data%20and%20Documents%20Library/GE%20-%20Geotechnical/GI%20reports/19XX%20BGS/SU49NE183.pdf","","","","","Full","","","","","","","Imported from within site extent","A34 ABINGDON BYPASS BOROUGH LAND MARCHAM ROAD","","","","","","","","","","","","","","","","","","","","","","","","","","","","","","","Yes","","","","",""
"SU49NE184","","BH","HISTORIC","2.13","BGS Boreholes","NonConfidential","","53.40","53.40","","447280.00","196610.00","","","","51.666289","-1.317764","","https://arup.sharepoint.com/:b:/r/teams/prj-30356800/Data%20and%20Documents%20Library/GE%20-%20Geotechnical/GI%20reports/19XX%20BGS/SU49NE184.pdf","","","","","Full","","","","","","","Imported from within site extent","A34 ABINGDON BYPASS BOROUGH LAND MARCHAM ROAD","","","","","","","","","","","","","","","","","","","","","","","","","","","","","","","Yes","","","","",""
"SU49NE185","","BH","HISTORIC","2.74","BGS Boreholes","NonConfidential","","53.22","53.22","","447400.00","196620.00","","","","51.666369","-1.316028","","https://arup.sharepoint.com/:b:/r/teams/prj-30356800/Data%20and%20Documents%20Library/GE%20-%20Geotechnical/GI%20reports/19XX%20BGS/SU49NE185.pdf","","","","","Full","","","","","","","Imported from within site extent","A34 ABINGDON BYPASS BOROUGH LAND MARCHAM ROAD","","","","","","","","","","","","","","","","","","","","","","","","","","","","","","","Yes","","","","",""
"SU49NE186","","BH","HISTORIC","2.74","BGS Boreholes","NonConfidential","","53.21","53.21","","447520.00","196630.00","","","","51.666449","-1.314292","","https://arup.sharepoint.com/:b:/r/teams/prj-30356800/Data%20and%20Documents%20Library/GE%20-%20Geotechnical/GI%20reports/19XX%20BGS/SU49NE186.pdf","","","","","Full","","","","","","","Imported from within site extent","A34 ABINGDON BYPASS BOROUGH LAND MARCHAM ROAD","","","","","","","","","","","","","","","","","","","","","","","","","","","","","","","Yes","","","","",""
"SU49NE187","","BH","HISTORIC","3.04","BGS Boreholes","NonConfidential","","55.38","55.38","","447640.00","196630.00","","","","51.666439","-1.312557","","https://arup.sharepoint.com/:b:/r/teams/prj-30356800/Data%20and%20Documents%20Library/GE%20-%20Geotechnical/GI%20reports/19XX%20BGS/SU49NE187.pdf","","","","","Full","","","","","","","Imported from within site extent","A34 ABINGDON BYPASS BOROUGH LAND MARCHAM ROAD","","","","","","","","","","","","","","","","","","","","","","","","","","","","","","","Yes","","","","",""
"SU49NE188","","BH","HISTORIC","3.04","BGS Boreholes","NonConfidential","","53.85","53.85","","447770.00","196640.00","","","","51.666518","-1.310676","","https://arup.sharepoint.com/:b:/r/teams/prj-30356800/Data%20and%20Documents%20Library/GE%20-%20Geotechnical/GI%20reports/19XX%20BGS/SU49NE188.pdf","","","","","Full","","","","","","","Imported from within site extent","A34 ABINGDON BYPASS BOROUGH LAND MARCHAM ROAD","","","","","","","","","","","","","","","","","","","","","","","","","","","","","","","Yes","","","","",""
"SU49NE189","","BH","HISTORIC","2.74","BGS Boreholes","NonConfidential","","52.98","52.98","","447790.00","196540.00","","","","51.665617","-1.310400","","https://arup.sharepoint.com/:b:/r/teams/prj-30356800/Data%20and%20Documents%20Library/GE%20-%20Geotechnical/GI%20reports/19XX%20BGS/SU49NE189.pdf","","","","","Full","","","","","","","Imported from within site extent","A34 ABINGDON BYPASS BOROUGH LAND MARCHAM ROAD","","","","","","","","","","","","","","","","","","","","","","","","","","","","","","","Yes","","","","",""
"SU49NE190","","BH","HISTORIC","3.04","BGS Boreholes","NonConfidential","","54.11","54.11","","447670.00","196520.00","","","","51.665447","-1.312138","","https://arup.sharepoint.com/:b:/r/teams/prj-30356800/Data%20and%20Documents%20Library/GE%20-%20Geotechnical/GI%20reports/19XX%20BGS/SU49NE190.pdf","","","","","Full","","","","","","","Imported from within site extent","A34 ABINGDON BYPASS BOROUGH LAND MARCHAM ROAD","","","","","","","","","","","","","","","","","","","","","","","","","","","","","","","Yes","","","","",""
"SU49NE191","","BH","HISTORIC","2.74","BGS Boreholes","NonConfidential","","53.04","53.04","","447550.00","196510.00","","","","51.665368","-1.313874","","https://arup.sharepoint.com/:b:/r/teams/prj-30356800/Data%20and%20Documents%20Library/GE%20-%20Geotechnical/GI%20reports/19XX%20BGS/SU49NE191.pdf","","","","","Full","","","","","","","Imported from within site extent","A34 ABINGDON BYPASS BOROUGH LAND MARCHAM ROAD","","","","","","","","","","","","","","","","","","","","","","","","","","","","","","","Yes","","","","",""
"SU49NE192","","BH","HISTORIC","2.43","BGS Boreholes","NonConfidential","","53.07","53.07","","447430.00","196500.00","","","","51.665288","-1.315610","","https://arup.sharepoint.com/:b:/r/teams/prj-30356800/Data%20and%20Documents%20Library/GE%20-%20Geotechnical/GI%20reports/19XX%20BGS/SU49NE192.pdf","","","","","Full","","","","","","","Imported from within site extent","A34 ABINGDON BYPASS BOROUGH LAND MARCHAM ROAD","","","","","","","","","","","","","","","","","","","","","","","","","","","","","","","Yes","","","","",""
"SU49NE193","","BH","HISTORIC","3.04","BGS Boreholes","NonConfidential","","53.18","53.18","","447310.00","196490.00","","","","51.665208","-1.317347","","https://arup.sharepoint.com/:b:/r/teams/prj-30356800/Data%20and%20Documents%20Library/GE%20-%20Geotechnical/GI%20reports/19XX%20BGS/SU49NE193.pdf","","","","","Full","","","","","","","Imported from within site extent","A34 ABINGDON BYPASS BOROUGH LAND MARCHAM ROAD","","","","","","","","","","","","","","","","","","","","","","","","","","","","","","","Yes","","","","",""
"SU49NE194","","BH","HISTORIC","2.74","BGS Boreholes","NonConfidential","","53.25","53.25","","447190.00","196480.00","","","","51.665128","-1.319083","","https://arup.sharepoint.com/:b:/r/teams/prj-30356800/Data%20and%20Documents%20Library/GE%20-%20Geotechnical/GI%20reports/19XX%20BGS/SU49NE194.pdf","","","","","Full","","","","","","","Imported from within site extent","A34 ABINGDON BYPASS BOROUGH LAND MARCHAM ROAD","","","","","","","","","","","","","","","","","","","","","","","","","","","","","","","Yes","","","","",""
"SU49NE195","","BH","HISTORIC","2.43","BGS Boreholes","NonConfidential","","53.40","53.40","","447160.00","196350.00","","","","51.663962","-1.319534","","https://arup.sharepoint.com/:b:/r/teams/prj-30356800/Data%20and%20Documents%20Library/GE%20-%20Geotechnical/GI%20reports/19XX%20BGS/SU49NE195.pdf","","","","","Full","","","","","","","Imported from within site extent","A34 ABINGDON BYPASS BOROUGH LAND MARCHAM ROAD","","","","","","","","","","","","","","","","","","","","","","","","","","","","","","","Yes","","","","",""
"SU49NE196","","BH","HISTORIC","2.90","BGS Boreholes","NonConfidential","","53.15","53.15","","447290.00","196370.00","","","","51.664131","-1.317652","","https://arup.sharepoint.com/:b:/r/teams/prj-30356800/Data%20and%20Documents%20Library/GE%20-%20Geotechnical/GI%20reports/19XX%20BGS/SU49NE196.pdf","","","","","Full","","","","","","","Imported from within site extent","A34 ABINGDON BYPASS BOROUGH LAND MARCHAM ROAD","","","","","","","","","","","","","","","","","","","","","","","","","","","","","","","Yes","","","","",""
"SU49NE197","","BH","HISTORIC","2.74","BGS Boreholes","NonConfidential","","53.15","53.15","","447410.00","196400.00","","","","51.664390","-1.315913","","https://arup.sharepoint.com/:b:/r/teams/prj-30356800/Data%20and%20Documents%20Library/GE%20-%20Geotechnical/GI%20reports/19XX%20BGS/SU49NE197.pdf","","","","","Full","","","","","","","Imported from within site extent","A34 ABINGDON BYPASS BOROUGH LAND MARCHAM ROAD","","","","","","","","","","","","","","","","","","","","","","","","","","","","","","","Yes","","","","",""
"SU49NE198","","BH","HISTORIC","2.74","BGS Boreholes","NonConfidential","","53.39","53.39","","447550.00","196420.00","","","","51.664558","-1.313886","","https://arup.sharepoint.com/:b:/r/teams/prj-30356800/Data%20and%20Documents%20Library/GE%20-%20Geotechnical/GI%20reports/19XX%20BGS/SU49NE198.pdf","","","","","Full","","","","","","","Imported from within site extent","A34 ABINGDON BYPASS BOROUGH LAND MARCHAM ROAD","","","","","","","","","","","","","","","","","","","","","","","","","","","","","","","Yes","","","","",""
"SU49NE199","","BH","HISTORIC","2.13","BGS Boreholes","NonConfidential","","53.00","53.00","","447660.00","196440.00","","","","51.664729","-1.312293","","https://arup.sharepoint.com/:b:/r/teams/prj-30356800/Data%20and%20Documents%20Library/GE%20-%20Geotechnical/GI%20reports/19XX%20BGS/SU49NE199.pdf","","","","","Full","","","","","","","Imported from within site extent","A34 ABINGDON BYPASS BOROUGH LAND MARCHAM ROAD","","","","","","","","","","","","","","","","","","","","","","","","","","","","","","","Yes","","","","",""
"SU49NE2","","BH","HISTORIC","9.00","BGS Boreholes","NonConfidential","","56.55","56.55","","445670.00","196480.00","","","","51.665253","-1.341058","","https://arup.sharepoint.com/:b:/r/teams/prj-30356800/Data%20and%20Documents%20Library/GE%20-%20Geotechnical/GI%20reports/19XX%20BGS/SU49NE2.pdf","","","","","Full","","","","","","","Imported from within site extent","MARCHAM","","","","","","","","","","","","","","","","","","","","","","","","","","","","","","","Yes","","","","",""
"SU49NE200","","BH","HISTORIC","2.13","BGS Boreholes","NonConfidential","","52.65","52.65","","447790.00","196450.00","","","","51.664808","-1.310412","","https://arup.sharepoint.com/:b:/r/teams/prj-30356800/Data%20and%20Documents%20Library/GE%20-%20Geotechnical/GI%20reports/19XX%20BGS/SU49NE200.pdf","","","","","Full","","","","","","","Imported from within site extent","A34 ABINGDON BYPASS BOROUGH LAND MARCHAM ROAD","","","","","","","","","","","","","","","","","","","","","","","","","","","","","","","Yes","","","","",""
"SU49NE204","","BH","HISTORIC","2.40","BGS Boreholes","NonConfidential","","53.60","53.60","","447650.00","196310.00","","","","51.663561","-1.312455","","https://arup.sharepoint.com/:b:/r/teams/prj-30356800/Data%20and%20Documents%20Library/GE%20-%20Geotechnical/GI%20reports/19XX%20BGS/SU49NE204.pdf","","","","","Full","","","","","","","Imported from within site extent","A34 ABINGDON BYPASS BOROUGH LAND MARCHAM ROAD","","","","","","","","","","","","","","","","","","","","","","","","","","","","","","","Yes","","","","",""
"SU49NE205","","BH","HISTORIC","2.43","BGS Boreholes","NonConfidential","","52.84","52.84","","447530.00","196290.00","","","","51.663391","-1.314193","","https://arup.sharepoint.com/:b:/r/teams/prj-30356800/Data%20and%20Documents%20Library/GE%20-%20Geotechnical/GI%20reports/19XX%20BGS/SU49NE205.pdf","","","","","Full","","","","","","","Imported from within site extent","A34 ABINGDON BYPASS BOROUGH LAND MARCHAM ROAD","","","","","","","","","","","","","","","","","","","","","","","","","","","","","","","Yes","","","","",""
"SU49NE206","","BH","HISTORIC","2.43","BGS Boreholes","NonConfidential","","52.94","52.94","","447400.00","196270.00","","","","51.663222","-1.316075","","https://arup.sharepoint.com/:b:/r/teams/prj-30356800/Data%20and%20Documents%20Library/GE%20-%20Geotechnical/GI%20reports/19XX%20BGS/SU49NE206.pdf","","","","","Full","","","","","","","Imported from within site extent","A34 ABINGDON BYPASS BOROUGH LAND MARCHAM ROAD","","","","","","","","","","","","","","","","","","","","","","","","","","","","","","","Yes","","","","",""
"SU49NE207","","BH","HISTORIC","2.43","BGS Boreholes","NonConfidential","","52.80","52.80","","447280.00","196240.00","","","","51.662963","-1.317814","","https://arup.sharepoint.com/:b:/r/teams/prj-30356800/Data%20and%20Documents%20Library/GE%20-%20Geotechnical/GI%20reports/19XX%20BGS/SU49NE207.pdf","","","","","Full","","","","","","","Imported from within site extent","A34 ABINGDON BYPASS BOROUGH LAND MARCHAM ROAD","","","","","","","","","","","","","","","","","","","","","","","","","","","","","","","Yes","","","","",""
"SU49NE208","","BH","HISTORIC","2.13","BGS Boreholes","NonConfidential","","52.92","52.92","","447150.00","196220.00","","","","51.662794","-1.319696","","https://arup.sharepoint.com/:b:/r/teams/prj-30356800/Data%20and%20Documents%20Library/GE%20-%20Geotechnical/GI%20reports/19XX%20BGS/SU49NE208.pdf","","","","","Full","","","","","","","Imported from within site extent","A34 ABINGDON BYPASS BOROUGH LAND MARCHAM ROAD","","","","","","","","","","","","","","","","","","","","","","","","","","","","","","","Yes","","","","",""
"SU49NE209","","BH","HISTORIC","1.82","BGS Boreholes","NonConfidential","","53.13","53.13","","447030.00","196200.00","","","","51.662624","-1.321433","","https://arup.sharepoint.com/:b:/r/teams/prj-30356800/Data%20and%20Documents%20Library/GE%20-%20Geotechnical/GI%20reports/19XX%20BGS/SU49NE209.pdf","","","","","Full","","","","","","","Imported from within site extent","A34 ABINGDON BYPASS BOROUGH LAND MARCHAM ROAD","","","","","","","","","","","","","","","","","","","","","","","","","","","","","","","Yes","","","","",""
"SU49NE210","","BH","HISTORIC","2.43","BGS Boreholes","NonConfidential","","53.39","53.39","","446890.00","196180.00","","","","51.662456","-1.323460","","https://arup.sharepoint.com/:b:/r/teams/prj-30356800/Data%20and%20Documents%20Library/GE%20-%20Geotechnical/GI%20reports/19XX%20BGS/SU49NE210.pdf","","","","","Full","","","","","","","Imported from within site extent","A34 ABINGDON BYPASS BOROUGH LAND MARCHAM ROAD","","","","","","","","","","","","","","","","","","","","","","","","","","","","","","","Yes","","","","",""
"SU49NE211","","BH","HISTORIC","2.43","BGS Boreholes","NonConfidential","","53.65","53.65","","446800.00","196160.00","","","","51.662284","-1.324764","","https://arup.sharepoint.com/:b:/r/teams/prj-30356800/Data%20and%20Documents%20Library/GE%20-%20Geotechnical/GI%20reports/19XX%20BGS/SU49NE211.pdf","","","","","Full","","","","","","","Imported from within site extent","A34 ABINGDON BYPASS BOROUGH LAND MARCHAM ROAD","","","","","","","","","","","","","","","","","","","","","","","","","","","","","","","Yes","","","","",""
"SU49NE212","","BH","HISTORIC","2.43","BGS Boreholes","NonConfidential","","53.37","53.37","","446840.00","196040.00","","","","51.661201","-1.324201","","https://arup.sharepoint.com/:b:/r/teams/prj-30356800/Data%20and%20Documents%20Library/GE%20-%20Geotechnical/GI%20reports/19XX%20BGS/SU49NE212.pdf","","","","","Full","","","","","","","Imported from within site extent","A34 ABINGDON BYPASS BOROUGH LAND MARCHAM ROAD","","","","","","","","","","","","","","","","","","","","","","","","","","","","","","","Yes","","","","",""
"SU49NE213","","BH","HISTORIC","2.13","BGS Boreholes","NonConfidential","","53.44","53.44","","446930.00","196070.00","","","","51.661464","-1.322896","","https://arup.sharepoint.com/:b:/r/teams/prj-30356800/Data%20and%20Documents%20Library/GE%20-%20Geotechnical/GI%20reports/19XX%20BGS/SU49NE213.pdf","","","","","Full","","","","","","","Imported from within site extent","A34 ABINGDON BYPASS BOROUGH LAND MARCHAM ROAD","","","","","","","","","","","","","","","","","","","","","","","","","","","","","","","Yes","","","","",""
"SU49NE214","","BH","HISTORIC","2.13","BGS Boreholes","NonConfidential","","53.32","53.32","","447050.00","196090.00","","","","51.661633","-1.321159","","https://arup.sharepoint.com/:b:/r/teams/prj-30356800/Data%20and%20Documents%20Library/GE%20-%20Geotechnical/GI%20reports/19XX%20BGS/SU49NE214.pdf","","","","","Full","","","","","","","Imported from within site extent","A34 ABINGDON BYPASS BOROUGH LAND MARCHAM ROAD","","","","","","","","","","","","","","","","","","","","","","","","","","","","","","","Yes","","","","",""
"SU49NE215","","BH","HISTORIC","2.74","BGS Boreholes","NonConfidential","","53.09","53.09","","447180.00","196120.00","","","","51.661892","-1.319276","","https://arup.sharepoint.com/:b:/r/teams/prj-30356800/Data%20and%20Documents%20Library/GE%20-%20Geotechnical/GI%20reports/19XX%20BGS/SU49NE215.pdf","","","","","Full","","","","","","","Imported from within site extent","A34 ABINGDON BYPASS BOROUGH LAND MARCHAM ROAD","","","","","","","","","","","","","","","","","","","","","","","","","","","","","","","Yes","","","","",""
"SU49NE216","","BH","HISTORIC","2.13","BGS Boreholes","NonConfidential","","52.59","52.59","","447300.00","196150.00","","","","51.662152","-1.317537","","https://arup.sharepoint.com/:b:/r/teams/prj-30356800/Data%20and%20Documents%20Library/GE%20-%20Geotechnical/GI%20reports/19XX%20BGS/SU49NE216.pdf","","","","","Full","","","","","","","Imported from within site extent","A34 ABINGDON BYPASS BOROUGH LAND MARCHAM ROAD","","","","","","","","","","","","","","","","","","","","","","","","","","","","","","","Yes","","","","",""
"SU49NE217","","BH","HISTORIC","2.43","BGS Boreholes","NonConfidential","","52.65","52.65","","447420.00","196170.00","","","","51.662322","-1.315799","","https://arup.sharepoint.com/:b:/r/teams/prj-30356800/Data%20and%20Documents%20Library/GE%20-%20Geotechnical/GI%20reports/19XX%20BGS/SU49NE217.pdf","","","","","Full","","","","","","","Imported from within site extent","A34 ABINGDON BYPASS BOROUGH LAND MARCHAM ROAD","","","","","","","","","","","","","","","","","","","","","","","","","","","","","","","Yes","","","","",""
"SU49NE218","","BH","HISTORIC","3.04","BGS Boreholes","NonConfidential","","53.30","53.30","","447190.00","195990.00","","","","51.660723","-1.319149","","https://arup.sharepoint.com/:b:/r/teams/prj-30356800/Data%20and%20Documents%20Library/GE%20-%20Geotechnical/GI%20reports/19XX%20BGS/SU49NE218.pdf","","","","","Full","","","","","","","Imported from within site extent","A34 ABINGDON BYPASS BOROUGH LAND MARCHAM ROAD","","","","","","","","","","","","","","","","","","","","","","","","","","","","","","","Yes","","","","",""
"SU49NE219","","BH","HISTORIC","2.13","BGS Boreholes","NonConfidential","","53.58","53.58","","447060.00","195970.00","","","","51.660554","-1.321031","","https://arup.sharepoint.com/:b:/r/teams/prj-30356800/Data%20and%20Documents%20Library/GE%20-%20Geotechnical/GI%20reports/19XX%20BGS/SU49NE219.pdf","","","","","Full","","","","","","","Imported from within site extent","A34 ABINGDON BYPASS BOROUGH LAND MARCHAM ROAD","","","","","","","","","","","","","","","","","","","","","","","","","","","","","","","Yes","","","","",""
"SU49NE220","","BH","HISTORIC","2.74","BGS Boreholes","NonConfidential","","53.26","53.26","","447020.00","196360.00","","","","51.664063","-1.321557","","https://arup.sharepoint.com/:b:/r/teams/prj-30356800/Data%20and%20Documents%20Library/GE%20-%20Geotechnical/GI%20reports/19XX%20BGS/SU49NE220.pdf","","","","","Full","","","","","","","Imported from within site extent","A34 ABINGDON BYPASS BOROUGH LAND MARCHAM ROAD","","","","","","","","","","","","","","","","","","","","","","","","","","","","","","","Yes","","","","",""
"SU49NE221","","BH","HISTORIC","2.13","BGS Boreholes","NonConfidential","","53.42","53.42","","446900.00","196340.00","","","","51.663894","-1.323294","","https://arup.sharepoint.com/:b:/r/teams/prj-30356800/Data%20and%20Documents%20Library/GE%20-%20Geotechnical/GI%20reports/19XX%20BGS/SU49NE221.pdf","","","","","Full","","","","","","","Imported from within site extent","A34 ABINGDON BYPASS BOROUGH LAND MARCHAM ROAD","","","","","","","","","","","","","","","","","","","","","","","","","","","","","","","Yes","","","","",""
"SU49NE222","","BH","HISTORIC","2.74","BGS Boreholes","NonConfidential","","53.50","53.50","","446800.00","196320.00","","","","51.663722","-1.324742","","https://arup.sharepoint.com/:b:/r/teams/prj-30356800/Data%20and%20Documents%20Library/GE%20-%20Geotechnical/GI%20reports/19XX%20BGS/SU49NE222.pdf","","","","","Full","","","","","","","Imported from within site extent","A34 ABINGDON BYPASS BOROUGH LAND MARCHAM ROAD","","","","","","","","","","","","","","","","","","","","","","","","","","","","","","","Yes","","","","",""
"SU49NE223","","BH","HISTORIC","1.82","BGS Boreholes","NonConfidential","","53.63","53.63","","446820.00","196430.00","","","","51.664709","-1.324439","","https://arup.sharepoint.com/:b:/r/teams/prj-30356800/Data%20and%20Documents%20Library/GE%20-%20Geotechnical/GI%20reports/19XX%20BGS/SU49NE223.pdf","","","","","Full","","","","","","","Imported from within site extent","A34 ABINGDON BYPASS BOROUGH LAND MARCHAM ROAD","","","","","","","","","","","","","","","","","","","","","","","","","","","","","","","Yes","","","","",""
"SU49NE224","","BH","HISTORIC","2.43","BGS Boreholes","NonConfidential","","53.52","53.52","","446950.00","196440.00","","","","51.664788","-1.322558","","https://arup.sharepoint.com/:b:/r/teams/prj-30356800/Data%20and%20Documents%20Library/GE%20-%20Geotechnical/GI%20reports/19XX%20BGS/SU49NE224.pdf","","","","","Full","","","","","","","Imported from within site extent","A34 ABINGDON BYPASS BOROUGH LAND MARCHAM ROAD","","","","","","","","","","","","","","","","","","","","","","","","","","","","","","","Yes","","","","",""
"SU49NE225","","BH","HISTORIC","2.43","BGS Boreholes","NonConfidential","","53.40","53.40","","447070.00","196480.00","","","","51.665138","-1.320818","","https://arup.sharepoint.com/:b:/r/teams/prj-30356800/Data%20and%20Documents%20Library/GE%20-%20Geotechnical/GI%20reports/19XX%20BGS/SU49NE225.pdf","","","","","Full","","","","","","","Imported from within site extent","A34 ABINGDON BYPASS BOROUGH LAND MARCHAM ROAD","","","","","","","","","","","","","","","","","","","","","","","","","","","","","","","Yes","","","","",""
"SU49NE226","","BH","HISTORIC","2.74","BGS Boreholes","NonConfidential","","53.79","53.79","","447050.00","196590.00","","","","51.666129","-1.321092","","https://arup.sharepoint.com/:b:/r/teams/prj-30356800/Data%20and%20Documents%20Library/GE%20-%20Geotechnical/GI%20reports/19XX%20BGS/SU49NE226.pdf","","","","","Full","","","","","","","Imported from within site extent","A34 ABINGDON BYPASS BOROUGH LAND MARCHAM ROAD","","","","","","","","","","","","","","","","","","","","","","","","","","","","","","","Yes","","","","",""
"SU49NE227","","BH","HISTORIC","2.74","BGS Boreholes","NonConfidential","","53.84","53.84","","446930.00","196570.00","","","","51.665959","-1.322830","","https://arup.sharepoint.com/:b:/r/teams/prj-30356800/Data%20and%20Documents%20Library/GE%20-%20Geotechnical/GI%20reports/19XX%20BGS/SU49NE227.pdf","","","","","Full","","","","","","","Imported from within site extent","A34 ABINGDON BYPASS BOROUGH LAND MARCHAM ROAD","","","","","","","","","","","","","","","","","","","","","","","","","","","","","","","Yes","","","","",""
"SU49NE228","","BH","HISTORIC","0.91","BGS Boreholes","NonConfidential","","53.92","53.92","","446800.00","196550.00","","","","51.665790","-1.324712","","https://arup.sharepoint.com/:b:/r/teams/prj-30356800/Data%20and%20Documents%20Library/GE%20-%20Geotechnical/GI%20reports/19XX%20BGS/SU49NE228.pdf","","","","","Full","","","","","","","Imported from within site extent","A34 ABINGDON BYPASS BOROUGH LAND MARCHAM ROAD","","","","","","","","","","","","","","","","","","","","","","","","","","","","","","","Yes","","","","",""
"SU49NE229","","BH","HISTORIC","2.13","BGS Boreholes","NonConfidential","","54.08","54.08","","447040.00","196640.00","","","","51.666579","-1.321230","","https://arup.sharepoint.com/:b:/r/teams/prj-30356800/Data%20and%20Documents%20Library/GE%20-%20Geotechnical/GI%20reports/19XX%20BGS/SU49NE229.pdf","","","","","Full","","","","","","","Imported from within site extent","A34 ABINGDON BYPASS BOROUGH LAND MARCHAM ROAD","","","","","","","","","","","","","","","","","","","","","","","","","","","","","","","Yes","","","","",""
"SU49NE230","","BH","HISTORIC","1.52","BGS Boreholes","NonConfidential","","54.07","54.07","","446920.00","196620.00","","","","51.666409","-1.322967","","https://arup.sharepoint.com/:b:/r/teams/prj-30356800/Data%20and%20Documents%20Library/GE%20-%20Geotechnical/GI%20reports/19XX%20BGS/SU49NE230.pdf","","","","","Full","","","","","","","Imported from within site extent","A34 ABINGDON BYPASS BOROUGH LAND MARCHAM ROAD","","","","","","","","","","","","","","","","","","","","","","","","","","","","","","","Yes","","","","",""
"SU49NE231","","BH","HISTORIC","3.04","BGS Boreholes","NonConfidential","","54.12","54.12","","446800.00","196610.00","","","","51.666329","-1.324704","","https://arup.sharepoint.com/:b:/r/teams/prj-30356800/Data%20and%20Documents%20Library/GE%20-%20Geotechnical/GI%20reports/19XX%20BGS/SU49NE231.pdf","","","","","Full","","","","","","","Imported from within site extent","A34 ABINGDON BYPASS BOROUGH LAND MARCHAM ROAD","","","","","","","","","","","","","","","","","","","","","","","","","","","","","","","Yes","","","","",""
"SU49NE232","","BH","HISTORIC","2.13","BGS Boreholes","NonConfidential","","54.08","54.08","","447140.00","196720.00","","","","51.667290","-1.319773","","https://arup.sharepoint.com/:b:/r/teams/prj-30356800/Data%20and%20Documents%20Library/GE%20-%20Geotechnical/GI%20reports/19XX%20BGS/SU49NE232.pdf","","","","","Full","","","","","","","Imported from within site extent","A34 ABINGDON BYPASS BOROUGH LAND MARCHAM ROAD","","","","","","","","","","","","","","","","","","","","","","","","","","","","","","","Yes","","","","",""
"SU49NE233","","BH","HISTORIC","2.13","BGS Boreholes","NonConfidential","","53.67","53.67","","447260.00","196730.00","","","","51.667370","-1.318037","","https://arup.sharepoint.com/:b:/r/teams/prj-30356800/Data%20and%20Documents%20Library/GE%20-%20Geotechnical/GI%20reports/19XX%20BGS/SU49NE233.pdf","","","","","Full","","","","","","","Imported from within site extent","A34 ABINGDON BYPASS BOROUGH LAND MARCHAM ROAD","","","","","","","","","","","","","","","","","","","","","","","","","","","","","","","Yes","","","","",""
"SU49NE234","","BH","HISTORIC","2.43","BGS Boreholes","NonConfidential","","53.45","53.45","","447380.00","196750.00","","","","51.667540","-1.316299","","https://arup.sharepoint.com/:b:/r/teams/prj-30356800/Data%20and%20Documents%20Library/GE%20-%20Geotechnical/GI%20reports/19XX%20BGS/SU49NE234.pdf","","","","","Full","","","","","","","Imported from within site extent","A34 ABINGDON BYPASS BOROUGH LAND MARCHAM ROAD","","","","","","","","","","","","","","","","","","","","","","","","","","","","","","","Yes","","","","",""
"SU49NE235","","BH","HISTORIC","2.43","BGS Boreholes","NonConfidential","","53.31","53.31","","447500.00","196760.00","","","","51.667619","-1.314563","","https://arup.sharepoint.com/:b:/r/teams/prj-30356800/Data%20and%20Documents%20Library/GE%20-%20Geotechnical/GI%20reports/19XX%20BGS/SU49NE235.pdf","","","","","Full","","","","","","","Imported from within site extent","A34 ABINGDON BYPASS BOROUGH LAND MARCHAM ROAD","","","","","","","","","","","","","","","","","","","","","","","","","","","","","","","Yes","","","","",""
"SU49NE236","","BH","HISTORIC","2.74","BGS Boreholes","NonConfidential","","53.36","53.36","","447620.00","196770.00","","","","51.667699","-1.312827","","https://arup.sharepoint.com/:b:/r/teams/prj-30356800/Data%20and%20Documents%20Library/GE%20-%20Geotechnical/GI%20reports/19XX%20BGS/SU49NE236.pdf","","","","","Full","","","","","","","Imported from within site extent","A34 ABINGDON BYPASS BOROUGH LAND MARCHAM ROAD","","","","","","","","","","","","","","","","","","","","","","","","","","","","","","","Yes","","","","",""
"SU49NE237","","BH","HISTORIC","2.43","BGS Boreholes","NonConfidential","","56.41","56.41","","447740.00","196780.00","","","","51.667779","-1.311090","","https://arup.sharepoint.com/:b:/r/teams/prj-30356800/Data%20and%20Documents%20Library/GE%20-%20Geotechnical/GI%20reports/19XX%20BGS/SU49NE237.pdf","","","","","Full","","","","","","","Imported from within site extent","A34 ABINGDON BYPASS BOROUGH LAND MARCHAM ROAD","","","","","","","","","","","","","","","","","","","","","","","","","","","","","","","Yes","","","","",""
"SU49NE238","","BH","HISTORIC","3.35","BGS Boreholes","NonConfidential","","53.36","53.36","","447600.00","196860.00","","","","51.668510","-1.313104","","https://arup.sharepoint.com/:b:/r/teams/prj-30356800/Data%20and%20Documents%20Library/GE%20-%20Geotechnical/GI%20reports/19XX%20BGS/SU49NE238.pdf","","","","","Full","","","","","","","Imported from within site extent","A34 ABINGDON BYPASS BOROUGH LAND MARCHAM ROAD","","","","","","","","","","","","","","","","","","","","","","","","","","","","","","","Yes","","","","",""
"SU49NE239","","BH","HISTORIC","1.52","BGS Boreholes","NonConfidential","","53.44","53.44","","447470.00","196860.00","","","","51.668521","-1.314983","","https://arup.sharepoint.com/:b:/r/teams/prj-30356800/Data%20and%20Documents%20Library/GE%20-%20Geotechnical/GI%20reports/19XX%20BGS/SU49NE239.pdf","","","","","Full","","","","","","","Imported from within site extent","A34 ABINGDON BYPASS BOROUGH LAND MARCHAM ROAD","","","","","","","","","","","","","","","","","","","","","","","","","","","","","","","Yes","","","","",""
"SU49NE240","","BH","HISTORIC","2.13","BGS Boreholes","NonConfidential","","53.69","53.69","","447350.00","196860.00","","","","51.668531","-1.316718","","https://arup.sharepoint.com/:b:/r/teams/prj-30356800/Data%20and%20Documents%20Library/GE%20-%20Geotechnical/GI%20reports/19XX%20BGS/SU49NE240.pdf","","","","","Full","","","","","","","Imported from within site extent","A34 ABINGDON BYPASS BOROUGH LAND MARCHAM ROAD","","","","","","","","","","","","","","","","","","","","","","","","","","","","","","","Yes","","","","",""
"SU49NE241","","BH","HISTORIC","3.04","BGS Boreholes","NonConfidential","","54.04","54.04","","447230.00","196850.00","","","","51.668451","-1.318455","","https://arup.sharepoint.com/:b:/r/teams/prj-30356800/Data%20and%20Documents%20Library/GE%20-%20Geotechnical/GI%20reports/19XX%20BGS/SU49NE241.pdf","","","","","Full","","","","","","","Imported from within site extent","A34 ABINGDON BYPASS BOROUGH LAND MARCHAM ROAD","","","","","","","","","","","","","","","","","","","","","","","","","","","","","","","Yes","","","","",""
"SU49NE242","","BH","HISTORIC","2.13","BGS Boreholes","NonConfidential","","54.28","54.28","","447110.00","196840.00","","","","51.668371","-1.320191","","https://arup.sharepoint.com/:b:/r/teams/prj-30356800/Data%20and%20Documents%20Library/GE%20-%20Geotechnical/GI%20reports/19XX%20BGS/SU49NE242.pdf","","","","","Full","","","","","","","Imported from within site extent","A34 ABINGDON BYPASS BOROUGH LAND MARCHAM ROAD","","","","","","","","","","","","","","","","","","","","","","","","","","","","","","","Yes","","","","",""
"SU49NE3","","BH","HISTORIC","9.00","BGS Boreholes","NonConfidential","","60.63","60.63","59.44","445290.00","196770.00","WC_01/04/2025","","","51.667891","-1.346514","","https://arup.sharepoint.com/:b:/r/teams/prj-30356800/Data%20and%20Documents%20Library/GE%20-%20Geotechnical/GI%20reports/19XX%20BGS/SU49NE3.pdf","","","","","","","","","","","","Imported from Motts Leapfrog model","","","","","","","","","","","","","","","","","","","","","","","","","","","","","","","","Yes","","","","",""
"SU49NE342","","BH","HISTORIC","-2.00","BGS Boreholes","NonConfidential","","58.15","58.15","","445910.00","196900.00","","","","51.669010","-1.337533","","https://arup.sharepoint.com/:b:/r/teams/prj-30356800/Data%20and%20Documents%20Library/GE%20-%20Geotechnical/GI%20reports/19XX%20BGS/SU49NE342.pdf","","","","","Full","","","","","","","Imported from within site extent","MORLAND & CO OCK STREET","","","","","","","","","","","","","","","","","","","","","","","","","","","","","","","Yes","","","","",""
"SU49NE369","","BH","HISTORIC","1.50","BGS Boreholes","Confidential","","57.04","57.04","56.82","445020.00","196250.00","Confidential","","","51.663238","-1.350484","","https://arup.sharepoint.com/:b:/r/teams/prj-30356800/Data%20and%20Documents%20Library/GE%20-%20Geotechnical/GI%20reports/19XX%20BGS/SU49NE369.pdf","","","","","","","","","","","","Imported from Motts Leapfrog model","","","","","","","","","","","","","","","","","","","","","","","","","","","","","","","","Yes","","","","",""
"SU49NE370","","BH","HISTORIC","1.10","BGS Boreholes","Confidential","","56.73","56.73","56.47","445230.00","196230.00","Confidential","","","51.663041","-1.347451","","https://arup.sharepoint.com/:b:/r/teams/prj-30356800/Data%20and%20Documents%20Library/GE%20-%20Geotechnical/GI%20reports/19XX%20BGS/SU49NE370.pdf","","","","","","","","","","","","Imported from Motts Leapfrog model","","","","","","","","","","","","","","","","","","","","","","","","","","","","","","","","Yes","","","","",""
"SU49NE371","","BH","HISTORIC","3.70","BGS Boreholes","Confidential","","56.21","56.21","56.26","445330.00","196240.00","Confidential","","","51.663123","-1.346004","","https://arup.sharepoint.com/:b:/r/teams/prj-30356800/Data%20and%20Documents%20Library/GE%20-%20Geotechnical/GI%20reports/19XX%20BGS/SU49NE371.pdf","","","","","","","","","","","","Imported from Motts Leapfrog model","","","","","","","","","","","","","","","","","","","","","","","","","","","","","","","","Yes","","","","",""
"SU49NE372","","BH","HISTORIC","2.00","BGS Boreholes","Confidential","","55.67","55.67","55.46","445560.00","196280.00","Confidential","","","51.663464","-1.342674","","https://arup.sharepoint.com/:b:/r/teams/prj-30356800/Data%20and%20Documents%20Library/GE%20-%20Geotechnical/GI%20reports/19XX%20BGS/SU49NE372.pdf","","","","","","","","","","","","Imported from Motts Leapfrog model","","","","","","","","","","","","","","","","","","","","","","","","","","","","","","","","Yes","","","","",""
"SU49NE373","","BH","HISTORIC","1.30","BGS Boreholes","Confidential","","55.10","55.10","54.98","445840.00","196350.00","Confidential","","","51.664071","-1.338617","","https://arup.sharepoint.com/:b:/r/teams/prj-30356800/Data%20and%20Documents%20Library/GE%20-%20Geotechnical/GI%20reports/19XX%20BGS/SU49NE373.pdf","","","","","","","","","","","","Imported from Motts Leapfrog model","","","","","","","","","","","","","","","","","","","","","","","","","","","","","","","","Yes","","","","",""
"SU49NE374","","BH","HISTORIC","2.30","BGS Boreholes","Confidential","","55.03","55.03","54.98","445930.00","196380.00","Confidential","","","51.664333","-1.337312","","https://arup.sharepoint.com/:b:/r/teams/prj-30356800/Data%20and%20Documents%20Library/GE%20-%20Geotechnical/GI%20reports/19XX%20BGS/SU49NE374.pdf","","","","","","","","","","","","Imported from Motts Leapfrog model","","","","","","","","","","","","","","","","","","","","","","","","","","","","","","","","Yes","","","","",""
"SU49NE375","","BH","HISTORIC","2.30","BGS Boreholes","Confidential","","54.99","54.99","54.78","445960.00","196410.00","Confidential","","","51.664600","-1.336874","","https://arup.sharepoint.com/:b:/r/teams/prj-30356800/Data%20and%20Documents%20Library/GE%20-%20Geotechnical/GI%20reports/19XX%20BGS/SU49NE375.pdf","","","","","","","","","","","","Imported from Motts Leapfrog model","","","","","","","","","","","","","","","","","","","","","","","","","","","","","","","","Yes","","","","",""
"SU49NE376","","BH","HISTORIC","2.60","BGS Boreholes","Confidential","","54.91","54.91","54.76","446090.00","196530.00","Confidential","","","51.665669","-1.334979","","https://arup.sharepoint.com/:b:/r/teams/prj-30356800/Data%20and%20Documents%20Library/GE%20-%20Geotechnical/GI%20reports/19XX%20BGS/SU49NE376.pdf","","","","","","","","","","","","Imported from Motts Leapfrog model","","","","","","","","","","","","","","","","","","","","","","","","","","","","","","","","Yes","","","","",""
"SU49NE377","","BH","HISTORIC","3.10","BGS Boreholes","Confidential","","54.96","54.96","54.91","446220.00","196680.00","Confidential","","","51.667007","-1.333080","","https://arup.sharepoint.com/:b:/r/teams/prj-30356800/Data%20and%20Documents%20Library/GE%20-%20Geotechnical/GI%20reports/19XX%20BGS/SU49NE377.pdf","","","","","","","","","","","","Imported from Motts Leapfrog model","","","","","","","","","","","","","","","","","","","","","","","","","","","","","","","","Yes","","","","",""
"SU49NE378","","BH","HISTORIC","3.55","BGS Boreholes","Confidential","","55.19","55.19","54.99","446260.00","196750.00","Confidential","","","51.667633","-1.332492","","https://arup.sharepoint.com/:b:/r/teams/prj-30356800/Data%20and%20Documents%20Library/GE%20-%20Geotechnical/GI%20reports/19XX%20BGS/SU49NE378.pdf","","","","","","","","","","","","Imported from Motts Leapfrog model","","","","","","","","","","","","","","","","","","","","","","","","","","","","","","","","Yes","","","","",""
"SU49NE379","","BH","HISTORIC","0.80","BGS Boreholes","Confidential","","56.77","56.77","56.58","445110.00","196230.00","Confidential","","","51.663051","-1.349186","","https://arup.sharepoint.com/:b:/r/teams/prj-30356800/Data%20and%20Documents%20Library/GE%20-%20Geotechnical/GI%20reports/19XX%20BGS/SU49NE379.pdf","","","","","","","","","","","","Imported from Motts Leapfrog model","","","","","","","","","","","","","","","","","","","","","","","","","","","","","","","","Yes","","","","",""
"SU49NE380","","BH","HISTORIC","2.30","BGS Boreholes","Confidential","","56.40","56.40","56.15","445300.00","196250.00","Confidential","","","51.663215","-1.346436","","https://arup.sharepoint.com/:b:/r/teams/prj-30356800/Data%20and%20Documents%20Library/GE%20-%20Geotechnical/GI%20reports/19XX%20BGS/SU49NE380.pdf","","","","","","","","","","","","Imported from Motts Leapfrog model","","","","","","","","","","","","","","","","","","","","","","","","","","","","","","","","Yes","","","","",""
"SU49NE381","","BH","HISTORIC","1.75","BGS Boreholes","Confidential","","56.43","56.43","56.23","445450.00","196260.00","Confidential","","","51.663293","-1.344267","","https://arup.sharepoint.com/:b:/r/teams/prj-30356800/Data%20and%20Documents%20Library/GE%20-%20Geotechnical/GI%20reports/19XX%20BGS/SU49NE381.pdf","","","","","","","","","","","","Imported from Motts Leapfrog model","","","","","","","","","","","","","","","","","","","","","","","","","","","","","","","","Yes","","","","",""
"SU49NE382","","BH","HISTORIC","1.90","BGS Boreholes","Confidential","","55.69","55.69","55.51","445640.00","196290.00","Confidential","","","51.663547","-1.341516","","https://arup.sharepoint.com/:b:/r/teams/prj-30356800/Data%20and%20Documents%20Library/GE%20-%20Geotechnical/GI%20reports/19XX%20BGS/SU49NE382.pdf","","","","","","","","","","","","Imported from Motts Leapfrog model","","","","","","","","","","","","","","","","","","","","","","","","","","","","","","","","Yes","","","","",""
"SU49NE383","","BH","HISTORIC","1.90","BGS Boreholes","Confidential","","55.21","55.21","55.05","445730.00","196320.00","Confidential","","","51.663810","-1.340211","","https://arup.sharepoint.com/:b:/r/teams/prj-30356800/Data%20and%20Documents%20Library/GE%20-%20Geotechnical/GI%20reports/19XX%20BGS/SU49NE383.pdf","","","","","","","","","","","","Imported from Motts Leapfrog model","","","","","","","","","","","","","","","","","","","","","","","","","","","","","","","","Yes","","","","",""
"SU49NE384","","BH","HISTORIC","1.80","BGS Boreholes","Confidential","","54.89","54.89","54.90","446000.00","196430.00","Confidential","","","51.664777","-1.336293","","https://arup.sharepoint.com/:b:/r/teams/prj-30356800/Data%20and%20Documents%20Library/GE%20-%20Geotechnical/GI%20reports/19XX%20BGS/SU49NE384.pdf","","","","","","","","","","","","Imported from Motts Leapfrog model","","","","","","","","","","","","","","","","","","","","","","","","","","","","","","","","Yes","","","","",""
"SU49NE385","","BH","HISTORIC","2.45","BGS Boreholes","Confidential","","54.98","54.98","55.00","446130.00","196580.00","Confidential","","","51.666115","-1.334394","","https://arup.sharepoint.com/:b:/r/teams/prj-30356800/Data%20and%20Documents%20Library/GE%20-%20Geotechnical/GI%20reports/19XX%20BGS/SU49NE385.pdf","","","","","","","","","","","","Imported from Motts Leapfrog model","","","","","","","","","","","","","","","","","","","","","","","","","","","","","","","","Yes","","","","",""
"SU49NE386","","BH","HISTORIC","3.35","BGS Boreholes","Confidential","","55.05","55.05","55.12","446190.00","196680.00","Confidential","","","51.667009","-1.333514","","https://arup.sharepoint.com/:b:/r/teams/prj-30356800/Data%20and%20Documents%20Library/GE%20-%20Geotechnical/GI%20reports/19XX%20BGS/SU49NE386.pdf","","","","","","","","","","","","Imported from Motts Leapfrog model","","","","","","","","","","","","","","","","","","","","","","","","","","","","","","","","Yes","","","","",""
"SU49NE387","","BH","HISTORIC","2.50","BGS Boreholes","Confidential","","55.35","55.35","55.43","446330.00","196790.00","Confidential","","","51.667987","-1.331475","","https://arup.sharepoint.com/:b:/r/teams/prj-30356800/Data%20and%20Documents%20Library/GE%20-%20Geotechnical/GI%20reports/19XX%20BGS/SU49NE387.pdf","","","","","","","","","","","","Imported from Motts Leapfrog model","","","","","","","","","","","","","","","","","","","","","","","","","","","","","","","","Yes","","","","",""
"SU49NE388","","BH","HISTORIC","2.80","BGS Boreholes","Confidential","","55.77","55.77","56.05","446420.00","196820.00","Confidential","","","51.668249","-1.330170","","https://arup.sharepoint.com/:b:/r/teams/prj-30356800/Data%20and%20Documents%20Library/GE%20-%20Geotechnical/GI%20reports/19XX%20BGS/SU49NE388.pdf","","","","","","","","","","","","Imported from Motts Leapfrog model","","","","","","","","","","","","","","","","","","","","","","","","","","","","","","","","Yes","","","","",""
"SU49NE389","","BH","HISTORIC","2.00","BGS Boreholes","Confidential","","55.74","55.74","55.83","446100.00","196710.00","Confidential","","","51.667286","-1.334811","","https://arup.sharepoint.com/:b:/r/teams/prj-30356800/Data%20and%20Documents%20Library/GE%20-%20Geotechnical/GI%20reports/19XX%20BGS/SU49NE389.pdf","","","","","","","","","","","","Imported from Motts Leapfrog model","","","","","","","","","","","","","","","","","","","","","","","","","","","","","","","","Yes","","","","",""
"SU49NE390","","BH","HISTORIC","1.35","BGS Boreholes","Confidential","","56.10","56.10","55.81","445960.00","196660.00","Confidential","","","51.666848","-1.336841","","https://arup.sharepoint.com/:b:/r/teams/prj-30356800/Data%20and%20Documents%20Library/GE%20-%20Geotechnical/GI%20reports/19XX%20BGS/SU49NE390.pdf","","","","","","","","","","","","Imported from Motts Leapfrog model","","","","","","","","","","","","","","","","","","","","","","","","","","","","","","","","Yes","","","","",""
"SU49NE391","","BH","HISTORIC","2.05","BGS Boreholes","Confidential","","55.24","55.24","56.01","445960.00","196550.00","Confidential","","","51.665859","-1.336856","","https://arup.sharepoint.com/:b:/r/teams/prj-30356800/Data%20and%20Documents%20Library/GE%20-%20Geotechnical/GI%20reports/19XX%20BGS/SU49NE391.pdf","","","","","","","","","","","","Imported from Motts Leapfrog model","","","","","","","","","","","","","","","","","","","","","","","","","","","","","","","","Yes","","","","",""
"SU49NE404","","CP","HISTORIC","10.60","BGS Boreholes","NonConfidential","","54.46","54.46","54.41","446043.00","195449.00","UK_01/04/2025","","","51.655953","-1.335800","","https://arup.sharepoint.com/:b:/r/teams/prj-30356800/Data%20and%20Documents%20Library/GE%20-%20Geotechnical/GI%20reports/19XX%20BGS/SU49NE404.pdf","","","","","","","","","","","","Imported from Motts Leapfrog model","","","","","","","","","","","","","","","","","","","","","","","","","","","","","","","","Yes","","","","",""
"SU49NE405","","BH","HISTORIC","-2.00","BGS Boreholes","NonConfidential","","59.18","59.18","","445269.00","196715.00","","","","51.667398","-1.346825","","https://arup.sharepoint.com/:b:/r/teams/prj-30356800/Data%20and%20Documents%20Library/GE%20-%20Geotechnical/GI%20reports/19XX%20BGS/SU49NE405.pdf","","","","","Full","","","","","","","Imported from within site extent","10 CHURCH STREET MARCHAM","","","","","","","","","","","","","","","","","","","","","","","","","","","","","","","Yes","","","","",""
"SU49NE59","","BH","HISTORIC","5.48","BGS Boreholes","NonConfidential","","56.15","53.51","53.51","447800.00","196930.00","UK_01/04/2025","","","51.669123","-1.310202","","https://arup.sharepoint.com/:b:/r/teams/prj-30356800/Data%20and%20Documents%20Library/GE%20-%20Geotechnical/GI%20reports/19XX%20BGS/SU49NE59.pdf","","","","","","","","","","","","Imported from Motts Leapfrog model","","","","","","","","","","","","","","","","","","","","","","","","","","","","","","","","Yes","","","","",""
"SU49NE60","","CP","HISTORIC","5.18","BGS Boreholes","NonConfidential","","54.11","53.14","53.14","447890.00","196870.00","UK_01/04/2025","","","51.668575","-1.308909","","https://arup.sharepoint.com/:b:/r/teams/prj-30356800/Data%20and%20Documents%20Library/GE%20-%20Geotechnical/GI%20reports/19XX%20BGS/SU49NE60.pdf","","","","","","","","","","","","Imported from Motts Leapfrog model","","","","","","","","","","","","","","","","","","","","","","","","","","","","","","","","Yes","","","","",""
"SU49NE61","","CP","HISTORIC","4.26","BGS Boreholes","NonConfidential","","56.48","52.98","52.98","447740.00","196810.00","UK_01/04/2025","","","51.668049","-1.311086","","https://arup.sharepoint.com/:b:/r/teams/prj-30356800/Data%20and%20Documents%20Library/GE%20-%20Geotechnical/GI%20reports/19XX%20BGS/SU49NE61.pdf","","","","","","","","","","","","Imported from Motts Leapfrog model","","","","","","","","","","","","","","","","","","","","","","","","","","","","","","","","Yes","","","","",""
"SU49NE62","","CP","HISTORIC","8.38","BGS Boreholes","NonConfidential","","56.78","52.98","52.98","447750.00","196770.00","UK_01/04/2025","","","51.667688","-1.310947","","https://arup.sharepoint.com/:b:/r/teams/prj-30356800/Data%20and%20Documents%20Library/GE%20-%20Geotechnical/GI%20reports/19XX%20BGS/SU49NE62.pdf","","","","","","","","","","","","Imported from Motts Leapfrog model","","","","","","","","","","","","","","","","","","","","","","","","","","","","","","","","Yes","","","","",""
"SU49NE63","","CP","HISTORIC","6.09","BGS Boreholes","NonConfidential","","55.79","53.39","53.39","447720.00","196730.00","UK_01/04/2025","","","51.667331","-1.311386","","https://arup.sharepoint.com/:b:/r/teams/prj-30356800/Data%20and%20Documents%20Library/GE%20-%20Geotechnical/GI%20reports/19XX%20BGS/SU49NE63.pdf","","","","","","","","","","","","Imported from Motts Leapfrog model","","","","","","","","","","","","","","","","","","","","","","","","","","","","","","","","Yes","","","","",""
"SU49NE64","","CP","HISTORIC","4.87","BGS Boreholes","NonConfidential","","57.67","52.90","52.90","447690.00","196640.00","UK_01/04/2025","","","51.666525","-1.311832","","https://arup.sharepoint.com/:b:/r/teams/prj-30356800/Data%20and%20Documents%20Library/GE%20-%20Geotechnical/GI%20reports/19XX%20BGS/SU49NE64.pdf","","","","","","","","","","","","Imported from Motts Leapfrog model","","","","","","","","","","","","","","","","","","","","","","","","","","","","","","","","Yes","","","","",""
"SU49NE65","","CP","HISTORIC","5.48","BGS Boreholes","NonConfidential","","53.24","53.11","53.11","447650.00","196490.00","UK_01/04/2025","","","51.665179","-1.312431","","https://arup.sharepoint.com/:b:/r/teams/prj-30356800/Data%20and%20Documents%20Library/GE%20-%20Geotechnical/GI%20reports/19XX%20BGS/SU49NE65.pdf","","","","","","","","","","","","Imported from Motts Leapfrog model","","","","","","","","","","","","","","","","","","","","","","","","","","","","","","","","Yes","","","","",""
"SU49NE66","","CP","HISTORIC","4.57","BGS Boreholes","NonConfidential","","53.15","52.71","52.71","447660.00","196470.00","UK_01/04/2025","","","51.664999","-1.312289","","https://arup.sharepoint.com/:b:/r/teams/prj-30356800/Data%20and%20Documents%20Library/GE%20-%20Geotechnical/GI%20reports/19XX%20BGS/SU49NE66.pdf","","","","","","","","","","","","Imported from Motts Leapfrog model","","","","","","","","","","","","","","","","","","","","","","","","","","","","","","","","Yes","","","","",""
"SU49NE67","","CP","HISTORIC","4.57","BGS Boreholes","NonConfidential","","54.67","53.04","53.04","447630.00","196350.00","MR_01/04/2025","","","51.663922","-1.312739","","https://arup.sharepoint.com/:b:/r/teams/prj-30356800/Data%20and%20Documents%20Library/GE%20-%20Geotechnical/GI%20reports/19XX%20BGS/SU49NE67.pdf","","","","","","","","","","","","Imported from Motts Leapfrog model","","","","","","","","","","","","","","","","","","","","","","","","","","","","","","","","Yes","","","","",""
"SU49NE68","","CP","HISTORIC","3.04","BGS Boreholes","NonConfidential","","54.87","52.73","52.73","447600.00","196290.00","MR_01/04/2025","","","51.663385","-1.313181","","https://arup.sharepoint.com/:b:/r/teams/prj-30356800/Data%20and%20Documents%20Library/GE%20-%20Geotechnical/GI%20reports/19XX%20BGS/SU49NE68.pdf","","","","","","","","","","","","Imported from Motts Leapfrog model","","","","","","","","","","","","","","","","","","","","","","","","","","","","","","","","Yes","","","","",""
"SU49NE69","","CP","HISTORIC","5.05","BGS Boreholes","NonConfidential","","52.99","52.17","52.17","447580.00","196210.00","MR_01/04/2025","","","51.662668","-1.313481","","https://arup.sharepoint.com/:b:/r/teams/prj-30356800/Data%20and%20Documents%20Library/GE%20-%20Geotechnical/GI%20reports/19XX%20BGS/SU49NE69.pdf","","","","","","","","","","","","Imported from Motts Leapfrog model - Final Depth Changed to 5.05m (LL)","","","","","","","","","","","","","","","","","","","","","","","","","","","","","","","","Yes","","","","",""
"SU49NE70","","CP","HISTORIC","4.57","BGS Boreholes","NonConfidential","","53.81","52.87","52.87","447560.00","196110.00","MR_01/04/2025","","","51.661770","-1.313784","","https://arup.sharepoint.com/:b:/r/teams/prj-30356800/Data%20and%20Documents%20Library/GE%20-%20Geotechnical/GI%20reports/19XX%20BGS/SU49NE70.pdf","","","","","","","","","","","","Imported from Motts Leapfrog model","","","","","","","","","","","","","","","","","","","","","","","","","","","","","","","","Yes","","","","",""
"SU49NE71","","CP","HISTORIC","7.92","BGS Boreholes","NonConfidential","","58.89","58.89","51.14","447550.00","195910.00","MR_01/04/2025","","","51.659973","-1.313955","","https://arup.sharepoint.com/:b:/r/teams/prj-30356800/Data%20and%20Documents%20Library/GE%20-%20Geotechnical/GI%20reports/19XX%20BGS/SU49NE71.pdf","","","","","","","","","","","","Imported from Motts Leapfrog model","","","","","","","","","","","","","","","","","","","","","","","","","","","","","","","","Yes","","","","",""
"SU49NE72","","CP","HISTORIC","7.92","BGS Boreholes","NonConfidential","","63.23","63.23","61.01","447540.00","195800.00","MR_01/04/2025","","","51.658985","-1.314115","","https://arup.sharepoint.com/:b:/r/teams/prj-30356800/Data%20and%20Documents%20Library/GE%20-%20Geotechnical/GI%20reports/19XX%20BGS/SU49NE72.pdf","","","","","","","","","","","","Imported from Motts Leapfrog model","","","","","","","","","","","","","","","","","","","","","","","","","","","","","","","","Yes","","","","",""
"SU49NE73","","CP","HISTORIC","8.08","BGS Boreholes","NonConfidential","","63.39","63.39","61.98","447520.00","195720.00","MR_01/04/2025","","","51.658267","-1.314415","","https://arup.sharepoint.com/:b:/r/teams/prj-30356800/Data%20and%20Documents%20Library/GE%20-%20Geotechnical/GI%20reports/19XX%20BGS/SU49NE73.pdf","","","","","","","","","","","","Imported from Motts Leapfrog model","","","","","","","","","","","","","","","","","","","","","","","","","","","","","","","","Yes","","","","",""
"SU49NE74","","CP","HISTORIC","7.62","BGS Boreholes","NonConfidential","","62.79","62.79","61.74","447490.00","195600.00","MR_01/04/2025","","","51.657191","-1.314865","","https://arup.sharepoint.com/:b:/r/teams/prj-30356800/Data%20and%20Documents%20Library/GE%20-%20Geotechnical/GI%20reports/19XX%20BGS/SU49NE74.pdf","","","","","","","","","","","","Imported from Motts Leapfrog model","","","","","","","","","","","","","","","","","","","","","","","","","","","","","","","","Yes","","","","",""
"SU49NE75","","CP","HISTORIC","7.62","BGS Boreholes","NonConfidential","","63.25","63.25","63.16","447480.00","195470.00","MR_01/04/2025","","","51.656023","-1.315027","","https://arup.sharepoint.com/:b:/r/teams/prj-30356800/Data%20and%20Documents%20Library/GE%20-%20Geotechnical/GI%20reports/19XX%20BGS/SU49NE75.pdf","","","","","","","","","","","","Imported from Motts Leapfrog model","","","","","","","","","","","","","","","","","","","","","","","","","","","","","","","","Yes","","","","",""
"SU49NE76","","CP","HISTORIC","7.62","BGS Boreholes","NonConfidential","","62.69","62.69","63.70","447470.00","195380.00","MR_01/04/2025","","","51.655215","-1.315184","","https://arup.sharepoint.com/:b:/r/teams/prj-30356800/Data%20and%20Documents%20Library/GE%20-%20Geotechnical/GI%20reports/19XX%20BGS/SU49NE76.pdf","","","","","","","","","","","","Imported from Motts Leapfrog model","","","","","","","","","","","","","","","","","","","","","","","","","","","","","","","","Yes","","","","",""
"SU49NE77","","CP","HISTORIC","7.62","BGS Boreholes","NonConfidential","","62.02","62.02","63.78","447460.00","195280.00","MR_01/04/2025","","","51.654317","-1.315342","","https://arup.sharepoint.com/:b:/r/teams/prj-30356800/Data%20and%20Documents%20Library/GE%20-%20Geotechnical/GI%20reports/19XX%20BGS/SU49NE77.pdf","","","","","","","","","","","","Imported from Motts Leapfrog model","","","","","","","","","","","","","","","","","","","","","","","","","","","","","","","","Yes","","","","",""
"SU49NE78","","CP","HISTORIC","4.57","BGS Boreholes","NonConfidential","","63.65","63.65","61.16","447440.00","195080.00","MR_01/04/2025","","","51.652520","-1.315658","","https://arup.sharepoint.com/:b:/r/teams/prj-30356800/Data%20and%20Documents%20Library/GE%20-%20Geotechnical/GI%20reports/19XX%20BGS/SU49NE78.pdf","","","","","","","","","","","","Imported from Motts Leapfrog model","","","","","","","","","","","","","","","","","","","","","","","","","","","","","","","","Yes","","","","",""
"SU49NE79","","CP","HISTORIC","4.57","BGS Boreholes","NonConfidential","","62.46","61.98","61.98","447240.00","195020.00","MR_01/04/2025","","","51.651997","-1.318556","","https://arup.sharepoint.com/:b:/r/teams/prj-30356800/Data%20and%20Documents%20Library/GE%20-%20Geotechnical/GI%20reports/19XX%20BGS/SU49NE79.pdf","","","","","","","","","","","","Imported from Motts Leapfrog model","","","","","","","","","","","","","","","","","","","","","","","","","","","","","","","","Yes","","","","",""
"SU49NE98","","BH","HISTORIC","4.57","BGS Boreholes","NonConfidential","","58.09","58.09","","447890.00","197140.00","","","","51.671003","-1.308872","","https://arup.sharepoint.com/:b:/r/teams/prj-30356800/Data%20and%20Documents%20Library/GE%20-%20Geotechnical/GI%20reports/19XX%20BGS/SU49NE98.pdf","","","","","Full","","","","","","","Imported from within site extent","ABINGDON BY PASS S43","","","","","","","","","","","","","","","","","","","","","","","","","","","","","","","Yes","","","","",""
"SU49NE99","","CP","HISTORIC","4.26","BGS Boreholes","NonConfidential","","57.07","54.97","54.97","447790.00","197080.00","MR_01/04/2025","","","51.670472","-1.310327","","https://arup.sharepoint.com/:b:/r/teams/prj-30356800/Data%20and%20Documents%20Library/GE%20-%20Geotechnical/GI%20reports/19XX%20BGS/SU49NE99.pdf","","","","","","","","","","","","Imported from Motts Leapfrog model","","","","","","","","","","","","","","","","","","","","","","","","","","","","","","","","Yes","","","","",""
"SU49NW40","","BH","HISTORIC","-2.00","BGS Boreholes","NonConfidential","","60.29","60.29","","443980.00","196280.00","","","","51.663589","-1.365515","","https://arup.sharepoint.com/:b:/r/teams/prj-30356800/Data%20and%20Documents%20Library/GE%20-%20Geotechnical/GI%20reports/19XX%20BGS/SU49NW40.pdf","","","","","Full","","","","","","","Imported from within site extent","MARCHAM/FRILFORD ROMAN EXCAVATIONS","","","","","","","","","","","","","","","","","","","","","","","","","","","","","","","Yes","","","","",""
"SU49NW46","","BH","HISTORIC","5.00","BGS Boreholes","Confidential","","62.62","62.62","62.83","444750.00","196480.00","Confidential","","","51.665327","-1.354358","","https://arup.sharepoint.com/:b:/r/teams/prj-30356800/Data%20and%20Documents%20Library/GE%20-%20Geotechnical/GI%20reports/19XX%20BGS/SU49NW46.pdf","","","","","","","","","","","","Imported from Motts Leapfrog model","","","","","","","","","","","","","","","","","","","","","","","","","","","","","","","","Yes","","","","",""
"SU49NW47","","BH","HISTORIC","1.75","BGS Boreholes","Confidential","","64.54","64.54","64.46","444430.00","196850.00","Confidential","","","51.668679","-1.358938","","https://arup.sharepoint.com/:b:/r/teams/prj-30356800/Data%20and%20Documents%20Library/GE%20-%20Geotechnical/GI%20reports/19XX%20BGS/SU49NW47.pdf","","","","","","","","","","","","Imported from Motts Leapfrog model","","","","","","","","","","","","","","","","","","","","","","","","","","","","","","","","Yes","","","","",""
"SU49NW48","","BH","HISTORIC","1.20","BGS Boreholes","Confidential","","63.96","63.96","63.72","444530.00","196760.00","Confidential","","","51.667862","-1.357503","","https://arup.sharepoint.com/:b:/r/teams/prj-30356800/Data%20and%20Documents%20Library/GE%20-%20Geotechnical/GI%20reports/19XX%20BGS/SU49NW48.pdf","","","","","","","","","","","","Imported from Motts Leapfrog model","","","","","","","","","","","","","","","","","","","","","","","","","","","","","","","","Yes","","","","",""
"SU49NW49","","BH","HISTORIC","1.85","BGS Boreholes","Confidential","","63.27","63.27","63.06","444620.00","196610.00","Confidential","","","51.666506","-1.356221","","https://arup.sharepoint.com/:b:/r/teams/prj-30356800/Data%20and%20Documents%20Library/GE%20-%20Geotechnical/GI%20reports/19XX%20BGS/SU49NW49.pdf","","","","","","","","","","","","Imported from Motts Leapfrog model","","","","","","","","","","","","","","","","","","","","","","","","","","","","","","","","Yes","","","","",""
"SU49NW50","","BH","HISTORIC","3.15","BGS Boreholes","Confidential","","63.01","63.01","63.38","444680.00","196530.00","Confidential","","","51.665782","-1.355364","","https://arup.sharepoint.com/:b:/r/teams/prj-30356800/Data%20and%20Documents%20Library/GE%20-%20Geotechnical/GI%20reports/19XX%20BGS/SU49NW50.pdf","","","","","","","","","","","","Imported from Motts Leapfrog model","","","","","","","","","","","","","","","","","","","","","","","","","","","","","","","","Yes","","","","",""
"SU49NW51","","BH","HISTORIC","3.50","BGS Boreholes","Confidential","","62.35","62.35","62.50","444720.00","196460.00","Confidential","","","51.665149","-1.354795","","https://arup.sharepoint.com/:b:/r/teams/prj-30356800/Data%20and%20Documents%20Library/GE%20-%20Geotechnical/GI%20reports/19XX%20BGS/SU49NW51.pdf","","","","","","","","","","","","Imported from Motts Leapfrog model","","","","","","","","","","","","","","","","","","","","","","","","","","","","","","","","Yes","","","","",""
"SU49NW52","","BH","HISTORIC","3.50","BGS Boreholes","Confidential","","61.15","61.15","61.25","444760.00","196410.00","Confidential","","","51.664697","-1.354223","","https://arup.sharepoint.com/:b:/r/teams/prj-30356800/Data%20and%20Documents%20Library/GE%20-%20Geotechnical/GI%20reports/19XX%20BGS/SU49NW52.pdf","","","","","","","","","","","","Imported from Motts Leapfrog model","","","","","","","","","","","","","","","","","","","","","","","","","","","","","","","","Yes","","","","",""
"SU49NW53","","BH","HISTORIC","2.00","BGS Boreholes","Confidential","","59.26","59.26","59.06","444810.00","196360.00","Confidential","","","51.664243","-1.353506","","https://arup.sharepoint.com/:b:/r/teams/prj-30356800/Data%20and%20Documents%20Library/GE%20-%20Geotechnical/GI%20reports/19XX%20BGS/SU49NW53.pdf","","","","","","","","","","","","Imported from Motts Leapfrog model","","","","","","","","","","","","","","","","","","","","","","","","","","","","","","","","Yes","","","","",""
"SU49NW54","","BH","HISTORIC","0.85","BGS Boreholes","Confidential","","57.90","57.90","57.55","444890.00","196310.00","Confidential","","","51.663787","-1.352356","","https://arup.sharepoint.com/:b:/r/teams/prj-30356800/Data%20and%20Documents%20Library/GE%20-%20Geotechnical/GI%20reports/19XX%20BGS/SU49NW54.pdf","","","","","","","","","","","","Imported from Motts Leapfrog model","","","","","","","","","","","","","","","","","","","","","","","","","","","","","","","","Yes","","","","",""
"SU49NW55","","BH","HISTORIC","1.80","BGS Boreholes","Confidential","","57.32","57.32","57.15","444960.00","196270.00","Confidential","","","51.663422","-1.351349","","https://arup.sharepoint.com/:b:/r/teams/prj-30356800/Data%20and%20Documents%20Library/GE%20-%20Geotechnical/GI%20reports/19XX%20BGS/SU49NW55.pdf","","","","","","","","","","","","Imported from Motts Leapfrog model","","","","","","","","","","","","","","","","","","","","","","","","","","","","","","","","Yes","","","","",""
"SU49NW66","","TP","HISTORIC","2.40","BGS Boreholes","NonConfidential","","63.32","63.32","63.00","444221.00","196666.00","WC_01/04/2025","","","51.667041","-1.361983","","https://arup.sharepoint.com/:b:/r/teams/prj-30356800/Data%20and%20Documents%20Library/GE%20-%20Geotechnical/GI%20reports/19XX%20BGS/SU49NW66.pdf","","","","","","","","","","","","Imported from Motts Leapfrog model","","","","","","","","","","","","","","","","","","","","","","","","","","","","","","","","Yes","","","","",""
"SU49SE10","","BH","HISTORIC","4.88","BGS Boreholes","NonConfidential","","60.32","60.32","59.32","447530.00","192990.00","WC_01/04/2025","","","51.633722","-1.314640","","https://arup.sharepoint.com/:b:/r/teams/prj-30356800/Data%20and%20Documents%20Library/GE%20-%20Geotechnical/GI%20reports/19XX%20BGS/SU49SE10.pdf","","","","","","","","","","","","Imported from Motts Leapfrog model","","","","","","","","","","","","","","","","","","","","","","","","","","","","","","","","Yes","","","","",""
"SU49SE100","","CP","HISTORIC","5.03","BGS Boreholes","NonConfidential","","59.09","59.09","57.35","447260.00","194520.00","ND_31/03/2025","","","51.647500","-1.318335","","https://arup.sharepoint.com/:b:/r/teams/prj-30356800/Data%20and%20Documents%20Library/GE%20-%20Geotechnical/GI%20reports/19XX%20BGS/SU49SE100.pdf","","","","","","","","","","","","Imported from Motts Leapfrog model","","","","","","","","","","","","","","","","","","","","","","","","","","","","","","","","Yes","","","","",""
"SU49SE101","","CP","HISTORIC","4.57","BGS Boreholes","NonConfidential","","57.33","57.33","56.67","447230.00","194400.00","ND_31/03/2025","","","51.646424","-1.318784","","https://arup.sharepoint.com/:b:/r/teams/prj-30356800/Data%20and%20Documents%20Library/GE%20-%20Geotechnical/GI%20reports/19XX%20BGS/SU49SE101.pdf","","","","","","","","","","","","Imported from Motts Leapfrog model","","","","","","","","","","","","","","","","","","","","","","","","","","","","","","","","Yes","","","","",""
"SU49SE102","","CP","HISTORIC","4.57","BGS Boreholes","NonConfidential","","56.73","56.73","55.82","447220.00","194310.00","ND_31/03/2025","","","51.645616","-1.318941","","https://arup.sharepoint.com/:b:/r/teams/prj-30356800/Data%20and%20Documents%20Library/GE%20-%20Geotechnical/GI%20reports/19XX%20BGS/SU49SE102.pdf","","","","","","","","","","","","Imported from Motts Leapfrog model","","","","","","","","","","","","","","","","","","","","","","","","","","","","","","","","Yes","","","","",""
"SU49SE103","","CP","HISTORIC","3.51","BGS Boreholes","NonConfidential","","56.65","56.65","56.11","447210.00","194250.00","ND_31/03/2025","","","51.645077","-1.319094","","https://arup.sharepoint.com/:b:/r/teams/prj-30356800/Data%20and%20Documents%20Library/GE%20-%20Geotechnical/GI%20reports/19XX%20BGS/SU49SE103.pdf","","","","","","","","","","","","Imported from Motts Leapfrog model","","","","","","","","","","","","","","","","","","","","","","","","","","","","","","","","Yes","","","","",""
"SU49SE104","","CP","HISTORIC","3.20","BGS Boreholes","NonConfidential","","56.67","56.67","56.53","447210.00","194210.00","ND_31/03/2025","","","51.644717","-1.319099","","https://arup.sharepoint.com/:b:/r/teams/prj-30356800/Data%20and%20Documents%20Library/GE%20-%20Geotechnical/GI%20reports/19XX%20BGS/SU49SE104.pdf","","","","","","","","","","","","Imported from Motts Leapfrog model","","","","","","","","","","","","","","","","","","","","","","","","","","","","","","","","Yes","","","","",""
"SU49SE105","","CP","HISTORIC","3.35","BGS Boreholes","NonConfidential","","57.31","57.31","56.69","447220.00","194120.00","ND_31/03/2025","","","51.643907","-1.318967","","https://arup.sharepoint.com/:b:/r/teams/prj-30356800/Data%20and%20Documents%20Library/GE%20-%20Geotechnical/GI%20reports/19XX%20BGS/SU49SE105.pdf","","","","","","","","","","","","Imported from Motts Leapfrog model","","","","","","","","","","","","","","","","","","","","","","","","","","","","","","","","Yes","","","","",""
"SU49SE106","","CP","HISTORIC","3.05","BGS Boreholes","NonConfidential","","57.47","56.86","56.86","447210.00","194030.00","ND_31/03/2025","","","51.643099","-1.319123","","https://arup.sharepoint.com/:b:/r/teams/prj-30356800/Data%20and%20Documents%20Library/GE%20-%20Geotechnical/GI%20reports/19XX%20BGS/SU49SE106.pdf","","","","","","","","","","","","Imported from Motts Leapfrog model","","","","","","","","","","","","","","","","","","","","","","","","","","","","","","","","Yes","","","","",""
"SU49SE107","","CP","HISTORIC","18.29","BGS Boreholes","NonConfidential","","58.47","57.66","57.66","447230.00","193840.00","ND_31/03/2025","","","51.641389","-1.318860","","https://arup.sharepoint.com/:b:/r/teams/prj-30356800/Data%20and%20Documents%20Library/GE%20-%20Geotechnical/GI%20reports/19XX%20BGS/SU49SE107.pdf","","","","","","","","","","","","Imported from Motts Leapfrog model","","","","","","","","","","","","","","","","","","","","","","","","","","","","","","","","Yes","","","","",""
"SU49SE108","","CP","HISTORIC","3.05","BGS Boreholes","NonConfidential","","58.18","57.78","57.78","447270.00","193760.00","ND_31/03/2025","","","51.640666","-1.318293","","https://arup.sharepoint.com/:b:/r/teams/prj-30356800/Data%20and%20Documents%20Library/GE%20-%20Geotechnical/GI%20reports/19XX%20BGS/SU49SE108.pdf","","","","","","","","","","","","Imported from Motts Leapfrog model","","","","","","","","","","","","","","","","","","","","","","","","","","","","","","","","Yes","","","","",""
"SU49SE109","","CP","HISTORIC","3.05","BGS Boreholes","NonConfidential","","60.85","58.83","58.83","447310.00","193670.00","ND_31/03/2025","","","51.639854","-1.317727","","https://arup.sharepoint.com/:b:/r/teams/prj-30356800/Data%20and%20Documents%20Library/GE%20-%20Geotechnical/GI%20reports/19XX%20BGS/SU49SE109.pdf","","","","","","","","","","","","Imported from Motts Leapfrog model","","","","","","","","","","","","","","","","","","","","","","","","","","","","","","","","Yes","","","","",""
"SU49SE11","","CP","HISTORIC","3.35","BGS Boreholes","NonConfidential","","60.17","60.17","59.44","447570.00","192910.00","WC_01/04/2025","","","51.632999","-1.314073","","https://arup.sharepoint.com/:b:/r/teams/prj-30356800/Data%20and%20Documents%20Library/GE%20-%20Geotechnical/GI%20reports/19XX%20BGS/SU49SE11.pdf","","","","","","","","","","","","Imported from Motts Leapfrog model","","","","","","","","","","","","","","","","","","","","","","","","","","","","","","","","Yes","","","","",""
"SU49SE110","","CP","HISTORIC","3.05","BGS Boreholes","NonConfidential","","60.63","59.16","59.16","447330.00","193590.00","ND_31/03/2025","","","51.639133","-1.317448","","https://arup.sharepoint.com/:b:/r/teams/prj-30356800/Data%20and%20Documents%20Library/GE%20-%20Geotechnical/GI%20reports/19XX%20BGS/SU49SE110.pdf","","","","","","","","","","","","Imported from Motts Leapfrog model","","","","","","","","","","","","","","","","","","","","","","","","","","","","","","","","Yes","","","","",""
"SU49SE111","","CP","HISTORIC","4.57","BGS Boreholes","NonConfidential","","61.02","59.16","59.16","447360.00","193500.00","ND_31/03/2025","","","51.638321","-1.317027","","https://arup.sharepoint.com/:b:/r/teams/prj-30356800/Data%20and%20Documents%20Library/GE%20-%20Geotechnical/GI%20reports/19XX%20BGS/SU49SE111.pdf","","","","","","","","","","","","Imported from Motts Leapfrog model","","","","","","","","","","","","","","","","","","","","","","","","","","","","","","","","Yes","","","","",""
"SU49SE112","","CP","HISTORIC","6.10","BGS Boreholes","NonConfidential","","61.42","58.93","58.93","447400.00","193410.00","ND_31/03/2025","","","51.637509","-1.316461","","https://arup.sharepoint.com/:b:/r/teams/prj-30356800/Data%20and%20Documents%20Library/GE%20-%20Geotechnical/GI%20reports/19XX%20BGS/SU49SE112.pdf","","","","","","","","","","","","Imported from Motts Leapfrog model","","","","","","","","","","","","","","","","","","","","","","","","","","","","","","","","Yes","","","","",""
"SU49SE113","","CP","HISTORIC","6.10","BGS Boreholes","NonConfidential","","60.39","59.49","59.49","447430.00","193330.00","ND_31/03/2025","","","51.636787","-1.316039","","https://arup.sharepoint.com/:b:/r/teams/prj-30356800/Data%20and%20Documents%20Library/GE%20-%20Geotechnical/GI%20reports/19XX%20BGS/SU49SE113.pdf","","","","","","","","","","","","Imported from Motts Leapfrog model","","","","","","","","","","","","","","","","","","","","","","","","","","","","","","","","Yes","","","","",""
"SU49SE114","","BH","HISTORIC","7.62","BGS Boreholes","NonConfidential","","60.69","59.03","59.03","447470.00","193230.00","ND_31/03/2025","","","51.635885","-1.315474","","https://arup.sharepoint.com/:b:/r/teams/prj-30356800/Data%20and%20Documents%20Library/GE%20-%20Geotechnical/GI%20reports/19XX%20BGS/SU49SE114.pdf","","","","","","","","","","","","Imported from Motts Leapfrog model","","","","","","","","","","","","","","","","","","","","","","","","","","","","","","","","Yes","","","","",""
"SU49SE115","","BH","HISTORIC","5.05","BGS Boreholes","NonConfidential","","57.10","57.10","55.58","447180.00","194360.00","ND_31/03/2025","","","51.646068","-1.319512","","https://arup.sharepoint.com/:b:/r/teams/prj-30356800/Data%20and%20Documents%20Library/GE%20-%20Geotechnical/GI%20reports/19XX%20BGS/SU49SE115.pdf","","","","","","","","","","","","Imported from Motts Leapfrog model","","","","","","","","","","","","","","","","","","","","","","","","","","","","","","","","Yes","","","","",""
"SU49SE116","","CP","HISTORIC","4.72","BGS Boreholes","NonConfidential","","56.83","56.11","56.11","447150.00","194210.00","ND_31/03/2025","","","51.644722","-1.319966","","https://arup.sharepoint.com/:b:/r/teams/prj-30356800/Data%20and%20Documents%20Library/GE%20-%20Geotechnical/GI%20reports/19XX%20BGS/SU49SE116.pdf","","","","","","","","","","","","Imported from Motts Leapfrog model","","","","","","","","","","","","","","","","","","","","","","","","","","","","","","","","Yes","","","","",""
"SU49SE117","","CP","HISTORIC","3.51","BGS Boreholes","NonConfidential","","58.26","57.63","57.63","447190.00","193830.00","ND_31/03/2025","","","51.641303","-1.319439","","https://arup.sharepoint.com/:b:/r/teams/prj-30356800/Data%20and%20Documents%20Library/GE%20-%20Geotechnical/GI%20reports/19XX%20BGS/SU49SE117.pdf","","","","","","","","","","","","Imported from Motts Leapfrog model","","","","","","","","","","","","","","","","","","","","","","","","","","","","","","","","Yes","","","","",""
"SU49SE118","","CP","HISTORIC","3.05","BGS Boreholes","NonConfidential","","57.84","57.84","57.66","447280.00","193850.00","ND_31/03/2025","","","51.641475","-1.318136","","https://arup.sharepoint.com/:b:/r/teams/prj-30356800/Data%20and%20Documents%20Library/GE%20-%20Geotechnical/GI%20reports/19XX%20BGS/SU49SE118.pdf","","","","","","","","","","","","Imported from Motts Leapfrog model","","","","","","","","","","","","","","","","","","","","","","","","","","","","","","","","Yes","","","","",""
"SU49SE119","","CP","HISTORIC","3.66","BGS Boreholes","NonConfidential","","61.77","59.08","59.08","447290.00","193600.00","ND_31/03/2025","","","51.639226","-1.318025","","https://arup.sharepoint.com/:b:/r/teams/prj-30356800/Data%20and%20Documents%20Library/GE%20-%20Geotechnical/GI%20reports/19XX%20BGS/SU49SE119.pdf","","","","","","","","","","","","Imported from Motts Leapfrog model","","","","","","","","","","","","","","","","","","","","","","","","","","","","","","","","Yes","","","","",""
"SU49SE12","","CP","HISTORIC","3.05","BGS Boreholes","NonConfidential","","59.99","59.99","59.85","447610.00","192830.00","SC_01/04/2025","","","51.632276","-1.313506","","https://arup.sharepoint.com/:b:/r/teams/prj-30356800/Data%20and%20Documents%20Library/GE%20-%20Geotechnical/GI%20reports/19XX%20BGS/SU49SE12.pdf","","","","","","","","","","","","Imported from Motts Leapfrog model","","","","","","","","","","","","","","","","","","","","","","","","","","","","","","","","Yes","","","","",""
"SU49SE120","","CP","HISTORIC","3.05","BGS Boreholes","NonConfidential","","59.06","59.06","59.16","447460.00","193460.00","ND_31/03/2025","","","51.637953","-1.315588","","https://arup.sharepoint.com/:b:/r/teams/prj-30356800/Data%20and%20Documents%20Library/GE%20-%20Geotechnical/GI%20reports/19XX%20BGS/SU49SE120.pdf","","","","","","","","","","","","Imported from Motts Leapfrog model","","","","","","","","","","","","","","","","","","","","","","","","","","","","","","","","Yes","","","","",""
"SU49SE121","","CP","HISTORIC","4.72","BGS Boreholes","NonConfidential","","60.28","59.08","59.08","447360.00","193360.00","ND_31/03/2025","","","51.637063","-1.317046","","https://arup.sharepoint.com/:b:/r/teams/prj-30356800/Data%20and%20Documents%20Library/GE%20-%20Geotechnical/GI%20reports/19XX%20BGS/SU49SE121.pdf","","","","","","","","","","","","Imported from Motts Leapfrog model","","","","","","","","","","","","","","","","","","","","","","","","","","","","","","","","Yes","","","","",""
"SU49SE122","","CP","HISTORIC","4.72","BGS Boreholes","NonConfidential","","60.64","58.83","58.83","447470.00","193370.00","ND_31/03/2025","","","51.637143","-1.315455","","https://arup.sharepoint.com/:b:/r/teams/prj-30356800/Data%20and%20Documents%20Library/GE%20-%20Geotechnical/GI%20reports/19XX%20BGS/SU49SE122.pdf","","","","","","","","","","","","Imported from Motts Leapfrog model","","","","","","","","","","","","","","","","","","","","","","","","","","","","","","","","Yes","","","","",""
"SU49SE123","","CP","HISTORIC","4.57","BGS Boreholes","NonConfidential","","59.83","59.16","59.16","447410.00","193230.00","ND_31/03/2025","","","51.635890","-1.316341","","https://arup.sharepoint.com/:b:/r/teams/prj-30356800/Data%20and%20Documents%20Library/GE%20-%20Geotechnical/GI%20reports/19XX%20BGS/SU49SE123.pdf","","","","","","","","","","","","Imported from Motts Leapfrog model","","","","","","","","","","","","","","","","","","","","","","","","","","","","","","","","Yes","","","","",""
"SU49SE124","","CP","HISTORIC","4.72","BGS Boreholes","NonConfidential","","59.99","59.18","59.18","447430.00","193180.00","ND_31/03/2025","","","51.635438","-1.316059","","https://arup.sharepoint.com/:b:/r/teams/prj-30356800/Data%20and%20Documents%20Library/GE%20-%20Geotechnical/GI%20reports/19XX%20BGS/SU49SE124.pdf","","","","","","","","","","","","Imported from Motts Leapfrog model","","","","","","","","","","","","","","","","","","","","","","","","","","","","","","","","Yes","","","","",""
"SU49SE125","","CP","HISTORIC","4.51","BGS Boreholes","NonConfidential","","60.36","59.23","59.23","447490.00","193330.00","ND_31/03/2025","","","51.636782","-1.315172","","https://arup.sharepoint.com/:b:/r/teams/prj-30356800/Data%20and%20Documents%20Library/GE%20-%20Geotechnical/GI%20reports/19XX%20BGS/SU49SE125.pdf","","","","","","","","","","","","Imported from Motts Leapfrog model","","","","","","","","","","","","","","","","","","","","","","","","","","","","","","","","Yes","","","","",""
"SU49SE126","","CP","HISTORIC","21.34","BGS Boreholes","NonConfidential","","57.76","57.04","57.04","447190.00","193950.00","ND_31/03/2025","","","51.642381","-1.319423","","https://arup.sharepoint.com/:b:/r/teams/prj-30356800/Data%20and%20Documents%20Library/GE%20-%20Geotechnical/GI%20reports/19XX%20BGS/SU49SE126.pdf","","","","","","","","","","","","Imported from Motts Leapfrog model","","","","","","","","","","","","","","","","","","","","","","","","","","","","","","","","Yes","","","","",""
"SU49SE127","","CP","HISTORIC","21.34","BGS Boreholes","NonConfidential","","58.03","57.07","57.07","447190.00","193920.00","ND_31/03/2025","","","51.642112","-1.319427","","https://arup.sharepoint.com/:b:/r/teams/prj-30356800/Data%20and%20Documents%20Library/GE%20-%20Geotechnical/GI%20reports/19XX%20BGS/SU49SE127.pdf","","","","","","","","","","","","Imported from Motts Leapfrog model","","","","","","","","","","","","","","","","","","","","","","","","","","","","","","","","Yes","","","","",""
"SU49SE128","","CP","HISTORIC","21.34","BGS Boreholes","NonConfidential","","57.42","57.42","56.97","447240.00","193960.00","ND_31/03/2025","","","51.642467","-1.318699","","https://arup.sharepoint.com/:b:/r/teams/prj-30356800/Data%20and%20Documents%20Library/GE%20-%20Geotechnical/GI%20reports/19XX%20BGS/SU49SE128.pdf","","","","","","","","","","","","Imported from Motts Leapfrog model","","","","","","","","","","","","","","","","","","","","","","","","","","","","","","","","Yes","","","","",""
"SU49SE129","","CP","HISTORIC","21.79","BGS Boreholes","NonConfidential","","57.94","57.94","56.97","447230.00","193930.00","ND_31/03/2025","","","51.642198","-1.318848","","https://arup.sharepoint.com/:b:/r/teams/prj-30356800/Data%20and%20Documents%20Library/GE%20-%20Geotechnical/GI%20reports/19XX%20BGS/SU49SE129.pdf","","","","","","","","","","","","Imported from Motts Leapfrog model","","","","","","","","","","","","","","","","","","","","","","","","","","","","","","","","Yes","","","","",""
"SU49SE13","","CP","HISTORIC","4.72","BGS Boreholes","NonConfidential","","60.65","60.65","59.57","447650.00","192740.00","WC_01/04/2025","","","51.631464","-1.312940","","https://arup.sharepoint.com/:b:/r/teams/prj-30356800/Data%20and%20Documents%20Library/GE%20-%20Geotechnical/GI%20reports/19XX%20BGS/SU49SE13.pdf","","","","","","","","","","","","Imported from Motts Leapfrog model","","","","","","","","","","","","","","","","","","","","","","","","","","","","","","","","Yes","","","","",""
"SU49SE130","","CP","HISTORIC","12.19","BGS Boreholes","NonConfidential","","58.97","57.44","57.44","447170.00","194080.00","ND_31/03/2025","","","51.643552","-1.319694","","https://arup.sharepoint.com/:b:/r/teams/prj-30356800/Data%20and%20Documents%20Library/GE%20-%20Geotechnical/GI%20reports/19XX%20BGS/SU49SE130.pdf","","","","","","","","","","","","Imported from Motts Leapfrog model","","","","","","","","","","","","","","","","","","","","","","","","","","","","","","","","Yes","","","","",""
"SU49SE131","","CP","HISTORIC","12.50","BGS Boreholes","NonConfidential","","57.71","57.71","57.56","447240.00","194080.00","ND_31/03/2025","","","51.643546","-1.318683","","https://arup.sharepoint.com/:b:/r/teams/prj-30356800/Data%20and%20Documents%20Library/GE%20-%20Geotechnical/GI%20reports/19XX%20BGS/SU49SE131.pdf","","","","","","","","","","","","Imported from Motts Leapfrog model","","","","","","","","","","","","","","","","","","","","","","","","","","","","","","","","Yes","","","","",""
"SU49SE132","","CP","HISTORIC","13.45","BGS Boreholes","NonConfidential","","60.64","60.64","59.25","447950.00","192280.00","WC_02/04/2025","","","51.627303","-1.308669","","https://arup.sharepoint.com/:b:/r/teams/prj-30356800/Data%20and%20Documents%20Library/GE%20-%20Geotechnical/GI%20reports/19XX%20BGS/SU49SE132.pdf","","","","","","","","","","","","Imported from Motts Leapfrog model","","","","","","","","","","","","","","","","","","","","","","","","","","","","","","","","Yes","","","","",""
"SU49SE133","","CP","HISTORIC","13.45","BGS Boreholes","NonConfidential","","60.83","59.45","59.45","447880.00","192240.00","WC_02/04/2025","","","51.626949","-1.309686","","https://arup.sharepoint.com/:b:/r/teams/prj-30356800/Data%20and%20Documents%20Library/GE%20-%20Geotechnical/GI%20reports/19XX%20BGS/SU49SE133.pdf","","","","","","","","","","","","Imported from Motts Leapfrog model","","","","","","","","","","","","","","","","","","","","","","","","","","","","","","","","Yes","","","","",""
"SU49SE134","","CP","HISTORIC","3.00","BGS Boreholes","NonConfidential","","65.68","65.68","","448290.00","191530.00","","","","51.620531","-1.303861","","https://arup.sharepoint.com/:b:/r/teams/prj-30356800/Data%20and%20Documents%20Library/GE%20-%20Geotechnical/GI%20reports/19XX%20BGS/SU49SE134.pdf","","","","","Full","","","","","","","Imported from within site extent","DRAYTON TO CHILTON ADD REPORT 403","","","","","","","","","","","","","","","","","","","","","","","","","","","","","","","Yes","","","","",""
"SU49SE135","","CP","HISTORIC","3.00","BGS Boreholes","NonConfidential","","67.11","67.11","","448350.00","191440.00","","","","51.619716","-1.303007","","https://arup.sharepoint.com/:b:/r/teams/prj-30356800/Data%20and%20Documents%20Library/GE%20-%20Geotechnical/GI%20reports/19XX%20BGS/SU49SE135.pdf","","","","","Full","","","","","","","Imported from within site extent","DRAYTON TO CHILTON ADD REPORT 404","","","","","","","","","","","","","","","","","","","","","","","","","","","","","","","Yes","","","","",""
"SU49SE136","","CP","HISTORIC","4.45","BGS Boreholes","NonConfidential","","66.01","66.01","","448440.00","191380.00","","","","51.619169","-1.301715","","https://arup.sharepoint.com/:b:/r/teams/prj-30356800/Data%20and%20Documents%20Library/GE%20-%20Geotechnical/GI%20reports/19XX%20BGS/SU49SE136.pdf","","","","","Full","","","","","","","Imported from within site extent","DRAYTON TO CHILTON ADD REPORT 405","","","","","","","","","","","","","","","","","","","","","","","","","","","","","","","Yes","","","","",""
"SU49SE137","","CP","HISTORIC","10.75","BGS Boreholes","NonConfidential","","75.09","77.40","77.40","448260.00","191320.00","","","","51.618645","-1.304323","","https://arup.sharepoint.com/:b:/r/teams/prj-30356800/Data%20and%20Documents%20Library/GE%20-%20Geotechnical/GI%20reports/19XX%20BGS/SU49SE137.pdf","","","","","Full","","","","","","","Imported from within site extent","DRAYTON TO CHILTON ADD REPORT 406","","","","","","","","","","","","","","","","","","","","","","","","","","","","","","","Yes","","","","",""
"SU49SE138","","CP","HISTORIC","13.45","BGS Boreholes","NonConfidential","","72.66","78.45","78.45","448300.00","191270.00","","","","51.618192","-1.303752","","https://arup.sharepoint.com/:b:/r/teams/prj-30356800/Data%20and%20Documents%20Library/GE%20-%20Geotechnical/GI%20reports/19XX%20BGS/SU49SE138.pdf","","","","","Full","","","","","","","Imported from within site extent","DRAYTON TO CHILTON ADD REPORT 407","","","","","","","","","","","","","","","","","","","","","","","","","","","","","","","Yes","","","","",""
"SU49SE139","","CP","HISTORIC","13.00","BGS Boreholes","NonConfidential","","77.08","81.15","81.15","448280.00","191230.00","","","","51.617834","-1.304046","","https://arup.sharepoint.com/:b:/r/teams/prj-30356800/Data%20and%20Documents%20Library/GE%20-%20Geotechnical/GI%20reports/19XX%20BGS/SU49SE139.pdf","","","","","Full","","","","","","","Imported from within site extent","DRAYTON TO CHILTON ADD REPORT 408","","","","","","","","","","","","","","","","","","","","","","","","","","","","","","","Yes","","","","",""
"SU49SE14","","CP","HISTORIC","4.11","BGS Boreholes","NonConfidential","","59.74","59.74","59.44","447690.00","192650.00","WC_01/04/2025","","","51.630651","-1.312375","","https://arup.sharepoint.com/:b:/r/teams/prj-30356800/Data%20and%20Documents%20Library/GE%20-%20Geotechnical/GI%20reports/19XX%20BGS/SU49SE14.pdf","","","","","","","","","","","","Imported from Motts Leapfrog model","","","","","","","","","","","","","","","","","","","","","","","","","","","","","","","","Yes","","","","",""
"SU49SE140","","CP","HISTORIC","13.00","BGS Boreholes","NonConfidential","","78.34","80.55","80.55","448200.00","191320.00","","","","51.618650","-1.305189","","https://arup.sharepoint.com/:b:/r/teams/prj-30356800/Data%20and%20Documents%20Library/GE%20-%20Geotechnical/GI%20reports/19XX%20BGS/SU49SE140.pdf","","","","","Full","","","","","","","Imported from within site extent","DRAYTON TO CHILTON ADD REPORT 409","","","","","","","","","","","","","","","","","","","","","","","","","","","","","","","Yes","","","","",""
"SU49SE141","","CP","HISTORIC","13.00","BGS Boreholes","NonConfidential","","77.97","82.15","82.15","448200.00","191280.00","","","","51.618291","-1.305195","","https://arup.sharepoint.com/:b:/r/teams/prj-30356800/Data%20and%20Documents%20Library/GE%20-%20Geotechnical/GI%20reports/19XX%20BGS/SU49SE141.pdf","","","","","Full","","","","","","","Imported from within site extent","ADDITIONAL REPORT A34 410","","","","","","","","","","","","","","","","","","","","","","","","","","","","","","","Yes","","","","",""
"SU49SE142","","CP","HISTORIC","15.00","BGS Boreholes","NonConfidential","","79.68","84.10","84.10","448180.00","191250.00","","","","51.618023","-1.305488","","https://arup.sharepoint.com/:b:/r/teams/prj-30356800/Data%20and%20Documents%20Library/GE%20-%20Geotechnical/GI%20reports/19XX%20BGS/SU49SE142.pdf","","","","","Full","","","","","","","Imported from within site extent","ADD REPORT A34 411","","","","","","","","","","","","","","","","","","","","","","","","","","","","","","","Yes","","","","",""
"SU49SE143","","CP","HISTORIC","9.00","BGS Boreholes","NonConfidential","","82.73","82.73","","448060.00","191330.00","","","","51.618752","-1.307210","","https://arup.sharepoint.com/:b:/r/teams/prj-30356800/Data%20and%20Documents%20Library/GE%20-%20Geotechnical/GI%20reports/19XX%20BGS/SU49SE143.pdf","","","","","Full","","","","","","","Imported from within site extent","ADD REPORT A34 412","","","","","","","","","","","","","","","","","","","","","","","","","","","","","","","Yes","","","","",""
"SU49SE144","","CP","HISTORIC","10.00","BGS Boreholes","NonConfidential","","82.93","84.50","84.50","448060.00","191290.00","","","","51.618393","-1.307215","","https://arup.sharepoint.com/:b:/r/teams/prj-30356800/Data%20and%20Documents%20Library/GE%20-%20Geotechnical/GI%20reports/19XX%20BGS/SU49SE144.pdf","","","","","Full","","","","","","","Imported from within site extent","ADD REPORT A34 413","","","","","","","","","","","","","","","","","","","","","","","","","","","","","","","Yes","","","","",""
"SU49SE145","","CP","HISTORIC","11.00","BGS Boreholes","NonConfidential","","83.65","86.30","86.30","448060.00","191250.00","","","","51.618033","-1.307221","","https://arup.sharepoint.com/:b:/r/teams/prj-30356800/Data%20and%20Documents%20Library/GE%20-%20Geotechnical/GI%20reports/19XX%20BGS/SU49SE145.pdf","","","","","Full","","","","","","","Imported from within site extent","ADD REPORT A34 414","","","","","","","","","","","","","","","","","","","","","","","","","","","","","","","Yes","","","","",""
"SU49SE146","","CP","HISTORIC","12.00","BGS Boreholes","NonConfidential","","85.83","87.55","87.55","448000.00","191230.00","","","","51.617858","-1.308090","","https://arup.sharepoint.com/:b:/r/teams/prj-30356800/Data%20and%20Documents%20Library/GE%20-%20Geotechnical/GI%20reports/19XX%20BGS/SU49SE146.pdf","","","","","Full","","","","","","","Imported from within site extent","ADD REPORT A34 415","","","","","","","","","","","","","","","","","","","","","","","","","","","","","","","Yes","","","","",""
"SU49SE147","","CP","HISTORIC","12.00","BGS Boreholes","NonConfidential","","87.44","87.10","87.10","448100.00","191180.00","","","","51.617400","-1.306653","","https://arup.sharepoint.com/:b:/r/teams/prj-30356800/Data%20and%20Documents%20Library/GE%20-%20Geotechnical/GI%20reports/19XX%20BGS/SU49SE147.pdf","","","","","Full","","","","","","","Imported from within site extent","ADD REPORT A34 416","","","","","","","","","","","","","","","","","","","","","","","","","","","","","","","Yes","","","","",""
"SU49SE148","","CP","HISTORIC","8.15","BGS Boreholes","NonConfidential","","85.59","86.25","86.25","447930.00","191330.00","WC_01/04/2025","","","51.618763","-1.309088","","https://arup.sharepoint.com/:b:/r/teams/prj-30356800/Data%20and%20Documents%20Library/GE%20-%20Geotechnical/GI%20reports/19XX%20BGS/SU49SE148.pdf","","","","","","","","","","","","Imported from Motts Leapfrog model","","","","","","","","","","","","","","","","","","","","","","","","","","","","","","","","Yes","","","","",""
"SU49SE149","","CP","HISTORIC","12.45","BGS Boreholes","NonConfidential","","87.66","88.05","88.05","447920.00","191280.00","WC_01/04/2025","","","51.618315","-1.309239","","https://arup.sharepoint.com/:b:/r/teams/prj-30356800/Data%20and%20Documents%20Library/GE%20-%20Geotechnical/GI%20reports/19XX%20BGS/SU49SE149.pdf","","","","","","","","","","","","Imported from Motts Leapfrog model","","","","","","","","","","","","","","","","","","","","","","","","","","","","","","","","Yes","","","","",""
"SU49SE15","","CP","HISTORIC","3.05","BGS Boreholes","NonConfidential","","59.86","59.86","59.22","447730.00","192570.00","WC_01/04/2025","","","51.629929","-1.311808","","https://arup.sharepoint.com/:b:/r/teams/prj-30356800/Data%20and%20Documents%20Library/GE%20-%20Geotechnical/GI%20reports/19XX%20BGS/SU49SE15.pdf","","","","","","","","","","","","Imported from Motts Leapfrog model","","","","","","","","","","","","","","","","","","","","","","","","","","","","","","","","Yes","","","","",""
"SU49SE150","","CP","HISTORIC","7.00","BGS Boreholes","NonConfidential","","89.94","90.15","90.15","447810.00","191250.00","WC_01/04/2025","","","51.618054","-1.310831","","https://arup.sharepoint.com/:b:/r/teams/prj-30356800/Data%20and%20Documents%20Library/GE%20-%20Geotechnical/GI%20reports/19XX%20BGS/SU49SE150.pdf","","","","","","","","","","","","Imported from Motts Leapfrog model","","","","","","","","","","","","","","","","","","","","","","","","","","","","","","","","Yes","","","","",""
"SU49SE151","","CP","HISTORIC","5.15","BGS Boreholes","NonConfidential","","89.98","90.10","90.10","447720.00","191260.00","WC_01/04/2025","","","51.618152","-1.312130","","https://arup.sharepoint.com/:b:/r/teams/prj-30356800/Data%20and%20Documents%20Library/GE%20-%20Geotechnical/GI%20reports/19XX%20BGS/SU49SE151.pdf","","","","","","","","","","","","Imported from Motts Leapfrog model","","","","","","","","","","","","","","","","","","","","","","","","","","","","","","","","Yes","","","","",""
"SU49SE152","","CP","HISTORIC","5.15","BGS Boreholes","NonConfidential","","92.79","93.35","93.35","447660.00","191200.00","SR_01/04/2025","","","51.617617","-1.313005","","https://arup.sharepoint.com/:b:/r/teams/prj-30356800/Data%20and%20Documents%20Library/GE%20-%20Geotechnical/GI%20reports/19XX%20BGS/SU49SE152.pdf","","","","","","","","","","","","Imported from Motts Leapfrog model","","","","","","","","","","","","","","","","","","","","","","","","","","","","","","","","Yes","","","","",""
"SU49SE153","","CP","HISTORIC","3.45","BGS Boreholes","NonConfidential","","93.50","95.05","95.05","447600.00","191160.00","WC_01/04/2025","","","51.617263","-1.313877","","https://arup.sharepoint.com/:b:/r/teams/prj-30356800/Data%20and%20Documents%20Library/GE%20-%20Geotechnical/GI%20reports/19XX%20BGS/SU49SE153.pdf","","","","","","","","","","","","Imported from Motts Leapfrog model","","","","","","","","","","","","","","","","","","","","","","","","","","","","","","","","Yes","","","","",""
"SU49SE154","","CP","HISTORIC","3.45","BGS Boreholes","NonConfidential","","96.08","96.10","96.10","447620.00","191100.00","WC_01/04/2025","","","51.616722","-1.313596","","https://arup.sharepoint.com/:b:/r/teams/prj-30356800/Data%20and%20Documents%20Library/GE%20-%20Geotechnical/GI%20reports/19XX%20BGS/SU49SE154.pdf","","","","","","","","","","","","Imported from Motts Leapfrog model","","","","","","","","","","","","","","","","","","","","","","","","","","","","","","","","Yes","","","","",""
"SU49SE155","","CP","HISTORIC","6.45","BGS Boreholes","NonConfidential","","70.33","70.33","","448470.00","191260.00","","","","51.618088","-1.301298","","https://arup.sharepoint.com/:b:/r/teams/prj-30356800/Data%20and%20Documents%20Library/GE%20-%20Geotechnical/GI%20reports/19XX%20BGS/SU49SE155.pdf","","","","","Full","","","","","","","Imported from within site extent","ADD REPORT A34 424","","","","","","","","","","","","","","","","","","","","","","","","","","","","","","","Yes","","","","",""
"SU49SE156","","CP","HISTORIC","9.45","BGS Boreholes","NonConfidential","","77.04","77.04","","448430.00","191170.00","","","","51.617282","-1.301888","","https://arup.sharepoint.com/:b:/r/teams/prj-30356800/Data%20and%20Documents%20Library/GE%20-%20Geotechnical/GI%20reports/19XX%20BGS/SU49SE156.pdf","","","","","Full","","","","","","","Imported from within site extent","ADD REPORT A34 425","","","","","","","","","","","","","","","","","","","","","","","","","","","","","","","Yes","","","","",""
"SU49SE157","","CP","HISTORIC","21.75","BGS Boreholes","NonConfidential","","70.84","72.15","72.15","448310.00","191360.00","","","","51.619001","-1.303595","","https://arup.sharepoint.com/:b:/r/teams/prj-30356800/Data%20and%20Documents%20Library/GE%20-%20Geotechnical/GI%20reports/19XX%20BGS/SU49SE157.pdf","","","","","Full","","","","","","","Imported from within site extent","ADD REPORT A34 B426","","","","","","","","","","","","","","","","","","","","","","","","","","","","","","","Yes","","","","",""
"SU49SE158","","CP","HISTORIC","21.45","BGS Boreholes","NonConfidential","","70.87","74.05","74.05","448310.00","191330.00","","","","51.618731","-1.303599","","https://arup.sharepoint.com/:b:/r/teams/prj-30356800/Data%20and%20Documents%20Library/GE%20-%20Geotechnical/GI%20reports/19XX%20BGS/SU49SE158.pdf","","","","","Full","","","","","","","Imported from within site extent","ADD REPORT A34 B428","","","","","","","","","","","","","","","","","","","","","","","","","","","","","","","Yes","","","","",""
"SU49SE159","","CP","HISTORIC","21.05","BGS Boreholes","NonConfidential","","70.57","73.60","73.60","448400.00","191290.00","","","","51.618364","-1.302305","","https://arup.sharepoint.com/:b:/r/teams/prj-30356800/Data%20and%20Documents%20Library/GE%20-%20Geotechnical/GI%20reports/19XX%20BGS/SU49SE159.pdf","","","","","Full","","","","","","","Imported from within site extent","ADD REPORT A34 B430","","","","","","","","","","","","","","","","","","","","","","","","","","","","","","","Yes","","","","",""
"SU49SE16","","CP","HISTORIC","3.05","BGS Boreholes","NonConfidential","","58.97","58.71","58.71","447760.00","192510.00","WC_01/04/2025","","","51.629387","-1.311382","","https://arup.sharepoint.com/:b:/r/teams/prj-30356800/Data%20and%20Documents%20Library/GE%20-%20Geotechnical/GI%20reports/19XX%20BGS/SU49SE16.pdf","","","","","","","","","","","","Imported from Motts Leapfrog model","","","","","","","","","","","","","","","","","","","","","","","","","","","","","","","","Yes","","","","",""
"SU49SE160","","CP","HISTORIC","21.75","BGS Boreholes","NonConfidential","","73.72","74.70","74.70","448380.00","191240.00","","","","51.617916","-1.302601","","https://arup.sharepoint.com/:b:/r/teams/prj-30356800/Data%20and%20Documents%20Library/GE%20-%20Geotechnical/GI%20reports/19XX%20BGS/SU49SE160.pdf","","","","","Full","","","","","","","Imported from within site extent","ADD REPORT A34 B432","","","","","","","","","","","","","","","","","","","","","","","","","","","","","","","Yes","","","","",""
"SU49SE161","","CP","HISTORIC","2.00","BGS Boreholes","NonConfidential","","67.02","67.02","","448340.00","191460.00","","","","51.619897","-1.303148","","https://arup.sharepoint.com/:b:/r/teams/prj-30356800/Data%20and%20Documents%20Library/GE%20-%20Geotechnical/GI%20reports/19XX%20BGS/SU49SE161.pdf","","","","","Full","","","","","","","Imported from within site extent","ADD REPORT A34 448","","","","","","","","","","","","","","","","","","","","","","","","","","","","","","","Yes","","","","",""
"SU49SE162","","CP","HISTORIC","2.00","BGS Boreholes","NonConfidential","","65.06","65.06","","448370.00","191460.00","","","","51.619895","-1.302715","","https://arup.sharepoint.com/:b:/r/teams/prj-30356800/Data%20and%20Documents%20Library/GE%20-%20Geotechnical/GI%20reports/19XX%20BGS/SU49SE162.pdf","","","","","Full","","","","","","","Imported from within site extent","ADD REPORT A34 449","","","","","","","","","","","","","","","","","","","","","","","","","","","","","","","Yes","","","","",""
"SU49SE163","","CP","HISTORIC","25.05","BGS Boreholes","NonConfidential","","62.90","60.10","60.10","448110.00","191750.00","UK_02/04/2025","","","51.622524","-1.306430","","https://arup.sharepoint.com/:b:/r/teams/prj-30356800/Data%20and%20Documents%20Library/GE%20-%20Geotechnical/GI%20reports/19XX%20BGS/SU49SE163.pdf","","","","","","","","","","","","Imported from Motts Leapfrog model","","","","","","","","","","","","","","","","","","","","","","","","","","","","","","","","Yes","","","","",""
"SU49SE164","","CP","HISTORIC","13.45","BGS Boreholes","NonConfidential","","64.31","60.10","60.10","448140.00","191750.00","UK_02/04/2025","","","51.622522","-1.305997","","https://arup.sharepoint.com/:b:/r/teams/prj-30356800/Data%20and%20Documents%20Library/GE%20-%20Geotechnical/GI%20reports/19XX%20BGS/SU49SE164.pdf","","","","","","","","","","","","Imported from Motts Leapfrog model","","","","","","","","","","","","","","","","","","","","","","","","","","","","","","","","Yes","","","","",""
"SU49SE165","","EH","HISTORIC","10.00","BGS Boreholes","NonConfidential","","71.43","74.55","74.55","449680.00","190170.00","","","","51.608183","-1.283977","","https://arup.sharepoint.com/:b:/r/teams/prj-30356800/Data%20and%20Documents%20Library/GE%20-%20Geotechnical/GI%20reports/19XX%20BGS/SU49SE165.pdf","","","","","Full","","","","","","","","ADD REPORT A34 446","","","","","","","","","","","","","","","","","","","","","","","","","","","","","","","Yes","","","","",""
"SU49SE166","","EH","HISTORIC","2.00","BGS Boreholes","NonConfidential","","65.28","65.70","65.70","449530.00","190330.00","","","","51.609634","-1.286120","","https://arup.sharepoint.com/:b:/r/teams/prj-30356800/Data%20and%20Documents%20Library/GE%20-%20Geotechnical/GI%20reports/19XX%20BGS/SU49SE166.pdf","","","","","Full","","","","","","","","ADD REPORT A34 447","","","","","","","","","","","","","","","","","","","","","","","","","","","","","","","Yes","","","","",""
"SU49SE167","","BH","HISTORIC","2.50","BGS Boreholes","NonConfidential","","69.37","69.37","69.20","445630.00","190430.00","UK_02/04/2025","","","51.610862","-1.342422","","https://arup.sharepoint.com/:b:/r/teams/prj-30356800/Data%20and%20Documents%20Library/GE%20-%20Geotechnical/GI%20reports/19XX%20BGS/SU49SE167.pdf","","","","","Full","","","","","","","Imported from Motts Leapfrog model","NORTH OF WOODS FARM EAST HENDRED","","","","","","","","","","","","","","","","","","","","","","","","","","","","","","","Yes","","","","",""
"SU49SE168","","BH","HISTORIC","2.90","BGS Boreholes","NonConfidential","","68.17","68.17","68.30","446120.00","190690.00","UK_02/04/2025","","","51.613160","-1.335313","","https://arup.sharepoint.com/:b:/r/teams/prj-30356800/Data%20and%20Documents%20Library/GE%20-%20Geotechnical/GI%20reports/19XX%20BGS/SU49SE168.pdf","","","","","Full","","","","","","","Imported from Motts Leapfrog model","HILL FARM STEVENTON","","","","","","","","","","","","","","","","","","","","","","","","","","","","","","","Yes","","","","",""
"SU49SE17","","BH","HISTORIC","3.05","BGS Boreholes","NonConfidential","","59.74","58.92","58.92","447800.00","192420.00","WC_01/04/2025","","","51.628574","-1.310817","","https://arup.sharepoint.com/:b:/r/teams/prj-30356800/Data%20and%20Documents%20Library/GE%20-%20Geotechnical/GI%20reports/19XX%20BGS/SU49SE17.pdf","","","","","","","","","","","","Imported from Motts Leapfrog model","","","","","","","","","","","","","","","","","","","","","","","","","","","","","","","","Yes","","","","",""
"SU49SE177","","CP","HISTORIC","12.00","BGS Boreholes","NonConfidential","","77.84","81.30","81.30","448320.00","191210.00","","","","51.617651","-1.303471","","https://arup.sharepoint.com/:b:/r/teams/prj-30356800/Data%20and%20Documents%20Library/GE%20-%20Geotechnical/GI%20reports/19XX%20BGS/SU49SE177.pdf","","","","","Full","","","","","","","Imported from within site extent","A34 CHILTON-DRAYTON IMP.P1","","","","","","","","","","","","","","","","","","","","","","","","","","","","","","","Yes","","","","",""
"SU49SE178","","CP","HISTORIC","6.00","BGS Boreholes","NonConfidential","","80.03","80.03","","448320.00","191190.00","","","","51.617471","-1.303474","","https://arup.sharepoint.com/:b:/r/teams/prj-30356800/Data%20and%20Documents%20Library/GE%20-%20Geotechnical/GI%20reports/19XX%20BGS/SU49SE178.pdf","","","","","Full","","","","","","","Imported from within site extent","A34 CHILTON-DRAYTON IMP.P2","","","","","","","","","","","","","","","","","","","","","","","","","","","","","","","Yes","","","","",""
"SU49SE179","","EH","HISTORIC","12.00","BGS Boreholes","NonConfidential","","79.74","79.74","0.00","448830.00","190850.00","","","","51.614371","-1.296156","","https://arup.sharepoint.com/:b:/r/teams/prj-30356800/Data%20and%20Documents%20Library/GE%20-%20Geotechnical/GI%20reports/19XX%20BGS/SU49SE179.pdf","No ground level","","","","Full","","","","","","","","A34 CHILTON-DRAYTON IMP.P3","","","","","","","","","","","","","","","","","","","","","","","","","","","","","","","Yes","","","","",""
"SU49SE18","","CP","HISTORIC","3.05","BGS Boreholes","NonConfidential","","60.20","59.05","59.05","447860.00","192310.00","WC_01/04/2025","","","51.627580","-1.309965","","https://arup.sharepoint.com/:b:/r/teams/prj-30356800/Data%20and%20Documents%20Library/GE%20-%20Geotechnical/GI%20reports/19XX%20BGS/SU49SE18.pdf","","","","","","","","","","","","Imported from Motts Leapfrog model","","","","","","","","","","","","","","","","","","","","","","","","","","","","","","","","Yes","","","","",""
"SU49SE180","","EH","HISTORIC","6.00","BGS Boreholes","NonConfidential","","80.41","80.41","0.00","448820.00","190840.00","","","","51.614282","-1.296302","","https://arup.sharepoint.com/:b:/r/teams/prj-30356800/Data%20and%20Documents%20Library/GE%20-%20Geotechnical/GI%20reports/19XX%20BGS/SU49SE180.pdf","No ground level","","","","Full","","","","","","","","A34 CHILTON-DRAYTON IMP.P4","","","","","","","","","","","","","","","","","","","","","","","","","","","","","","","Yes","","","","",""
"SU49SE185","","EH","HISTORIC","50.00","BGS Boreholes","NonConfidential","","96.34","96.10","96.10","447100.00","190160.00","","","","51.608314","-1.321232","","https://arup.sharepoint.com/:b:/r/teams/prj-30356800/Data%20and%20Documents%20Library/GE%20-%20Geotechnical/GI%20reports/19XX%20BGS/SU49SE185.pdf","Log too vague for geological interpretation","","","","Full","","","","","","","","ESSO RESEARCH CENTRE E2","","","","","","","","","","","","","","","","","","","","","","","","","","","","","","","Yes","","","","",""
"SU49SE186","","EH","HISTORIC","50.00","BGS Boreholes","NonConfidential","","96.72","96.32","96.32","447120.00","190190.00","","","","51.608582","-1.320939","","https://arup.sharepoint.com/:b:/r/teams/prj-30356800/Data%20and%20Documents%20Library/GE%20-%20Geotechnical/GI%20reports/19XX%20BGS/SU49SE186.pdf","Log too vague for geological interpretation","","","","Full","","","","","","","","ESSO RESEARCH CENTRE E3","","","","","","","","","","","","","","","","","","","","","","","","","","","","","","","Yes","","","","",""
"SU49SE19","","BH","HISTORIC","3.05","BGS Boreholes","NonConfidential","","61.35","59.41","59.41","447920.00","192230.00","WC_01/04/2025","","","51.626856","-1.309109","","https://arup.sharepoint.com/:b:/r/teams/prj-30356800/Data%20and%20Documents%20Library/GE%20-%20Geotechnical/GI%20reports/19XX%20BGS/SU49SE19.pdf","","","","","","","","","","","","Imported from Motts Leapfrog model","","","","","","","","","","","","","","","","","","","","","","","","","","","","","","","","Yes","","","","",""
"SU49SE190","","BH","HISTORIC","57.00","BGS Boreholes","NonConfidential","","64.95","64.95","","446260.00","191590.00","","","","51.621240","-1.333172","","https://arup.sharepoint.com/:b:/r/teams/prj-30356800/Data%20and%20Documents%20Library/GE%20-%20Geotechnical/GI%20reports/19XX%20BGS/SU49SE190.pdf","Missing log","","","","Full","","","","","","","Imported from within site extent","STEVENTON OXON 39","","","","","","","","","","","","","","","","","","","","","","","","","","","","","","","Yes","","","","",""
"SU49SE192","","EH","HISTORIC","2.00","BGS Boreholes","NonConfidential","","68.25","68.25","0.00","446150.00","190700.00","","","","51.613247","-1.334878","","https://arup.sharepoint.com/:b:/r/teams/prj-30356800/Data%20and%20Documents%20Library/GE%20-%20Geotechnical/GI%20reports/19XX%20BGS/SU49SE192.pdf","No ground level","","","","Full","","","","","","","","HILL FM STEVENTON A","","","","","","","","","","","","","","","","","","","","","","","","","","","","","","","Yes","","","","",""
"SU49SE193","","BH","HISTORIC","2.00","BGS Boreholes","NonConfidential","","66.55","66.55","","445600.00","191600.00","","","","51.621384","-1.342704","","https://arup.sharepoint.com/:b:/r/teams/prj-30356800/Data%20and%20Documents%20Library/GE%20-%20Geotechnical/GI%20reports/19XX%20BGS/SU49SE193.pdf","","","","","Full","","","","","","","Imported from within site extent","HILL FM STEVENTON D","","","","","","","","","","","","","","","","","","","","","","","","","","","","","","","Yes","","","","",""
"SU49SE194","","EH","HISTORIC","1.00","BGS Boreholes","NonConfidential","","68.49","68.49","0.00","445550.00","191020.00","","","","51.616173","-1.343501","","https://arup.sharepoint.com/:b:/r/teams/prj-30356800/Data%20and%20Documents%20Library/GE%20-%20Geotechnical/GI%20reports/19XX%20BGS/SU49SE194.pdf","No ground level","","","","Full","","","","","","","","HILL FM STEVENTON E","","","","","","","","","","","","","","","","","","","","","","","","","","","","","","","Yes","","","","",""
"SU49SE195","","EH","HISTORIC","1.00","BGS Boreholes","NonConfidential","","68.86","68.86","0.00","445510.00","190990.00","","","","51.615906","-1.344083","","https://arup.sharepoint.com/:b:/r/teams/prj-30356800/Data%20and%20Documents%20Library/GE%20-%20Geotechnical/GI%20reports/19XX%20BGS/SU49SE195.pdf","No ground level","","","","Full","","","","","","","","HILL FM STEVENTON F","","","","","","","","","","","","","","","","","","","","","","","","","","","","","","","Yes","","","","",""
"SU49SE196","","BH","HISTORIC","1.83","BGS Boreholes","NonConfidential","","59.90","59.90","","447810.00","192270.00","","","","51.627225","-1.310693","","https://arup.sharepoint.com/:b:/r/teams/prj-30356800/Data%20and%20Documents%20Library/GE%20-%20Geotechnical/GI%20reports/19XX%20BGS/SU49SE196.pdf","","","","","Full","","","","","","","Imported from within site extent","MILL LANE MILTON BERKSHIRE 1","","","","","","","","","","","","","","","","","","","","","","","","","","","","","","","Yes","","","","",""
"SU49SE197","","BH","HISTORIC","2.44","BGS Boreholes","NonConfidential","","59.72","59.72","","447790.00","192390.00","","","","51.628305","-1.310965","","https://arup.sharepoint.com/:b:/r/teams/prj-30356800/Data%20and%20Documents%20Library/GE%20-%20Geotechnical/GI%20reports/19XX%20BGS/SU49SE197.pdf","","","","","Full","","","","","","","Imported from within site extent","MILL LANE MILTON BERKSHIRE 2","","","","","","","","","","","","","","","","","","","","","","","","","","","","","","","Yes","","","","",""
"SU49SE198","","BH","HISTORIC","1.52","BGS Boreholes","NonConfidential","","59.18","59.18","","447950.00","192470.00","","","","51.629011","-1.308643","","https://arup.sharepoint.com/:b:/r/teams/prj-30356800/Data%20and%20Documents%20Library/GE%20-%20Geotechnical/GI%20reports/19XX%20BGS/SU49SE198.pdf","","","","","Full","","","","","","","Imported from within site extent","MILL LANE MILTON BERKSHIRE 3","","","","","","","","","","","","","","","","","","","","","","","","","","","","","","","Yes","","","","",""
"SU49SE199","","BH","HISTORIC","2.13","BGS Boreholes","NonConfidential","","58.97","58.97","","447850.00","192570.00","","","","51.629919","-1.310074","","https://arup.sharepoint.com/:b:/r/teams/prj-30356800/Data%20and%20Documents%20Library/GE%20-%20Geotechnical/GI%20reports/19XX%20BGS/SU49SE199.pdf","","","","","Full","","","","","","","Imported from within site extent","MILL LANE MILTON BERKSHIRE 4","","","","","","","","","","","","","","","","","","","","","","","","","","","","","","","Yes","","","","",""
"SU49SE2","","BH","HISTORIC","91.60","BGS Boreholes","NonConfidential","","66.30","66.30","66.06","445210.00","191690.00","UK_02/04/2025","","","51.622224","-1.348325","","https://arup.sharepoint.com/:b:/r/teams/prj-30356800/Data%20and%20Documents%20Library/GE%20-%20Geotechnical/GI%20reports/19XX%20BGS/SU49SE2.pdf","","","","","","","","","","","","Imported from Motts Leapfrog model. ground elevation changed from 63.66 to 66.06
","","","","","","","","","","","","","","","","","","","","","","","","","","","","","","","","Yes","","","","",""
"SU49SE20","","CP","HISTORIC","3.05","BGS Boreholes","NonConfidential","","60.71","59.44","59.44","447960.00","192140.00","WC_01/04/2025","","","51.626043","-1.308544","","https://arup.sharepoint.com/:b:/r/teams/prj-30356800/Data%20and%20Documents%20Library/GE%20-%20Geotechnical/GI%20reports/19XX%20BGS/SU49SE20.pdf","","","","","","","","","","","","Imported from Motts Leapfrog model","","","","","","","","","","","","","","","","","","","","","","","","","","","","","","","","Yes","","","","",""
"SU49SE204","","EH","HISTORIC","-1.00","BGS Boreholes","Confidential","","67.64","67.64","67.50","445809.00","190828.00","","","","51.614426","-1.339786","","Failed Download - Confidential","Confidential","","","","Full","","","","","","","","OXFORDSHIRE RES. INVEST. TP9","","","","","","","","","","","","","","","","","","","","","","","","","","","","","","","Yes","","","","",""
"SU49SE205","","EH","HISTORIC","-1.00","BGS Boreholes","Confidential","","70.44","70.44","70.80","445237.00","190446.00","","","","51.611037","-1.348095","","Failed Download - Confidential","Confidential","","","","Full","","","","","","","","OXFORDSHIRE RES. INVEST. TP12","","","","","","","","","","","","","","","","","","","","","","","","","","","","","","","Yes","","","","",""
"SU49SE21","","CP","HISTORIC","3.05","BGS Boreholes","NonConfidential","","62.23","59.32","59.32","448000.00","192070.00","UK_02/04/2025","","","51.625410","-1.307975","","https://arup.sharepoint.com/:b:/r/teams/prj-30356800/Data%20and%20Documents%20Library/GE%20-%20Geotechnical/GI%20reports/19XX%20BGS/SU49SE21.pdf","","","","","","","","","","","","Imported from Motts Leapfrog model","","","","","","","","","","","","","","","","","","","","","","","","","","","","","","","","Yes","","","","",""
"SU49SE22","","CP","HISTORIC","4.51","BGS Boreholes","NonConfidential","","60.06","59.22","59.22","448040.00","191980.00","UK_02/04/2025","","","51.624598","-1.307410","","https://arup.sharepoint.com/:b:/r/teams/prj-30356800/Data%20and%20Documents%20Library/GE%20-%20Geotechnical/GI%20reports/19XX%20BGS/SU49SE22.pdf","","","","","","","","","","","","Imported from Motts Leapfrog model","","","","","","","","","","","","","","","","","","","","","","","","","","","","","","","","Yes","","","","",""
"SU49SE23","","CP","HISTORIC","5.05","BGS Boreholes","NonConfidential","","64.00","59.27","59.27","448090.00","191870.00","UK_02/04/2025","","","51.623605","-1.306703","","https://arup.sharepoint.com/:b:/r/teams/prj-30356800/Data%20and%20Documents%20Library/GE%20-%20Geotechnical/GI%20reports/19XX%20BGS/SU49SE23.pdf","","","","","","","","","","","","Imported from Motts Leapfrog model","","","","","","","","","","","","","","","","","","","","","","","","","","","","","","","","Yes","","","","",""
"SU49SE24","","CP","HISTORIC","7.62","BGS Boreholes","NonConfidential","","62.90","59.48","59.48","448130.00","191780.00","UK_02/04/2025","","","51.622792","-1.306137","","https://arup.sharepoint.com/:b:/r/teams/prj-30356800/Data%20and%20Documents%20Library/GE%20-%20Geotechnical/GI%20reports/19XX%20BGS/SU49SE24.pdf","","","","","","","","","","","","Imported from Motts Leapfrog model","","","","","","","","","","","","","","","","","","","","","","","","","","","","","","","","Yes","","","","",""
"SU49SE25","","CP","HISTORIC","6.10","BGS Boreholes","NonConfidential","","65.28","60.08","60.08","448160.00","191730.00","UK_02/04/2025","","","51.622340","-1.305711","","https://arup.sharepoint.com/:b:/r/teams/prj-30356800/Data%20and%20Documents%20Library/GE%20-%20Geotechnical/GI%20reports/19XX%20BGS/SU49SE25.pdf","","","","","","","","","","","","Imported from Motts Leapfrog model","","","","","","","","","","","","","","","","","","","","","","","","","","","","","","","","Yes","","","","",""
"SU49SE254","","BH","HISTORIC","6.70","BGS Boreholes","Confidential","","58.78","58.78","58.50","445118.00","193031.00","","","","51.634288","-1.349482","","https://arup.sharepoint.com/teams/prj-30356800/Data%20and%20Documents%20Library/GE%20-%20Geotechnical/GI%20reports/19XX%20BGS/SU49SW49.pdf","","","","","Full","","","","","","","Imported from within site extent, 01/05/2025 DF added final depth from SU49SW49 which includes logs for full investigation","VIEWS FARM STEVENTON 1","","","","","","","","","","","","","","","","","","","","","","","","","","","","","","","Yes","","","","",""
"SU49SE26","","CP","HISTORIC","9.14","BGS Boreholes","NonConfidential","","65.92","60.72","60.72","448170.00","191650.00","UK_02/04/2025","","","51.621620","-1.305577","","https://arup.sharepoint.com/:b:/r/teams/prj-30356800/Data%20and%20Documents%20Library/GE%20-%20Geotechnical/GI%20reports/19XX%20BGS/SU49SE26.pdf","","","","","","","","","","","","Imported from Motts Leapfrog model","","","","","","","","","","","","","","","","","","","","","","","","","","","","","","","","Yes","","","","",""
"SU49SE27","","CP","HISTORIC","4.00","BGS Boreholes","NonConfidential","","73.39","73.39","","448270.00","191370.00","","","","51.619094","-1.304172","","https://arup.sharepoint.com/:b:/r/teams/prj-30356800/Data%20and%20Documents%20Library/GE%20-%20Geotechnical/GI%20reports/19XX%20BGS/SU49SE27.pdf","","","","","Full","","","","","","","Imported from within site extent","ABINGDON BY PASS BH147","","","","","","","","","","","","","","","","","","","","","","","","","","","","","","","Yes","","","","",""
"SU49SE28","","CP","HISTORIC","6.40","BGS Boreholes","NonConfidential","","70.71","70.71","","448340.00","191310.00","","","","51.618548","-1.303169","","https://arup.sharepoint.com/:b:/r/teams/prj-30356800/Data%20and%20Documents%20Library/GE%20-%20Geotechnical/GI%20reports/19XX%20BGS/SU49SE28.pdf","","","","","Full","","","","","","","Imported from within site extent","ABINGDON BY PASS BH148","","","","","","","","","","","","","","","","","","","","","","","","","","","","","","","Yes","","","","",""
"SU49SE29","","CP","HISTORIC","5.49","BGS Boreholes","NonConfidential","","72.98","72.98","","448390.00","191250.00","","","","51.618005","-1.302455","","https://arup.sharepoint.com/:b:/r/teams/prj-30356800/Data%20and%20Documents%20Library/GE%20-%20Geotechnical/GI%20reports/19XX%20BGS/SU49SE29.pdf","","","","","Full","","","","","","","Imported from within site extent","ABINGDON BY PASS BH149","","","","","","","","","","","","","","","","","","","","","","","","","","","","","","","Yes","","","","",""
"SU49SE3","","BH","HISTORIC","56.70","BGS Boreholes","NonConfidential","","61.31","61.31","61.57","445280.00","192650.00","UK_02/04/2025","","","51.630850","-1.347190","","https://arup.sharepoint.com/:b:/r/teams/prj-30356800/Data%20and%20Documents%20Library/GE%20-%20Geotechnical/GI%20reports/19XX%20BGS/SU49SE3.pdf","","","","","","","","","","","","Imported from Motts Leapfrog model","","","","","","","","","","","","","","","","","","","","","","","","","","","","","","","","Yes","","","","",""
"SU49SE30","","CP","HISTORIC","3.00","BGS Boreholes","NonConfidential","","74.42","74.42","","448460.00","191200.00","","","","51.617549","-1.301451","","https://arup.sharepoint.com/:b:/r/teams/prj-30356800/Data%20and%20Documents%20Library/GE%20-%20Geotechnical/GI%20reports/19XX%20BGS/SU49SE30.pdf","","","","","Full","","","","","","","Imported from within site extent","ABINGDON BY PASS BH150","","","","","","","","","","","","","","","","","","","","","","","","","","","","","","","Yes","","","","",""
"SU49SE302","","EH","HISTORIC","-1.00","BGS Boreholes","Confidential","","82.50","82.50","","448310.00","191160.00","","","","51.617202","-1.303623","","PDF not downloaded/missing","","","","","Full","","","","","","","Imported from within site extent","MILTON HEIGHTS TP 1","","","","","","","","","","","","","","","","","","","","","","","","","","","","","","","Yes","","","","",""
"SU49SE303","","EH","HISTORIC","-1.00","BGS Boreholes","Confidential","","85.83","85.83","","448290.00","191080.00","","","","51.616485","-1.303923","","PDF not downloaded/missing","","","","","Full","","","","","","","Imported from within site extent","MILTON HEIGHTS TP 2","","","","","","","","","","","","","","","","","","","","","","","","","","","","","","","Yes","","","","",""
"SU49SE304","","EH","HISTORIC","-1.00","BGS Boreholes","Confidential","","87.16","87.16","0.00","448320.00","190990.00","","","","51.615673","-1.303502","","Failed Download - Confidential","Confidential","","","","Full","","","","","","","","MILTON HEIGHTS TP 3","","","","","","","","","","","","","","","","","","","","","","","","","","","","","","","Yes","","","","",""
"SU49SE305","","EH","HISTORIC","-1.00","BGS Boreholes","Confidential","","86.16","86.16","0.00","448420.00","190980.00","","","","51.615575","-1.302059","","Failed Download - Confidential","Confidential","","","","Full","","","","","","","","MILTON HEIGHTS TP 4","","","","","","","","","","","","","","","","","","","","","","","","","","","","","","","Yes","","","","",""
"SU49SE306","","EH","HISTORIC","-1.00","BGS Boreholes","Confidential","","85.55","85.55","0.00","448350.00","191040.00","","","","51.616120","-1.303062","","Failed Download - Confidential","Confidential","","","","Full","","","","","","","","MILTON HEIGHTS TP 5","","","","","","","","","","","","","","","","","","","","","","","","","","","","","","","Yes","","","","",""
"SU49SE307","","EH","HISTORIC","-1.00","BGS Boreholes","Confidential","","83.44","83.44","","448350.00","191110.00","","","","51.616749","-1.303052","","PDF not downloaded/missing","","","","","Full","","","","","","","Imported from within site extent","MILTON HEIGHTS TP 6","","","","","","","","","","","","","","","","","","","","","","","","","","","","","","","Yes","","","","",""
"SU49SE31","","CP","HISTORIC","4.00","BGS Boreholes","NonConfidential","","77.63","77.63","","448540.00","191130.00","","","","51.616913","-1.300305","","https://arup.sharepoint.com/:b:/r/teams/prj-30356800/Data%20and%20Documents%20Library/GE%20-%20Geotechnical/GI%20reports/19XX%20BGS/SU49SE31.pdf","","","","","Full","","","","","","","Imported from within site extent","ABINGDON BY PASS BH157","","","","","","","","","","","","","","","","","","","","","","","","","","","","","","","Yes","","","","",""
"SU49SE32","","CP","HISTORIC","6.00","BGS Boreholes","NonConfidential","","78.36","78.36","","448620.00","191090.00","","","","51.616546","-1.299155","","https://arup.sharepoint.com/:b:/r/teams/prj-30356800/Data%20and%20Documents%20Library/GE%20-%20Geotechnical/GI%20reports/19XX%20BGS/SU49SE32.pdf","","","","","Full","","","","","","","Imported from within site extent","ABINGDON BY PASS BH152","","","","","","","","","","","","","","","","","","","","","","","","","","","","","","","Yes","","","","",""
"SU49SE33","","EH","HISTORIC","7.62","BGS Boreholes","NonConfidential","","78.66","81.83","81.83","448670.00","191040.00","","","","51.616093","-1.298440","","https://arup.sharepoint.com/:b:/r/teams/prj-30356800/Data%20and%20Documents%20Library/GE%20-%20Geotechnical/GI%20reports/19XX%20BGS/SU49SE33.pdf","","","","","Full","","","","","","","","ABINGDON BY PASS BH153","","","","","","","","","","","","","","","","","","","","","","","","","","","","","","","Yes","","","","",""
"SU49SE34","","EH","HISTORIC","10.67","BGS Boreholes","NonConfidential","","79.68","82.13","82.13","448740.00","190970.00","","","","51.615457","-1.297439","","https://arup.sharepoint.com/:b:/r/teams/prj-30356800/Data%20and%20Documents%20Library/GE%20-%20Geotechnical/GI%20reports/19XX%20BGS/SU49SE34.pdf","","","","","Full","","","","","","","","ABINGDON BY PASS BH154","","","","","","","","","","","","","","","","","","","","","","","","","","","","","","","Yes","","","","",""
"SU49SE348","","EH","HISTORIC","-1.00","BGS Boreholes","Confidential","","59.56","59.56","59.90","446155.00","193199.00","","","","51.635715","-1.334477","","PDF not downloaded/missing","","","","","Full","","","","","","","Imported from within site extent","THAMES WATER 25","","","","","","","","","","","","","","","","","","","","","","","","","","","","","","","Yes","","","","",""
"SU49SE35","","EH","HISTORIC","12.19","BGS Boreholes","NonConfidential","","78.80","81.97","81.97","448810.00","190910.00","","","","51.614912","-1.296436","","https://arup.sharepoint.com/:b:/r/teams/prj-30356800/Data%20and%20Documents%20Library/GE%20-%20Geotechnical/GI%20reports/19XX%20BGS/SU49SE35.pdf","","","","","Full","","","","","","","","ABINGDON BY PASS BH155","","","","","","","","","","","","","","","","","","","","","","","","","","","","","","","Yes","","","","",""
"SU49SE352","","EH","HISTORIC","6.00","BGS Boreholes","NonConfidential","","93.05","93.05","92.86","447965.00","190942.00","","","","51.615272","-1.308635","","https://arup.sharepoint.com/:b:/r/teams/prj-30356800/Data%20and%20Documents%20Library/GE%20-%20Geotechnical/GI%20reports/19XX%20BGS/SU49SE352.pdf","","","","","Full","","","","","","","","4RVF - GATOX - HAGBOURNE HILL - FYFIELD PIPELINE 3","","","","","","","","","","","","","","","","","","","","","","","","","","","","","","","Yes","","","","",""
"SU49SE353","","CP","HISTORIC","18.25","BGS Boreholes","NonConfidential","","66.65","66.65","66.61","447845.00","191568.00","UK_02/04/2025","","","51.620910","-1.310283","","https://arup.sharepoint.com/:b:/r/teams/prj-30356800/Data%20and%20Documents%20Library/GE%20-%20Geotechnical/GI%20reports/19XX%20BGS/SU49SE353.pdf","","","","","","","","","","","","Imported from Motts Leapfrog model","","","","","","","","","","","","","","","","","","","","","","","","","","","","","","","","Yes","","","","",""
"SU49SE354","","CP","HISTORIC","15.20","BGS Boreholes","NonConfidential","","62.96","62.96","63.03","447842.00","191645.00","UK_02/04/2025","","","51.621603","-1.310316","","https://arup.sharepoint.com/:b:/r/teams/prj-30356800/Data%20and%20Documents%20Library/GE%20-%20Geotechnical/GI%20reports/19XX%20BGS/SU49SE354.pdf","","","","","","","","","","","","Imported from Motts Leapfrog model","","","","","","","","","","","","","","","","","","","","","","","","","","","","","","","","Yes","","","","",""
"SU49SE355","","CP","HISTORIC","6.00","BGS Boreholes","NonConfidential","","59.10","59.10","58.93","447704.00","192434.00","UK_02/04/2025","","","51.628708","-1.312202","","https://arup.sharepoint.com/:b:/r/teams/prj-30356800/Data%20and%20Documents%20Library/GE%20-%20Geotechnical/GI%20reports/19XX%20BGS/SU49SE355.pdf","","","","","","","","","","","","Imported from Motts Leapfrog model","","","","","","","","","","","","","","","","","","","","","","","","","","","","","","","","Yes","","","","",""
"SU49SE356","","CP","HISTORIC","15.35","BGS Boreholes","NonConfidential","","59.98","59.98","59.78","447175.00","192661.00","UK_02/04/2025","","","51.630794","-1.319813","","https://arup.sharepoint.com/:b:/r/teams/prj-30356800/Data%20and%20Documents%20Library/GE%20-%20Geotechnical/GI%20reports/19XX%20BGS/SU49SE356.pdf","","","","","","","","","","","","Imported from Motts Leapfrog model","","","","","","","","","","","","","","","","","","","","","","","","","","","","","","","","Yes","","","","",""
"SU49SE357","","TP","HISTORIC","3.00","BGS Boreholes","NonConfidential","","59.30","59.30","","447292.00","193339.00","","","","51.636880","-1.318031","","https://arup.sharepoint.com/:b:/r/teams/prj-30356800/Data%20and%20Documents%20Library/GE%20-%20Geotechnical/GI%20reports/19XX%20BGS/SU49SE357.pdf","","","","","Full","","","","","","","Imported from within site extent","4RVF - GATOX - HAGBOURNE HILL - FYFIELD PIPELINE TP15","","","","","","","","","","","","","","","","","","","","","","","","","","","","","","","Yes","","","","",""
"SU49SE358","","TP","HISTORIC","4.00","BGS Boreholes","NonConfidential","","70.82","70.82","71.26","449495.00","190212.00","","","","51.608577","-1.286642","","https://arup.sharepoint.com/:b:/r/teams/prj-30356800/Data%20and%20Documents%20Library/GE%20-%20Geotechnical/GI%20reports/19XX%20BGS/SU49SE358.pdf","","","","","Full","","","","","","","","4RVF - GATOX - HAGBOURNE HILL - FYFIELD PIPELINE TP6","","","","","","","","","","","","","","","","","","","","","","","","","","","","","","","Yes","","","","",""
"SU49SE359","","TP","HISTORIC","4.00","BGS Boreholes","NonConfidential","","54.85","54.85","55.20","446560.00","194860.00","UK_02/04/2025","","","51.650615","-1.328406","","https://arup.sharepoint.com/:b:/r/teams/prj-30356800/Data%20and%20Documents%20Library/GE%20-%20Geotechnical/GI%20reports/19XX%20BGS/SU49SE359.pdf","","","","","","","","","","","","Imported from Motts Leapfrog model","","","","","","","","","","","","","","","","","","","","","","","","","","","","","","","","Yes","","","","",""
"SU49SE36","","EH","HISTORIC","9.14","BGS Boreholes","NonConfidential","","76.48","78.92","78.92","448890.00","190850.00","","","","51.614365","-1.295289","","https://arup.sharepoint.com/:b:/r/teams/prj-30356800/Data%20and%20Documents%20Library/GE%20-%20Geotechnical/GI%20reports/19XX%20BGS/SU49SE36.pdf","","","","","Full","","","","","","","","ABINGDON BY PASS BH156","","","","","","","","","","","","","","","","","","","","","","","","","","","","","","","Yes","","","","",""
"SU49SE37","","EH","HISTORIC","6.10","BGS Boreholes","NonConfidential","","72.67","73.65","73.65","448970.00","190790.00","","","","51.613819","-1.294143","","https://arup.sharepoint.com/:b:/r/teams/prj-30356800/Data%20and%20Documents%20Library/GE%20-%20Geotechnical/GI%20reports/19XX%20BGS/SU49SE37.pdf","","","","","Full","","","","","","","","ABINGDON BY PASS BH157","","","","","","","","","","","","","","","","","","","","","","","","","","","","","","","Yes","","","","",""
"SU49SE38","","EH","HISTORIC","3.05","BGS Boreholes","NonConfidential","","69.46","69.08","69.08","449040.00","190750.00","","","","51.613453","-1.293137","","https://arup.sharepoint.com/:b:/r/teams/prj-30356800/Data%20and%20Documents%20Library/GE%20-%20Geotechnical/GI%20reports/19XX%20BGS/SU49SE38.pdf","","","","","Full","","","","","","","","ABINGDON BY PASS BH158","","","","","","","","","","","","","","","","","","","","","","","","","","","","","","","Yes","","","","",""
"SU49SE39","","EH","HISTORIC","3.05","BGS Boreholes","NonConfidential","","67.05","65.95","65.95","449110.00","190700.00","","","","51.612998","-1.292133","","https://arup.sharepoint.com/:b:/r/teams/prj-30356800/Data%20and%20Documents%20Library/GE%20-%20Geotechnical/GI%20reports/19XX%20BGS/SU49SE39.pdf","","","","","Full","","","","","","","","ABINGDON BY PASS BH159","","","","","","","","","","","","","","","","","","","","","","","","","","","","","","","Yes","","","","",""
"SU49SE40","","EH","HISTORIC","3.05","BGS Boreholes","NonConfidential","","64.84","64.12","64.12","449190.00","190640.00","","","","51.612451","-1.290986","","https://arup.sharepoint.com/:b:/r/teams/prj-30356800/Data%20and%20Documents%20Library/GE%20-%20Geotechnical/GI%20reports/19XX%20BGS/SU49SE40.pdf","","","","","Full","","","","","","","","ABINGDON BY PASS BH160","","","","","","","","","","","","","","","","","","","","","","","","","","","","","","","Yes","","","","",""
"SU49SE41","","EH","HISTORIC","9.14","BGS Boreholes","NonConfidential","","63.92","63.98","63.98","449260.00","190580.00","","","","51.611906","-1.289984","","https://arup.sharepoint.com/:b:/r/teams/prj-30356800/Data%20and%20Documents%20Library/GE%20-%20Geotechnical/GI%20reports/19XX%20BGS/SU49SE41.pdf","","","","","Full","","","","","","","","ABINGDON BY PASS BH163","","","","","","","","","","","","","","","","","","","","","","","","","","","","","","","Yes","","","","",""
"SU49SE42","","EH","HISTORIC","9.14","BGS Boreholes","NonConfidential","","63.70","63.98","63.98","449320.00","190510.00","","","","51.611271","-1.289127","","https://arup.sharepoint.com/:b:/r/teams/prj-30356800/Data%20and%20Documents%20Library/GE%20-%20Geotechnical/GI%20reports/19XX%20BGS/SU49SE42.pdf","","","","","Full","","","","","","","","ABINGDON BY PASS BH164","","","","","","","","","","","","","","","","","","","","","","","","","","","","","","","Yes","","","","",""
"SU49SE43","","EH","HISTORIC","6.36","BGS Boreholes","NonConfidential","","63.59","63.98","63.98","449380.00","190460.00","","","","51.610816","-1.288268","","https://arup.sharepoint.com/:b:/r/teams/prj-30356800/Data%20and%20Documents%20Library/GE%20-%20Geotechnical/GI%20reports/19XX%20BGS/SU49SE43.pdf","","","","","Full","","","","","","","","ABINGDON BY PASS BH161","","","","","","","","","","","","","","","","","","","","","","","","","","","","","","","Yes","","","","",""
"SU49SE44","","EH","HISTORIC","7.16","BGS Boreholes","NonConfidential","","63.97","63.98","63.98","449460.00","190380.00","","","","51.610090","-1.287124","","https://arup.sharepoint.com/:b:/r/teams/prj-30356800/Data%20and%20Documents%20Library/GE%20-%20Geotechnical/GI%20reports/19XX%20BGS/SU49SE44.pdf","","","","","Full","","","","","","","","ABINGDON BY PASS BH162","","","","","","","","","","","","","","","","","","","","","","","","","","","","","","","Yes","","","","",""
"SU49SE45","","EH","HISTORIC","3.05","BGS Boreholes","NonConfidential","","66.64","66.28","66.28","449530.00","190290.00","","","","51.609275","-1.286126","","https://arup.sharepoint.com/:b:/r/teams/prj-30356800/Data%20and%20Documents%20Library/GE%20-%20Geotechnical/GI%20reports/19XX%20BGS/SU49SE45.pdf","","","","","Full","","","","","","","","ABINGDON BY PASS BH165","","","","","","","","","","","","","","","","","","","","","","","","","","","","","","","Yes","","","","",""
"SU49SE46","","EH","HISTORIC","3.05","BGS Boreholes","NonConfidential","","69.69","70.69","70.69","449590.00","190220.00","","","","51.608640","-1.285269","","https://arup.sharepoint.com/:b:/r/teams/prj-30356800/Data%20and%20Documents%20Library/GE%20-%20Geotechnical/GI%20reports/19XX%20BGS/SU49SE46.pdf","","","","","Full","","","","","","","","ABINGDON BY PASS BH166","","","","","","","","","","","","","","","","","","","","","","","","","","","","","","","Yes","","","","",""
"SU49SE47","","EH","HISTORIC","6.10","BGS Boreholes","NonConfidential","","70.85","73.25","73.25","449670.00","190200.00","","","","51.608453","-1.284117","","https://arup.sharepoint.com/:b:/r/teams/prj-30356800/Data%20and%20Documents%20Library/GE%20-%20Geotechnical/GI%20reports/19XX%20BGS/SU49SE47.pdf","","","","","Full","","","","","","","","ABINGDON BY PASS BH167","","","","","","","","","","","","","","","","","","","","","","","","","","","","","","","Yes","","","","",""
"SU49SE50","","CP","HISTORIC","21.34","BGS Boreholes","NonConfidential","","60.06","59.08","59.08","447430.00","193260.00","ND_31/03/2025","","","51.636158","-1.316048","","https://arup.sharepoint.com/:b:/r/teams/prj-30356800/Data%20and%20Documents%20Library/GE%20-%20Geotechnical/GI%20reports/19XX%20BGS/SU49SE50.pdf","","","","","","","","","","","","Imported from Motts Leapfrog model","","","","","","","","","","","","","","","","","","","","","","","","","","","","","","","","Yes","","","","",""
"SU49SE51","","CP","HISTORIC","21.34","BGS Boreholes","NonConfidential","","60.42","59.39","59.39","447460.00","193260.00","ND_31/03/2025","","","51.636155","-1.315615","","https://arup.sharepoint.com/:b:/r/teams/prj-30356800/Data%20and%20Documents%20Library/GE%20-%20Geotechnical/GI%20reports/19XX%20BGS/SU49SE51.pdf","","","","","","","","","","","","Imported from Motts Leapfrog model","","","","","","","","","","","","","","","","","","","","","","","","","","","","","","","","Yes","","","","",""
"SU49SE52","","CP","HISTORIC","21.34","BGS Boreholes","NonConfidential","","60.15","59.13","59.13","447430.00","193230.00","ND_31/03/2025","","","51.635888","-1.316052","","https://arup.sharepoint.com/:b:/r/teams/prj-30356800/Data%20and%20Documents%20Library/GE%20-%20Geotechnical/GI%20reports/19XX%20BGS/SU49SE52.pdf","","","","","","","","","","","","Imported from Motts Leapfrog model","","","","","","","","","","","","","","","","","","","","","","","","","","","","","","","","Yes","","","","",""
"SU49SE53","","CP","HISTORIC","21.34","BGS Boreholes","NonConfidential","","60.46","59.41","59.41","447450.00","193210.00","UK_02/04/2025","","","51.635706","-1.315766","","https://arup.sharepoint.com/:b:/r/teams/prj-30356800/Data%20and%20Documents%20Library/GE%20-%20Geotechnical/GI%20reports/19XX%20BGS/SU49SE53.pdf","","","","","","","","","","","","Imported from Motts Leapfrog model","","","","","","","","","","","","","","","","","","","","","","","","","","","","","","","","Yes","","","","",""
"SU49SE54","","CP","HISTORIC","21.79","BGS Boreholes","NonConfidential","","60.24","59.39","59.39","447450.00","193290.00","UK_02/04/2025","","","51.636426","-1.315755","","https://arup.sharepoint.com/:b:/r/teams/prj-30356800/Data%20and%20Documents%20Library/GE%20-%20Geotechnical/GI%20reports/19XX%20BGS/SU49SE54.pdf","","","","","","","","","","","","Imported from Motts Leapfrog model","","","","","","","","","","","","","","","","","","","","","","","","","","","","","","","","Yes","","","","",""
"SU49SE55","","CP","HISTORIC","21.79","BGS Boreholes","NonConfidential","","61.15","60.05","60.05","447930.00","192220.00","UK_02/04/2025","","","51.626765","-1.308966","","https://arup.sharepoint.com/:b:/r/teams/prj-30356800/Data%20and%20Documents%20Library/GE%20-%20Geotechnical/GI%20reports/19XX%20BGS/SU49SE55.pdf","","","","","","","","","","","","Imported from Motts Leapfrog model","","","","","","","","","","","","","","","","","","","","","","","","","","","","","","","","Yes","","","","",""
"SU49SE56","","CP","HISTORIC","21.34","BGS Boreholes","NonConfidential","","61.34","60.05","60.05","447900.00","192200.00","UK_02/04/2025","","","51.626588","-1.309402","","https://arup.sharepoint.com/:b:/r/teams/prj-30356800/Data%20and%20Documents%20Library/GE%20-%20Geotechnical/GI%20reports/19XX%20BGS/SU49SE56.pdf","","","","","","","","","","","","Imported from Motts Leapfrog model","","","","","","","","","","","","","","","","","","","","","","","","","","","","","","","","Yes","","","","",""
"SU49SE57","","CP","HISTORIC","21.34","BGS Boreholes","NonConfidential","","64.11","62.18","62.18","448170.00","191600.00","UK_02/04/2025","","","51.621170","-1.305584","","https://arup.sharepoint.com/:b:/r/teams/prj-30356800/Data%20and%20Documents%20Library/GE%20-%20Geotechnical/GI%20reports/19XX%20BGS/SU49SE57.pdf","","","","","","","","","","","","Imported from Motts Leapfrog model","","","","","","","","","","","","","","","","","","","","","","","","","","","","","","","","Yes","","","","",""
"SU49SE58","","CP","HISTORIC","21.34","BGS Boreholes","NonConfidential","","63.12","62.02","62.02","448220.00","191600.00","UK_02/04/2025","","","51.621166","-1.304862","","https://arup.sharepoint.com/:b:/r/teams/prj-30356800/Data%20and%20Documents%20Library/GE%20-%20Geotechnical/GI%20reports/19XX%20BGS/SU49SE58.pdf","","","","","","","","","","","","Imported from Motts Leapfrog model","","","","","","","","","","","","","","","","","","","","","","","","","","","","","","","","Yes","","","","",""
"SU49SE59","","CP","HISTORIC","21.34","BGS Boreholes","NonConfidential","","66.36","64.46","64.46","448190.00","191530.00","","","","51.620539","-1.305305","","https://arup.sharepoint.com/:b:/r/teams/prj-30356800/Data%20and%20Documents%20Library/GE%20-%20Geotechnical/GI%20reports/19XX%20BGS/SU49SE59.pdf","","","","","Full","","","","","","","Imported from within site extent","ABINGDON BY PASS B108","","","","","","","","","","","","","","","","","","","","","","","","","","","","","","","Yes","","","","",""
"SU49SE60","","CP","HISTORIC","30.48","BGS Boreholes","NonConfidential","","66.25","63.80","63.80","448230.00","191540.00","","","","51.620626","-1.304726","","https://arup.sharepoint.com/:b:/r/teams/prj-30356800/Data%20and%20Documents%20Library/GE%20-%20Geotechnical/GI%20reports/19XX%20BGS/SU49SE60.pdf","","","","","Full","","","","","","","Imported from within site extent","ABINGDON BY PASS B145","","","","","","","","","","","","","","","","","","","","","","","","","","","","","","","Yes","","","","",""
"SU49SE61","","CP","HISTORIC","21.34","BGS Boreholes","NonConfidential","","70.84","64.31","64.31","448230.00","191490.00","","","","51.620176","-1.304733","","https://arup.sharepoint.com/:b:/r/teams/prj-30356800/Data%20and%20Documents%20Library/GE%20-%20Geotechnical/GI%20reports/19XX%20BGS/SU49SE61.pdf","","","","","Full","","","","","","","Imported from within site extent","ABINGDON BY PASS B109","","","","","","","","","","","","","","","","","","","","","","","","","","","","","","","Yes","","","","",""
"SU49SE62","","CP","HISTORIC","21.34","BGS Boreholes","NonConfidential","","71.63","66.83","66.83","448200.00","191450.00","","","","51.619819","-1.305172","","https://arup.sharepoint.com/:b:/r/teams/prj-30356800/Data%20and%20Documents%20Library/GE%20-%20Geotechnical/GI%20reports/19XX%20BGS/SU49SE62.pdf","","","","","Full","","","","","","","Imported from within site extent","ABINGDON BY PASS B110","","","","","","","","","","","","","","","","","","","","","","","","","","","","","","","Yes","","","","",""
"SU49SE63","","CP","HISTORIC","21.34","BGS Boreholes","NonConfidential","","72.67","66.92","66.92","448230.00","191430.00","","","","51.619637","-1.304741","","https://arup.sharepoint.com/:b:/r/teams/prj-30356800/Data%20and%20Documents%20Library/GE%20-%20Geotechnical/GI%20reports/19XX%20BGS/SU49SE63.pdf","","","","","Full","","","","","","","Imported from within site extent","ABINGDON BY PASS B111","","","","","","","","","","","","","","","","","","","","","","","","","","","","","","","Yes","","","","",""
"SU49SE64","","CP","HISTORIC","21.34","BGS Boreholes","NonConfidential","","71.41","66.51","66.51","448240.00","191460.00","","","","51.619906","-1.304593","","https://arup.sharepoint.com/:b:/r/teams/prj-30356800/Data%20and%20Documents%20Library/GE%20-%20Geotechnical/GI%20reports/19XX%20BGS/SU49SE64.pdf","","","","","Full","","","","","","","Imported from within site extent","ABINGDON BY PASS B146","","","","","","","","","","","","","","","","","","","","","","","","","","","","","","","Yes","","","","",""
"SU49SE65","","HA","HISTORIC","3.00","BGS Boreholes","NonConfidential","","67.65","67.65","","448380.00","191360.00","","","","51.618995","-1.302584","","https://arup.sharepoint.com/:b:/r/teams/prj-30356800/Data%20and%20Documents%20Library/GE%20-%20Geotechnical/GI%20reports/19XX%20BGS/SU49SE65.pdf","","","","","Full","","","","","","","Imported from within site extent","ABINGDON BY PASS BHX272","","","","","","","","","","","","","","","","","","","","","","","","","","","","","","","Yes","","","","",""
"SU49SE66","","CP","HISTORIC","9.14","BGS Boreholes","NonConfidential","","71.54","71.54","","448330.00","191290.00","","","","51.618370","-1.303316","","https://arup.sharepoint.com/:b:/r/teams/prj-30356800/Data%20and%20Documents%20Library/GE%20-%20Geotechnical/GI%20reports/19XX%20BGS/SU49SE66.pdf","","","","","Full","","","","","","","Imported from within site extent","ABINGDON BY PASS BHX273","","","","","","","","","","","","","","","","","","","","","","","","","","","","","","","Yes","","","","",""
"SU49SE67","","HA","HISTORIC","6.00","BGS Boreholes","NonConfidential","","76.44","76.44","","448330.00","191220.00","","","","51.617740","-1.303326","","https://arup.sharepoint.com/:b:/r/teams/prj-30356800/Data%20and%20Documents%20Library/GE%20-%20Geotechnical/GI%20reports/19XX%20BGS/SU49SE67.pdf","","","","","Full","","","","","","","Imported from within site extent","ABINGDON BY PASS BHX270","","","","","","","","","","","","","","","","","","","","","","","","","","","","","","","Yes","","","","",""
"SU49SE68","","HA","HISTORIC","3.00","BGS Boreholes","NonConfidential","","69.23","69.23","","448440.00","191300.00","","","","51.618450","-1.301726","","https://arup.sharepoint.com/:b:/r/teams/prj-30356800/Data%20and%20Documents%20Library/GE%20-%20Geotechnical/GI%20reports/19XX%20BGS/SU49SE68.pdf","","","","","Full","","","","","","","Imported from within site extent","ABINGDON BY PASS BHX271","","","","","","","","","","","","","","","","","","","","","","","","","","","","","","","Yes","","","","",""
"SU49SE69","","CP","HISTORIC","7.77","BGS Boreholes","NonConfidential","","75.93","75.93","","448550.00","191150.00","","","","51.617092","-1.300158","","https://arup.sharepoint.com/:b:/r/teams/prj-30356800/Data%20and%20Documents%20Library/GE%20-%20Geotechnical/GI%20reports/19XX%20BGS/SU49SE69.pdf","","","","","Full","","","","","","","Imported from within site extent","ABINGDON BY PASS BHX150","","","","","","","","","","","","","","","","","","","","","","","","","","","","","","","Yes","","","","",""
"SU49SE7","","BH","HISTORIC","27.43","BGS Boreholes","NonConfidential","","95.19","95.10","95.10","447540.00","191150.00","UK_02/04/2025","","","51.617178","-1.314744","","https://arup.sharepoint.com/:b:/r/teams/prj-30356800/Data%20and%20Documents%20Library/GE%20-%20Geotechnical/GI%20reports/19XX%20BGS/SU49SE7.pdf","","","","","","","","","","","","Imported from Motts Leapfrog model","","","","","","","","","","","","","","","","","","","","","","","","","","","","","","","","Yes","","","","",""
"SU49SE70","","CP","HISTORIC","7.00","BGS Boreholes","NonConfidential","","80.04","80.04","","448510.00","191110.00","","","","51.616736","-1.300741","","https://arup.sharepoint.com/:b:/r/teams/prj-30356800/Data%20and%20Documents%20Library/GE%20-%20Geotechnical/GI%20reports/19XX%20BGS/SU49SE70.pdf","","","","","Full","","","","","","","Imported from within site extent","ABINGDON BY PASS BHX151","","","","","","","","","","","","","","","","","","","","","","","","","","","","","","","Yes","","","","",""
"SU49SE71","","EH","HISTORIC","21.30","BGS Boreholes","NonConfidential","","77.85","81.48","81.48","448810.00","190960.00","","","","51.615361","-1.296430","","https://arup.sharepoint.com/:b:/r/teams/prj-30356800/Data%20and%20Documents%20Library/GE%20-%20Geotechnical/GI%20reports/19XX%20BGS/SU49SE71.pdf","","","","","Full","","","","","","","","ABINGDON BY PASS BHXB155","","","","","","","","","","","","","","","","","","","","","","","","","","","","","","","Yes","","","","",""
"SU49SE72","","EH","HISTORIC","21.34","BGS Boreholes","NonConfidential","","79.59","81.27","81.27","448830.00","190860.00","","","","51.614460","-1.296155","","https://arup.sharepoint.com/:b:/r/teams/prj-30356800/Data%20and%20Documents%20Library/GE%20-%20Geotechnical/GI%20reports/19XX%20BGS/SU49SE72.pdf","","","","","Full","","","","","","","","ABINGDON BY PASS BHXB156","","","","","","","","","","","","","","","","","","","","","","","","","","","","","","","Yes","","","","",""
"SU49SE78","","CP","HISTORIC","2.80","BGS Boreholes","NonConfidential","","55.52","55.52","54.90","445530.00","194530.00","UK_03/04/2025","","","51.647732","-1.343335","","https://arup.sharepoint.com/:b:/r/teams/prj-30356800/Data%20and%20Documents%20Library/GE%20-%20Geotechnical/GI%20reports/19XX%20BGS/SU49SE78.pdf","","","","","","","","","","","","Imported from Motts Leapfrog model","","","","","","","","","","","","","","","","","","","","","","","","","","","","","","","","Yes","","","","",""
"SU49SE79","","CP","HISTORIC","2.50","BGS Boreholes","NonConfidential","","63.70","63.70","64.00","445440.00","192110.00","UK_02/04/2025","","","51.625982","-1.344949","","https://arup.sharepoint.com/:b:/r/teams/prj-30356800/Data%20and%20Documents%20Library/GE%20-%20Geotechnical/GI%20reports/19XX%20BGS/SU49SE79.pdf","","","","","","","","","","","","Imported from Motts Leapfrog model","","","","","","","","","","","","","","","","","","","","","","","","","","","","","","","","Yes","","","","",""
"SU49SE8","","CP","HISTORIC","6.55","BGS Boreholes","NonConfidential","","59.99","59.44","59.44","447450.00","193150.00","SC_01/04/2025","","","51.635167","-1.315774","","https://arup.sharepoint.com/:b:/r/teams/prj-30356800/Data%20and%20Documents%20Library/GE%20-%20Geotechnical/GI%20reports/19XX%20BGS/SU49SE8.pdf","","","","","","","","","","","","Imported from Motts Leapfrog model","","","","","","","","","","","","","","","","","","","","","","","","","","","","","","","","Yes","","","","",""
"SU49SE80","","CP","HISTORIC","2.80","BGS Boreholes","NonConfidential","","66.45","66.45","65.50","445850.00","191410.00","UK_02/04/2025","","","51.619655","-1.339118","","https://arup.sharepoint.com/:b:/r/teams/prj-30356800/Data%20and%20Documents%20Library/GE%20-%20Geotechnical/GI%20reports/19XX%20BGS/SU49SE80.pdf","","","","","","","","","","","","Imported from Motts Leapfrog model","","","","","","","","","","","","","","","","","","","","","","","","","","","","","","","","Yes","","","","",""
"SU49SE81","","CP","HISTORIC","2.30","BGS Boreholes","NonConfidential","","70.45","70.45","70.10","445210.00","190460.00","UK_03/04/2025","","","51.611165","-1.348484","","https://arup.sharepoint.com/:b:/r/teams/prj-30356800/Data%20and%20Documents%20Library/GE%20-%20Geotechnical/GI%20reports/19XX%20BGS/SU49SE81.pdf","","","","","Full","","","","","","","Imported from Motts Leapfrog model","NORTH WEST OF WOODS FARM EAST HENDRED","","","","","","","","","","","","","","","","","","","","","","","","","","","","","","","Yes","","","","",""
"SU49SE82","","CP","HISTORIC","2.20","BGS Boreholes","NonConfidential","","56.01","56.01","56.70","446520.00","194490.00","UK_03/04/2025","","","51.647292","-1.329033","","https://arup.sharepoint.com/:b:/r/teams/prj-30356800/Data%20and%20Documents%20Library/GE%20-%20Geotechnical/GI%20reports/19XX%20BGS/SU49SE82.pdf","","","","","","","","","","","","Imported from Motts Leapfrog model","","","","","","","","","","","","","","","","","","","","","","","","","","","","","","","","Yes","","","","",""
"SU49SE83","","CP","HISTORIC","2.00","BGS Boreholes","NonConfidential","","58.73","58.73","59.10","446470.00","193530.00","UK_03/04/2025","","","51.638665","-1.329882","","https://arup.sharepoint.com/:b:/r/teams/prj-30356800/Data%20and%20Documents%20Library/GE%20-%20Geotechnical/GI%20reports/19XX%20BGS/SU49SE83.pdf","","","","","","","","","","","","Imported from Motts Leapfrog model","","","","","","","","","","","","","","","","","","","","","","","","","","","","","","","","Yes","","","","",""
"SU49SE84","","CP","HISTORIC","2.30","BGS Boreholes","NonConfidential","","60.29","60.29","62.50","446410.00","192810.00","UK_03/04/2025","","","51.632197","-1.330845","","https://arup.sharepoint.com/:b:/r/teams/prj-30356800/Data%20and%20Documents%20Library/GE%20-%20Geotechnical/GI%20reports/19XX%20BGS/SU49SE84.pdf","","","","","","","","","","","","Imported from Motts Leapfrog model","","","","","","","","","","","","","","","","","","","","","","","","","","","","","","","","Yes","","","","",""
"SU49SE86","","CP","HISTORIC","4.70","BGS Boreholes","NonConfidential","","60.99","60.40","60.40","447490.00","193110.00","UK_03/04/2025","","","51.634804","-1.315202","","https://arup.sharepoint.com/:b:/r/teams/prj-30356800/Data%20and%20Documents%20Library/GE%20-%20Geotechnical/GI%20reports/19XX%20BGS/SU49SE86.pdf","","","","","","","","","","","","Imported from Motts Leapfrog model","","","","","","","","","","","","","","","","","","","","","","","","","","","","","","","","Yes","","","","",""
"SU49SE87","","CP","HISTORIC","2.50","BGS Boreholes","NonConfidential","","60.35","60.35","60.70","447930.00","192020.00","UK_03/04/2025","","","51.624967","-1.308993","","https://arup.sharepoint.com/:b:/r/teams/prj-30356800/Data%20and%20Documents%20Library/GE%20-%20Geotechnical/GI%20reports/19XX%20BGS/SU49SE87.pdf","","","","","","","","","","","","Imported from Motts Leapfrog model","","","","","","","","","","","","","","","","","","","","","","","","","","","","","","","","Yes","","","","",""
"SU49SE9","","CP","HISTORIC","4.51","BGS Boreholes","NonConfidential","","60.93","59.45","59.45","447490.00","193170.00","SC_01/04/2025","","","51.635343","-1.315193","","https://arup.sharepoint.com/:b:/r/teams/prj-30356800/Data%20and%20Documents%20Library/GE%20-%20Geotechnical/GI%20reports/19XX%20BGS/SU49SE9.pdf","","","","","","","","","","","","Imported from Motts Leapfrog model","","","","","","","","","","","","","","","","","","","","","","","","","","","","","","","","Yes","","","","",""
"SU49SE92","","CP","HISTORIC","3.70","BGS Boreholes","NonConfidential","","49.71","49.71","49.40","449610.00","194900.00","SR_25/03/2025","","","51.650715","-1.284319","","https://arup.sharepoint.com/:b:/r/teams/prj-30356800/Data%20and%20Documents%20Library/GE%20-%20Geotechnical/GI%20reports/19XX%20BGS/SU49SE92.pdf","","","","","","","","","","","","Imported from Motts Leapfrog model","","","","","","","","","","","","","","","","","","","","","","","","","","","","","","","","Yes","","","","",""
"SU49SE95","","CP","HISTORIC","4.51","BGS Boreholes","NonConfidential","","64.51","64.51","62.93","447410.00","194980.00","ND_31/03/2025","","","51.651623","-1.316105","","https://arup.sharepoint.com/:b:/r/teams/prj-30356800/Data%20and%20Documents%20Library/GE%20-%20Geotechnical/GI%20reports/19XX%20BGS/SU49SE95.pdf","","","","","","","","","","","","Imported from Motts Leapfrog model","","","","","","","","","","","","","","","","","","","","","","","","","","","","","","","","Yes","","","","",""
"SU49SE96","","CP","HISTORIC","4.51","BGS Boreholes","NonConfidential","","65.08","65.08","63.91","447370.00","194890.00","ND_31/03/2025","","","51.650818","-1.316695","","https://arup.sharepoint.com/:b:/r/teams/prj-30356800/Data%20and%20Documents%20Library/GE%20-%20Geotechnical/GI%20reports/19XX%20BGS/SU49SE96.pdf","","","","","","","","","","","","Imported from Motts Leapfrog model","","","","","","","","","","","","","","","","","","","","","","","","","","","","","","","","Yes","","","","",""
"SU49SE97","","CP","HISTORIC","4.51","BGS Boreholes","NonConfidential","","64.89","64.89","63.78","447340.00","194800.00","ND_31/03/2025","","","51.650011","-1.317141","","https://arup.sharepoint.com/:b:/r/teams/prj-30356800/Data%20and%20Documents%20Library/GE%20-%20Geotechnical/GI%20reports/19XX%20BGS/SU49SE97.pdf","","","","","","","","","","","","Imported from Motts Leapfrog model","","","","","","","","","","","","","","","","","","","","","","","","","","","","","","","","Yes","","","","",""
"SU49SE98","","CP","HISTORIC","3.05","BGS Boreholes","NonConfidential","","64.42","64.42","62.26","447310.00","194720.00","ND_31/03/2025","","","51.649294","-1.317585","","https://arup.sharepoint.com/:b:/r/teams/prj-30356800/Data%20and%20Documents%20Library/GE%20-%20Geotechnical/GI%20reports/19XX%20BGS/SU49SE98.pdf","","","","","","","","","","","","Imported from Motts Leapfrog model","","","","","","","","","","","","","","","","","","","","","","","","","","","","","","","","Yes","","","","",""
"SU49SE99","","CP","HISTORIC","3.35","BGS Boreholes","NonConfidential","","62.19","62.19","59.77","447290.00","194610.00","ND_31/03/2025","","","51.648307","-1.317889","","https://arup.sharepoint.com/:b:/r/teams/prj-30356800/Data%20and%20Documents%20Library/GE%20-%20Geotechnical/GI%20reports/19XX%20BGS/SU49SE99.pdf","","","","","","","","","","","","Imported from Motts Leapfrog model","","","","","","","","","","","","","","","","","","","","","","","","","","","","","","","","Yes","","","","",""
"SU49SW10","","WP","HISTORIC","6.50","BGS Boreholes","NonConfidential","","61.81","61.81","62.00","443870.00","192270.00","","","","51.627544","-1.367608","","https://arup.sharepoint.com/:b:/r/teams/prj-30356800/Data%20and%20Documents%20Library/GE%20-%20Geotechnical/GI%20reports/19XX%20BGS/SU49SW10.pdf","","","","","Full","","","","","","","Imported from within site extent","SOUTH OXFORDSHIRE EQUESTRIAN CENTRE, STEVENTON , 4","","","","","","","","","","","","","","","","","","","","","","","","","","","","","","","Yes","","","","",""
"SU49SW11","","BH","HISTORIC","10.97","BGS Boreholes","NonConfidential","","57.78","57.78","60.96","443020.00","194950.00","","","","51.651705","-1.379558","","https://arup.sharepoint.com/:b:/r/teams/prj-30356800/Data%20and%20Documents%20Library/GE%20-%20Geotechnical/GI%20reports/19XX%20BGS/SU49SW11.pdf","","","","","Full","","","","","","","Imported from within site extent","VENN MILL","","","","","","","","","","","","","","","","","","","","","","","","","","","","","","","Yes","","","","",""
"SU49SW12","","EH","HISTORIC","7.00","BGS Boreholes","NonConfidential","","61.68","61.68","62.11","444890.00","192533.00","","","","51.629829","-1.352839","","https://arup.sharepoint.com/:b:/r/teams/prj-30356800/Data%20and%20Documents%20Library/GE%20-%20Geotechnical/GI%20reports/19XX%20BGS/SU49SW12.pdf","","","","","Full","","","","","","","Imported from within site extent","STEVETON G/0644 1","","","","","","","","","","","","","","","","","","","","","","","","","","","","","","","Yes","","","","",""
"SU49SW23","","EH","HISTORIC","-1.00","BGS Boreholes","Confidential","","72.38","72.38","72.50","444781.00","190365.00","","","","51.610345","-1.354691","","Failed Download - Confidential","Confidential","","","","Full","","","","","","","","OXFORDSHIRE RES. INVEST. TP17","","","","","","","","","","","","","","","","","","","","","","","","","","","","","","","Yes","","","","",""
"SU49SW4","","WP","HISTORIC","18.59","BGS Boreholes","NonConfidential","","57.63","57.63","57.91","443760.00","194670.00","ND_28/03/2025","","","51.649131","-1.368897","","https://arup.sharepoint.com/:b:/r/teams/prj-30356800/Data%20and%20Documents%20Library/GE%20-%20Geotechnical/GI%20reports/19XX%20BGS/SU49SW4.pdf","","","","","","","","","","","","Imported from Motts Leapfrog model","","","","","","","","","","","","","","","","","","","","","","","","","","","","","","","","Yes","","","","",""
"SU49SW41","","EH","HISTORIC","-1.00","BGS Boreholes","Confidential","","64.78","64.78","64.60","442957.00","190929.00","","","","51.615558","-1.380961","","Failed Download - Confidential","Confidential","","","","Full","","","","","","","","OXFORDSHIRE RES. INVEST 41&R","","","","","","","","","","","","","","","","","","","","","","","","","","","","","","","Yes","","","","",""
"SU49SW43","","EH","HISTORIC","-1.00","BGS Boreholes","Confidential","","67.81","67.81","68.00","444249.00","190768.00","","","","51.614011","-1.362322","","Failed Download - Confidential","Confidential","","","","Full","","","","","","","","OXFORDSHIRE RES. INVEST 43","","","","","","","","","","","","","","","","","","","","","","","","","","","","","","","Yes","","","","",""
"SU49SW44","","EH","HISTORIC","-1.00","BGS Boreholes","Confidential","","69.48","69.48","69.70","444890.00","190933.00","","","","51.615444","-1.353044","","Failed Download - Confidential","Confidential","","","","Full","","","","","","","","OXFORDSHIRE RES. INVEST 44&R","","","","","","","","","","","","","","","","","","","","","","","","","","","","","","","Yes","","","","",""
"SU49SW49","","BH","HISTORIC","3.00","BGS Boreholes","NonConfidential","","57.30","57.30","57.20","444986.00","193398.00","","","","51.637598","-1.351342","","https://arup.sharepoint.com/:b:/r/teams/prj-30356800/Data%20and%20Documents%20Library/GE%20-%20Geotechnical/GI%20reports/19XX%20BGS/SU49SW49.pdf","","","","","Full","","","","","","","Imported from within site extent","VIEWS FARM STEVENTON 2","","","","","","","","","","","Estimated","","","","","","","","","","","","","","","","","","","","Yes","","","","",""
"SU49SW5","","CP","HISTORIC","2.70","BGS Boreholes","NonConfidential","","56.69","56.69","57.00","444590.00","194320.00","ND_28/03/2025","","","51.645919","-1.356946","","https://arup.sharepoint.com/:b:/r/teams/prj-30356800/Data%20and%20Documents%20Library/GE%20-%20Geotechnical/GI%20reports/19XX%20BGS/SU49SW5.pdf","","","","","","","","","","","","Imported from Motts Leapfrog model","","","","","","","","","","","","","","","","","","","","","","","","","","","","","","","","Yes","","","","",""
"SU49SW50","","BH","HISTORIC","5.30","BGS Boreholes","NonConfidential","","58.27","58.27","58.25","444871.00","193578.00","","","","51.639226","-1.352980","","https://arup.sharepoint.com/:b:/r/teams/prj-30356800/Data%20and%20Documents%20Library/GE%20-%20Geotechnical/GI%20reports/19XX%20BGS/SU49SW50.pdf","","","","","Full","","","","","","","Imported from within site extent","VIEWS FARM STEVENTON 3","","","","","","","","","","","Estimated","","","","","","","","","","","","","","","","","","","","Yes","","","","",""
"SU49SW51","","BH","HISTORIC","4.50","BGS Boreholes","NonConfidential","","59.25","59.25","59.00","444496.00","193065.00","","","","51.634643","-1.358464","","https://arup.sharepoint.com/:b:/r/teams/prj-30356800/Data%20and%20Documents%20Library/GE%20-%20Geotechnical/GI%20reports/19XX%20BGS/SU49SW51.pdf","","","","","Full","","","","","","","Imported from within site extent","VIEWS FARM STEVENTON 4","","","","","","","","","","","Estimated","","","","","","","","","","","","","","","","","","","","Yes","","","","",""
"SU49SW52","","BH","HISTORIC","6.71","BGS Boreholes","NonConfidential","","59.87","59.87","59.87","444072.00","193000.00","","","","51.634092","-1.364598","","https://arup.sharepoint.com/:b:/r/teams/prj-30356800/Data%20and%20Documents%20Library/GE%20-%20Geotechnical/GI%20reports/19XX%20BGS/SU49SW52.pdf","","","","","Full","","","","","","","Imported from within site extent 01/05/2025 GL estimated from LiDAR 2m DTM","VIEWS FARM STEVENTON 5","","","","","","","","","","","Estimated","","","","","","","","","","","","","","","","","","","","Yes","","","","",""
"SU49SW53","","BH","HISTORIC","6.71","BGS Boreholes","NonConfidential","","59.24","59.24","59.20","444106.00","193198.00","","","","51.635870","-1.364082","","https://arup.sharepoint.com/:b:/r/teams/prj-30356800/Data%20and%20Documents%20Library/GE%20-%20Geotechnical/GI%20reports/19XX%20BGS/SU49SW53.pdf","","","","","Full","","","","","","","Imported from within site extent 01/05/2025 GL estimated from LiDAR 2m DTM","VIEWS FARM STEVENTON 6","","","","","","","","","","","Estimated","","","","","","","","","","","","","","","","","","","","Yes","","","","",""
"SU49SW54","","BH","HISTORIC","6.71","BGS Boreholes","NonConfidential","","58.75","58.75","58.70","444096.00","193375.00","","","","51.637462","-1.364204","","https://arup.sharepoint.com/:b:/r/teams/prj-30356800/Data%20and%20Documents%20Library/GE%20-%20Geotechnical/GI%20reports/19XX%20BGS/SU49SW54.pdf","","","","","Full","","","","","","","Imported from within site extent 01/05/2025 GL estimated from LiDAR 2m DTM","VIEWS FARM STEVENTON 7","","","","","","","","","","","Estimated","","","","","","","","","","","","","","","","","","","","Yes","","","","",""
"SU49SW55","","BH","HISTORIC","4.50","BGS Boreholes","NonConfidential","","58.00","58.00","58.12","444135.00","193696.00","","","","51.640345","-1.363600","","https://arup.sharepoint.com/:b:/r/teams/prj-30356800/Data%20and%20Documents%20Library/GE%20-%20Geotechnical/GI%20reports/19XX%20BGS/SU49SW55.pdf","","","","","Full","","","","","","","Imported from within site extent","VIEWS FARM STEVENTON 8","","","","","","","","","","","Estimated","","","","","","","","","","","","","","","","","","","","Yes","","","","",""
"SU49SW56","","BH","HISTORIC","0.30","BGS Boreholes","NonConfidential","","59.17","59.17","59.12","444318.00","193468.00","","","","51.638281","-1.360985","","https://arup.sharepoint.com/:b:/r/teams/prj-30356800/Data%20and%20Documents%20Library/GE%20-%20Geotechnical/GI%20reports/19XX%20BGS/SU49SW56.pdf","","","","","Full","","","","","","","Imported from within site extent, extends deeper than 0.3m PDF scan incomplete","VIEWS FARM STEVENTON 9","","","","","","","","","","","Estimated","","","","","","","","","","","","","","","","","","","","Yes","","","","",""
"SU49SW57","","BH","HISTORIC","3.60","BGS Boreholes","NonConfidential","","60.15","60.15","60.13","443421.00","193358.00","","","","51.637361","-1.373959","","https://arup.sharepoint.com/:b:/r/teams/prj-30356800/Data%20and%20Documents%20Library/GE%20-%20Geotechnical/GI%20reports/19XX%20BGS/SU49SW57.pdf","","","","","Full","","","","","","","Imported from within site extent","VIEWS FARM STEVENTON 10","","","","","","","","","","","Estimated","","","","","","","","","","","","","","","","","","","","Yes","","","","",""
"SU49SW58","","BH","HISTORIC","4.50","BGS Boreholes","NonConfidential","","58.58","58.58","58.59","443759.00","193713.00","","","","51.640527","-1.369031","","https://arup.sharepoint.com/:b:/r/teams/prj-30356800/Data%20and%20Documents%20Library/GE%20-%20Geotechnical/GI%20reports/19XX%20BGS/SU49SW58.pdf","","","","","Full","","","","","","","Imported from within site extent","VIEWS FARM STEVENTON 11","","","","","","","","","","","Estimated","","","","","","","","","","","","","","","","","","","","Yes","","","","",""
"SU49SW59","","BH","HISTORIC","6.71","BGS Boreholes","NonConfidential","","58.83","58.83","58.93","443810.00","193208.00","","","","51.635983","-1.368357","","https://arup.sharepoint.com/:b:/r/teams/prj-30356800/Data%20and%20Documents%20Library/GE%20-%20Geotechnical/GI%20reports/19XX%20BGS/SU49SW59.pdf","","","","","Full","","","","","","","Imported from within site extent 01/05/2025 GL estimated from LiDAR 2m DTM","VIEWS FARM STEVENTON 12","","","","","","","","","","","Estimated","","","","","","","","","","","","","","","","","","","","Yes","","","","",""
"SU49SW6","","CP","HISTORIC","2.20","BGS Boreholes","NonConfidential","","59.06","59.06","59.10","444510.00","193560.00","ND_28/03/2025","","","51.639093","-1.358199","","https://arup.sharepoint.com/:b:/r/teams/prj-30356800/Data%20and%20Documents%20Library/GE%20-%20Geotechnical/GI%20reports/19XX%20BGS/SU49SW6.pdf","","","","","","","","","","","","Imported from Motts Leapfrog model","","","","","","","","","","","","","","","","","","","","","","","","","","","","","","","","Yes","","","","",""
"SU49SW60","","BH","HISTORIC","6.71","BGS Boreholes","NonConfidential","","58.95","58.95","58.81","443803.00","193315.00","","","","51.636945","-1.368445","","https://arup.sharepoint.com/:b:/r/teams/prj-30356800/Data%20and%20Documents%20Library/GE%20-%20Geotechnical/GI%20reports/19XX%20BGS/SU49SW60.pdf","","","","","Full","","","","","","","Imported from within site extent 01/05/2025 GL estimated from LiDAR 2m DTM","VIEWS FARM STEVENTON 13","","","","","","","","","","","Estimated","","","","","","","","","","","","","","","","","","","","Yes","","","","",""
"SU49SW61","","BH","HISTORIC","6.71","BGS Boreholes","NonConfidential","","58.70","58.70","58.71","443872.00","193313.00","","","","51.636922","-1.367448","","https://arup.sharepoint.com/:b:/r/teams/prj-30356800/Data%20and%20Documents%20Library/GE%20-%20Geotechnical/GI%20reports/19XX%20BGS/SU49SW61.pdf","","","","","Full","","","","","","","Imported from within site extent 01/05/2025 GL estimated from LiDAR 2m DTM","VIEWS FARM STEVENTON 14","","","","","","","","","","","Estimated","","","","","","","","","","","","","","","","","","","","Yes","","","","",""
"SU49SW62","","WP","HISTORIC","5.00","BGS Boreholes","NonConfidential","","61.26","61.26","","444520.00","192540.00","","","","51.629921","-1.358184","","https://arup.sharepoint.com/:b:/r/teams/prj-30356800/Data%20and%20Documents%20Library/GE%20-%20Geotechnical/GI%20reports/19XX%20BGS/SU49SW62.pdf","","","","","Full","","","","","","","Imported from within site extent","PICKED MEAD","","","","","","","","","","","","","","","","","","","","","","","","","","","","","","","Yes","","","","",""
"SU49SW7","","CP","HISTORIC","3.00","BGS Boreholes","NonConfidential","","63.82","63.82","63.10","444980.00","192210.00","SR_21/03/2025","","","51.626918","-1.351581","","https://arup.sharepoint.com/:b:/r/teams/prj-30356800/Data%20and%20Documents%20Library/GE%20-%20Geotechnical/GI%20reports/19XX%20BGS/SU49SW7.pdf","","","","","","","","","","","","Imported from Motts Leapfrog model","","","","","","","","","","","","","","","","","","","","","","","","","","","","","","","","Yes","","","","",""
"SU49SW74","","WP","HISTORIC","5.50","BGS Boreholes","NonConfidential","","61.31","61.31","","444520.00","192570.00","","","","51.630191","-1.358180","","https://arup.sharepoint.com/:b:/r/teams/prj-30356800/Data%20and%20Documents%20Library/GE%20-%20Geotechnical/GI%20reports/19XX%20BGS/SU49SW74.pdf","","","","","Full","","","","","","","Imported from within site extent","PICKED MEAD","","","","","","","","","","","","","","","","","","","","","","","","","","","","","","","Yes","","","","",""
"SU49SW76","","BH","HISTORIC","20.00","BGS Boreholes","NonConfidential","","61.81","61.81","","443870.00","192270.00","","","","51.627544","-1.367608","","https://arup.sharepoint.com/:b:/r/teams/prj-30356800/Data%20and%20Documents%20Library/GE%20-%20Geotechnical/GI%20reports/19XX%20BGS/SU49SW76.pdf","Ground level not recorded","","","","Full","","","","","","","Imported from within site extent","SOUTH OXFORDSHIRE EQUESTRIAN CENTRE, STEVENTON NO 3","","","","","","","","","","","","","","","","","","","","","","","","","","","","","","","Yes","","","","",""
"SU49SW77","","BH","HISTORIC","20.00","BGS Boreholes","NonConfidential","","61.81","61.81","","444950.00","192540.00","","","","51.629887","-1.351972","","https://arup.sharepoint.com/:b:/r/teams/prj-30356800/Data%20and%20Documents%20Library/GE%20-%20Geotechnical/GI%20reports/19XX%20BGS/SU49SW77.pdf","Ground level not recorded","","","","Full","","","","","","","Imported from within site extent","STEVENTON STORAGE FACILITY","","","","","","","","","","","","","","","","","","","","","","","","","","","","","","","Yes","","","","",""
"SU49SW8","","CP","HISTORIC","3.80","BGS Boreholes","NonConfidential","","67.75","67.75","68.00","444720.00","191220.00","ND_28/03/2025","","","51.618037","-1.355463","","https://arup.sharepoint.com/:b:/r/teams/prj-30356800/Data%20and%20Documents%20Library/GE%20-%20Geotechnical/GI%20reports/19XX%20BGS/SU49SW8.pdf","","","","","","","","","","","","Imported from Motts Leapfrog model","","","","","","","","","","","","","","","","","","","","","","","","","","","","","","","","Yes","","","","",""
"SU49SW9","","WP","HISTORIC","10.97","BGS Boreholes","NonConfidential","","57.78","57.78","57.66","443020.00","194950.00","ND_28/03/2025","","","51.651705","-1.379558","","https://arup.sharepoint.com/:b:/r/teams/prj-30356800/Data%20and%20Documents%20Library/GE%20-%20Geotechnical/GI%20reports/19XX%20BGS/SU49SW9.pdf","","","","","","","","","","","","Imported from Motts Leapfrog model, 24/04/2025 DF: ground level modified from 60.96 to 57.66 to align with LiDAR better, original position appears to have been surveyed inaccurately","","","","","","","","","","","","","","","","","","","","","","","","","","","","","","","","Yes","","","","",""
"SU49SW96","","BH","HISTORIC","20.00","BGS Boreholes","NonConfidential","","66.19","66.19","","444885.00","191659.00","","","","51.621971","-1.353023","","https://arup.sharepoint.com/:b:/r/teams/prj-30356800/Data%20and%20Documents%20Library/GE%20-%20Geotechnical/GI%20reports/19XX%20BGS/SU49SW96.pdf","Ground level not recorded","","","","Full","","","","","","","Imported from within site extent","OKA DIRECT STEVENTON STORAGE FACILITY","","","","","","","","","","","","","","","","","","","","","","","","","","","","","","","Yes","","","","",""
"SU49SW97","","EH","HISTORIC","78.00","BGS Boreholes","NonConfidential","","67.84","67.84","0.00","442103.00","190405.00","","","","51.610911","-1.393357","","PDF not downloaded/missing","Not available","","","","Full","","","","","","","","NEVILLE'S FARM GROVE OXON","","","","","","","","","","","","","","","","","","","","","","","","","","","","","","","Yes","","","","",""
"SU49SW98","","EH","HISTORIC","78.00","BGS Boreholes","NonConfidential","","67.84","67.84","0.00","442103.00","190405.00","","","","51.610911","-1.393357","","PDF not downloaded/missing","Not available","","","","Full","","","","","","","","NEVILLE'S FARM GROVE OXON","","","","","","","","","","","","","","","","","","","","","","","","","","","","","","","Yes","","","","",""
"SU49SW99","","BH","HISTORIC","78.00","BGS Boreholes","NonConfidential","","67.84","67.84","0.00","442103.00","190405.00","","","","51.610911","-1.393357","","https://arup.sharepoint.com/:b:/r/teams/prj-30356800/Data%20and%20Documents%20Library/GE%20-%20Geotechnical/GI%20reports/19XX%20BGS/SU49SW99.pdf","No ground level","","","","Full","","","","","","","","NEVILLE'S FARM GROVE OXON","","","","","","","","","","","","","","","","","","","","","","","","","","","","","","","Yes","","","","",""
"TP01","SU49SW16","TP","HISTORIC","4.50","1991 to 1992 - Exploration Associates","","","57.35","57.35","57.50","443777.00","194745.00","SR_25/03/2025","AC_27/03/2025","","51.649804","-1.368642","","https://arup.sharepoint.com/:b:/r/teams/prj-30356800/Data%20and%20Documents%20Library/GE%20-%20Geotechnical/GI%20reports/1991%20to%201992%20-%20Exploration%20Associates/Seperated%20logs/TP01.pdf","","","","","Full","OSGB","","","Thames Water Utilities Limited","Halcrow and Partners Ltd.","Exploration Associates Ltd.","","","","","","","","","","","","","","","","","","","","","","SU49SW16","","","","","","","","","","","Yes","","","","",""
"TP02","SU49SW17","TP","HISTORIC","4.30","1991 to 1992 - Exploration Associates","","","56.48","56.48","56.60","444560.00","194678.00","AC_27/03/2025","","","51.649140","-1.357334","","https://arup.sharepoint.com/:b:/r/teams/prj-30356800/Data%20and%20Documents%20Library/GE%20-%20Geotechnical/GI%20reports/1991%20to%201992%20-%20Exploration%20Associates/Seperated%20logs/TP02.pdf","","","","","Full","OSGB","","","Thames Water Utilities Limited","Halcrow and Partners Ltd.","Exploration Associates Ltd.","","","","","","","","","","","","","","","","","","","","","","SU49SW17","","","","","","","","","","","Yes","","","","",""
"TP03","SU49SE201","TP","HISTORIC","4.50","1991 to 1992 - Exploration Associates","","","56.52","56.50","56.50","447035.00","194082.00","AC_28/03/2025","","","51.643581","-1.321645","","https://arup.sharepoint.com/:b:/r/teams/prj-30356800/Data%20and%20Documents%20Library/GE%20-%20Geotechnical/GI%20reports/1991%20to%201992%20-%20Exploration%20Associates/Seperated%20logs/TP03.pdf","","","","","Full","OSGB","","","Thames Water Utilities Limited","Halcrow and Partners Ltd.","Exploration Associates Ltd.","","","","","","","","","","","","","","","","","","","","","","SU49SE201","","","","","","","","","","","Yes","","","","",""
"TP04","SU49SE202","TP","HISTORIC","4.50","1991 to 1992 - Exploration Associates","","","57.29","57.29","57.20","446938.00","193841.00","AC_28/03/2025","","","51.641422","-1.323079","","https://arup.sharepoint.com/:b:/r/teams/prj-30356800/Data%20and%20Documents%20Library/GE%20-%20Geotechnical/GI%20reports/1991%20to%201992%20-%20Exploration%20Associates/Seperated%20logs/TP04.pdf","","","","","Full","OSGB","","","Thames Water Utilities Limited","Halcrow and Partners Ltd.","Exploration Associates Ltd.","","","","","","","","","","","","","","","","","","","","","","SU49SE202","","","","","","","","","","","Yes","","","","",""
"TP05","SU49SW18","TP","HISTORIC","4.65","1991 to 1992 - Exploration Associates","","","60.12","60.12","60.30","442964.50","193054.00","AC_28/03/2025","","","51.634663","-1.380592","","https://arup.sharepoint.com/:b:/r/teams/prj-30356800/Data%20and%20Documents%20Library/GE%20-%20Geotechnical/GI%20reports/1991%20to%201992%20-%20Exploration%20Associates/Seperated%20logs/TP05.pdf","","","","","Full","OSGB","","","Thames Water Utilities Limited","Halcrow and Partners Ltd.","Exploration Associates Ltd.","","","","","","","","","","","","","","","","","","","","","","SU49SW18","","","","","","","","","","","Yes","","","","",""
"TP06","SU49SE203","TP","HISTORIC","4.45","1991 to 1992 - Exploration Associates","","","61.04","61.04","60.80","445102.50","192635.50","AC_28/03/2025","","","51.630734","-1.349756","","https://arup.sharepoint.com/:b:/r/teams/prj-30356800/Data%20and%20Documents%20Library/GE%20-%20Geotechnical/GI%20reports/1991%20to%201992%20-%20Exploration%20Associates/Seperated%20logs/TP06.pdf","","","","","Full","OSGB","","","Thames Water Utilities Limited","Halcrow and Partners Ltd.","Exploration Associates Ltd.","","","","","","","","","","","","","","","","","","","","","","SU49SE203","","","","","","","","","","","Yes","","","","",""
"TP07","SU49SW19","TP","HISTORIC","4.50","1991 to 1992 - Exploration Associates","","","62.21","62.21","62.40","444113.00","192208.00","AC_28/03/2025","","","51.626968","-1.364105","","https://arup.sharepoint.com/:b:/r/teams/prj-30356800/Data%20and%20Documents%20Library/GE%20-%20Geotechnical/GI%20reports/1991%20to%201992%20-%20Exploration%20Associates/Seperated%20logs/TP07.pdf","","","","","Full","OSGB","","","Thames Water Utilities Limited","Halcrow and Partners Ltd.","Exploration Associates Ltd.","","","","","","","","","","","","","","","","","","","","","","SU49SW19","","","","","","","","","","","Yes","","","","",""
"TP08","SU49SW20","TP","HISTORIC","4.45","1991 to 1992 - Exploration Associates","","","62.99","62.99","62.80","443447.00","190957.00","AC_28/03/2025","","","51.615772","-1.373881","","https://arup.sharepoint.com/:b:/r/teams/prj-30356800/Data%20and%20Documents%20Library/GE%20-%20Geotechnical/GI%20reports/1991%20to%201992%20-%20Exploration%20Associates/Seperated%20logs/TP08.pdf","","","","","Full","OSGB","","","Thames Water Utilities Limited","Halcrow and Partners Ltd.","Exploration Associates Ltd.","","","","","","","","","","","","","","","","","","","","","","SU49SW20","","","","","","","","","","","Yes","","","","",""
"TP09","","TP","HISTORIC","4.50","1991 to 1992 - Exploration Associates","","","67.63","67.63","67.50","445809.50","190828.00","AC_28/03/2025","","","51.614426","-1.339779","","https://arup.sharepoint.com/:b:/r/teams/prj-30356800/Data%20and%20Documents%20Library/GE%20-%20Geotechnical/GI%20reports/1991%20to%201992%20-%20Exploration%20Associates/Seperated%20logs/TP09.pdf","","","","","Full","OSGB","","","Thames Water Utilities Limited","Halcrow and Partners Ltd.","Exploration Associates Ltd.","","","","","","","","","","","","","","","","","","","","","","","","","","","","","","","","","No","","","","",""
"TP1","","TP","HISTORIC","2.50","2014 - Applied Geology","","","62.83","62.83","62.83","444851.10","192382.06","","","","51.628475","-1.353421","","https://arup.sharepoint.com/:b:/r/teams/prj-30356800/Data%20and%20Documents%20Library/GE%20-%20Geotechnical/GI%20reports/2014%20-%20Applied%20Geology/Seperated%20logs/TP1.pdf","","","","","","","","","","","","","","","","","","","","","","","","Estimated from LiDAR","","","","","","","","","","","","","","","","","","","","","","","","",""
"TP12","","TP","HISTORIC","4.50","1991 to 1992 - Exploration Associates","","","70.44","70.44","70.80","445237.50","190446.50","AC_28/03/2025","","","51.611042","-1.348088","","https://arup.sharepoint.com/:b:/r/teams/prj-30356800/Data%20and%20Documents%20Library/GE%20-%20Geotechnical/GI%20reports/1991%20to%201992%20-%20Exploration%20Associates/Seperated%20logs/TP12.pdf","","","","","Full","OSGB","","","Thames Water Utilities Limited","Halcrow and Partners Ltd.","Exploration Associates Ltd.","","","","","","","","","","","","","","","","","","","","","","","","","","","","","","","","","No","","","","",""
"TP13","SU49SE206","TP","HISTORIC","3.40","1991 to 1992 - Exploration Associates","","","59.61","59.61","59.50","445468.50","192848.50","AC_28/03/2025","","","51.632619","-1.344441","","https://arup.sharepoint.com/:b:/r/teams/prj-30356800/Data%20and%20Documents%20Library/GE%20-%20Geotechnical/GI%20reports/1991%20to%201992%20-%20Exploration%20Associates/Seperated%20logs/TP13.pdf","","","","","Full","OSGB","","","Thames Water Utilities Limited","Halcrow and Partners Ltd.","Exploration Associates Ltd.","","","","","","","","","","","","","","","","","","","","","","SU49SE206","","","","","","","","","","","Yes","","","","",""
"TP14","SU49SE207","TP","HISTORIC","4.50","1991 to 1992 - Exploration Associates","","","73.82","73.82","74.10","446531.00","190836.00","AC_28/03/2025","","","51.614439","-1.329358","","https://arup.sharepoint.com/:b:/r/teams/prj-30356800/Data%20and%20Documents%20Library/GE%20-%20Geotechnical/GI%20reports/1991%20to%201992%20-%20Exploration%20Associates/Seperated%20logs/TP14.pdf","","","","","Full","OSGB","","","Thames Water Utilities Limited","Halcrow and Partners Ltd.","Exploration Associates Ltd.","","","","","","","","","","","","","","","","","","","","","","SU49SE207","","","","","","","","","","","Yes","","","","",""
"TP15","SU49NE173","TP","HISTORIC","4.50","1991 to 1992 - Exploration Associates","","","54.32","54.32","54.40","446626.00","195481.00","AC_28/03/2025","","","51.656193","-1.327369","","https://arup.sharepoint.com/:b:/r/teams/prj-30356800/Data%20and%20Documents%20Library/GE%20-%20Geotechnical/GI%20reports/1991%20to%201992%20-%20Exploration%20Associates/Seperated%20logs/TP15.pdf","","","","","Full","OSGB","","","Thames Water Utilities Limited","Halcrow and Partners Ltd.","Exploration Associates Ltd.","","","","","","","","","","","","","","","","","","","","","","SU49NE173","","","","","","","","","","","Yes","","","","",""
"TP16","SU49SW22","TP","HISTORIC","4.50","1991 to 1992 - Exploration Associates","","","67.19","67.19","67.10","444671.00","191309.50","AC_28/03/2025","","","51.618846","-1.356159","","https://arup.sharepoint.com/:b:/r/teams/prj-30356800/Data%20and%20Documents%20Library/GE%20-%20Geotechnical/GI%20reports/1991%20to%201992%20-%20Exploration%20Associates/Seperated%20logs/TP16.pdf","","","","","Full","OSGB","","","Thames Water Utilities Limited","Halcrow and Partners Ltd.","Exploration Associates Ltd.","","","","","","","","","","","","","","","","","","","","","","SU49SW22","","","","","","","","","","","Yes","","","","",""
"TP17","","TP","HISTORIC","4.50","1991 to 1992 - Exploration Associates","","","72.38","72.38","72.50","444781.50","190365.00","AC_28/03/2025","","","51.610345","-1.354683","","https://arup.sharepoint.com/:b:/r/teams/prj-30356800/Data%20and%20Documents%20Library/GE%20-%20Geotechnical/GI%20reports/1991%20to%201992%20-%20Exploration%20Associates/Seperated%20logs/TP17.pdf","","","","","Full","OSGB","","","Thames Water Utilities Limited","Halcrow and Partners Ltd.","Exploration Associates Ltd.","","","","","","","","","","","","","","","","","","","","","","","","","","","","","","","","","No","","","","",""
"TP2","","TP","HISTORIC","3.70","2014 - Applied Geology","","","66.00","66.00","66.00","444619.81","191754.17","","","","51.622848","-1.356842","","https://arup.sharepoint.com/:b:/r/teams/prj-30356800/Data%20and%20Documents%20Library/GE%20-%20Geotechnical/GI%20reports/2014%20-%20Applied%20Geology/Seperated%20logs/TP2.pdf","","","","","","","","","","","","","","","","","","","","","","","","Estimated from LiDAR","","","","","","","","","","","","","","","","","","","","","","","","",""
"TP20","SU49SW24","TP","HISTORIC","4.50","1991 to 1992 - Exploration Associates","","","59.62","59.62","59.40","443334.50","194205.00","AC_28/03/2025","","","51.644983","-1.375104","","https://arup.sharepoint.com/:b:/r/teams/prj-30356800/Data%20and%20Documents%20Library/GE%20-%20Geotechnical/GI%20reports/1991%20to%201992%20-%20Exploration%20Associates/Seperated%20logs/TP20.pdf","","","","","Full","OSGB","","","Thames Water Utilities Limited","Halcrow and Partners Ltd.","Exploration Associates Ltd.","","","","","","","","","","","","","","","","","","","","","","SU49SW24","","","","","","","","","","","Yes","","","","",""
"TP3","","TP","HISTORIC","0.70","2014 - Applied Geology","","","65.88","65.88","65.88","444600.06","191661.94","","","","51.622020","-1.357139","","https://arup.sharepoint.com/:b:/r/teams/prj-30356800/Data%20and%20Documents%20Library/GE%20-%20Geotechnical/GI%20reports/2014%20-%20Applied%20Geology/Seperated%20logs/TP3.pdf","","","","","","","","","","","","","","","","","","","","","","","","Estimated from LiDAR","","","","","","","","","","","","","","","","","","","","","","","","",""
"TP301","","TP","HISTORIC","5.00","2005 - Norwest Holst Engineering Ltd","","","56.93","56.93","56.76","444305.97","194779.33","SR_14/03/2025","","","51.650071","-1.360993","","https://arup.sharepoint.com/:b:/r/teams/prj-30356800/Data%20and%20Documents%20Library/GE%20-%20Geotechnical/GI%20reports/2005%20-%20Norwest%20Holst%20Engineering%20Ltd/Seperated%20logs/TP301.pdf","","","2005-10-14","2005-10-14","","","","","Thames Water","Jacobs","Norwest Holst Soil Engineering Limited","1. Numbers refer to sketch. 2. Trial pit complete at 5.00m","","","","","","","","","","","","","","","","","","","","","","","","","","","","","","","","","","","","",""
"TP302","","TP","HISTORIC","5.00","2005 - Norwest Holst Engineering Ltd","","","55.72","55.72","55.65","444998.84","194898.45","SR_20/03/2025","","","51.651088","-1.350964","","https://arup.sharepoint.com/:b:/r/teams/prj-30356800/Data%20and%20Documents%20Library/GE%20-%20Geotechnical/GI%20reports/2005%20-%20Norwest%20Holst%20Engineering%20Ltd/Seperated%20logs/TP302.pdf","","","2005-10-13","2005-10-13","","","","","Thames Water","Jacobs","Norwest Holst Soil Engineering Limited","1. Numbers refer to sketch. 2. Trial pit complete at 5.00m.","","","","","","","","","","","","","","","","","","","","","","","","","","","","","","","","","","","","",""
"TP303","","TP","HISTORIC","5.00","2005 - Norwest Holst Engineering Ltd","","","55.28","55.28","55.14","445706.06","194608.01","SR_18/03/2025","","","51.648420","-1.340780","","https://arup.sharepoint.com/:b:/r/teams/prj-30356800/Data%20and%20Documents%20Library/GE%20-%20Geotechnical/GI%20reports/2005%20-%20Norwest%20Holst%20Engineering%20Ltd/Seperated%20logs/TP303.pdf","","","2005-10-17","2005-10-17","","","","","Thames Water","Jacobs","Norwest Holst Soil Engineering Limited","1. Numbers refer to sketch. 2. Trial pit complete at 5.00m","","","","","","","","","","","","","","","","","","","","","","","","","","","","","","","","","","","","",""
"TP304","","TP","HISTORIC","5.00","2005 - Norwest Holst Engineering Ltd","","","59.43","59.43","59.56","443200.01","194139.47","SR_18/03/2025","","","51.644404","-1.377056","","https://arup.sharepoint.com/:b:/r/teams/prj-30356800/Data%20and%20Documents%20Library/GE%20-%20Geotechnical/GI%20reports/2005%20-%20Norwest%20Holst%20Engineering%20Ltd/Seperated%20logs/TP304.pdf","","","2005-10-04","2005-10-04","","","","","Thames Water","Jacobs","Norwest Holst Soil Engineering Limited","1. Numbers refer to sketch. 2. Trial pit complete at 5.00m","","","","","","","","","","","","","","","","","","","","","","","","","","","","","","","","","","","","",""
"TP305","","TP","HISTORIC","5.00","2005 - Norwest Holst Engineering Ltd","","","59.68","59.68","59.38","443373.67","193758.50","SR_14/03/2025","","","51.640966","-1.374593","","https://arup.sharepoint.com/:b:/r/teams/prj-30356800/Data%20and%20Documents%20Library/GE%20-%20Geotechnical/GI%20reports/2005%20-%20Norwest%20Holst%20Engineering%20Ltd/Seperated%20logs/TP305.pdf","","","2005-10-06","2005-10-06","","","","","Thames Water","Jacobs","Norwest Holst Soil Engineering Limited","1. Numbers refer to sketch. 2. Land drain encountered at 1.20m repaired and reinstated prior to backfilling. 3. Trial pit logged from surface from 3.00m to 5.00m. 4. Trial pit complete at 5.00m","","","","","","","","","","","","","","","","","","","","","","","","","","","","","","","","","","","","",""
"TP306","","TP","HISTORIC","5.00","2005 - Norwest Holst Engineering Ltd","","","58.11","58.11","57.82","444021.64","194076.28","SR_14/03/2025","","","51.643773","-1.365190","","https://arup.sharepoint.com/:b:/r/teams/prj-30356800/Data%20and%20Documents%20Library/GE%20-%20Geotechnical/GI%20reports/2005%20-%20Norwest%20Holst%20Engineering%20Ltd/Seperated%20logs/TP306.pdf","","","2005-10-14","2005-10-14","","","","","Thames Water","Jacobs","Norwest Holst Soil Engineering Limited","1. Numbers refer to sketch 2. Trial pit complete at 5.00m","","","","","","","","","","","","","","","","","","","","","","","","","","","","","","","","","","","","",""
"TP308","","TP","HISTORIC","5.00","2005 - Norwest Holst Engineering Ltd","","","58.20","58.20","58.11","444557.50","193811.41","SR_20/03/2025","","","51.641349","-1.357480","","https://arup.sharepoint.com/:b:/r/teams/prj-30356800/Data%20and%20Documents%20Library/GE%20-%20Geotechnical/GI%20reports/2005%20-%20Norwest%20Holst%20Engineering%20Ltd/Seperated%20logs/TP308.pdf","","","2005-10-12","2005-10-12","","","","","Thames Water","Jacobs","Norwest Holst Soil Engineering Limited","1. Numbers refer to sketch 2. Trial pit complete at 5.00m","","","","","","","","","","","","","","","","","","","","","","","","","","","","","","","","","","","","",""
"TP309","","TP","HISTORIC","5.00","2005 - Norwest Holst Engineering Ltd","","","55.99","55.99","55.93","445389.18","194151.27","SR_20/03/2025","","","51.644339","-1.345419","","https://arup.sharepoint.com/:b:/r/teams/prj-30356800/Data%20and%20Documents%20Library/GE%20-%20Geotechnical/GI%20reports/2005%20-%20Norwest%20Holst%20Engineering%20Ltd/Seperated%20logs/TP309.pdf","","","2005-10-11","2005-10-11","","","","","Thames Water","Jacobs","Norwest Holst Soil Engineering Limited","1. Numbers refer to sketch. 2. Trial pit complete at 5.00m","","","","","","","","","","","","","","","","","","","","","","","","","","","","","","","","","","","","",""
"TP310","","TP","HISTORIC","5.00","2005 - Norwest Holst Engineering Ltd","","","57.08","57.08","56.80","445279.19","193807.48","SR_20/03/2025","","","51.641257","-1.347052","","https://arup.sharepoint.com/:b:/r/teams/prj-30356800/Data%20and%20Documents%20Library/GE%20-%20Geotechnical/GI%20reports/2005%20-%20Norwest%20Holst%20Engineering%20Ltd/Seperated%20logs/TP310.pdf","","","2005-10-12","2005-10-12","","","","","Thames Water","Jacobs","Norwest Holst Soil Engineering Limited","1. Numbers refer to sketch 2. Trial pit complete at 5.00m","","","","","","","","","","","","","","","","","","","","","","","","","","","","","","","","","","","","",""
"TP311","","TP","HISTORIC","5.00","2005 - Norwest Holst Engineering Ltd","","","57.15","57.15","57.02","446381.45","193918.01","SR_20/03/2025","","","51.642161","-1.331111","","https://arup.sharepoint.com/:b:/r/teams/prj-30356800/Data%20and%20Documents%20Library/GE%20-%20Geotechnical/GI%20reports/2005%20-%20Norwest%20Holst%20Engineering%20Ltd/Seperated%20logs/TP311.pdf","","","2005-10-10","2005-10-10","","","","","Thames Water","Jacobs","Norwest Holst Soil Engineering Limited","1. Numbers refer to sketch. 2. Trial pit complete at 5.00m","","","","","","","","","","","","","","","","","","","","","","","","","","","","","","","","","","","","",""
"TP313","","TP","HISTORIC","5.00","2005 - Norwest Holst Engineering Ltd","","","59.35","59.35","59.10","442696.88","193306.85","SR_17/03/2025","","","51.636957","-1.384428","","https://arup.sharepoint.com/:b:/r/teams/prj-30356800/Data%20and%20Documents%20Library/GE%20-%20Geotechnical/GI%20reports/2005%20-%20Norwest%20Holst%20Engineering%20Ltd/Seperated%20logs/TP313.pdf","","","2005-11-25","2005-11-25","","","","","Thames Water","Jacobs","Norwest Holst Soil Engineering Limited","1. Numbers refer to sketch. 2. Trail pit complete at 5.00m.","","","","","","","","","","","","","","","","","","","","","","","","","","","","","","","","","","","","",""
"TP314","","TP","HISTORIC","5.00","2005 - Norwest Holst Engineering Ltd","","","59.96","59.96","60.32","443347.87","193468.77","SR_14/03/2025","","","51.638363","-1.375002","","https://arup.sharepoint.com/:b:/r/teams/prj-30356800/Data%20and%20Documents%20Library/GE%20-%20Geotechnical/GI%20reports/2005%20-%20Norwest%20Holst%20Engineering%20Ltd/Seperated%20logs/TP314.pdf","","","2005-10-05","2005-10-05","","","","","Thames Water","Jacobs","Norwest Holst Soil Engineering Limited","1. Numbers refer to sketch. 2. Trial pit complete at 5.00m.","","","","","","","","","","","","","","","","","","","","","","","","","","","","","","","","","","","","",""
"TP315","","TP","HISTORIC","5.00","2005 - Norwest Holst Engineering Ltd","","","60.00","60.00","59.80","443466.58","193175.12","SR_14/03/2025","","","51.635714","-1.373323","","https://arup.sharepoint.com/:b:/r/teams/prj-30356800/Data%20and%20Documents%20Library/GE%20-%20Geotechnical/GI%20reports/2005%20-%20Norwest%20Holst%20Engineering%20Ltd/Seperated%20logs/TP315.pdf","","","2005-10-06","2005-10-06","","","","","Thames Water","Jacobs","Norwest Holst Soil Engineering Limited","1. Numbers refer to sketch. 2. Trial pit complete at 5.00m","","","","","","","","","","","","","","","","","","","","","","","","","","","","","","","","","","","","",""
"TP316","","TP","HISTORIC","5.00","2005 - Norwest Holst Engineering Ltd","","","58.66","58.66","58.92","443711.22","193681.37","SR_14/03/2025","","","51.640246","-1.369725","","https://arup.sharepoint.com/:b:/r/teams/prj-30356800/Data%20and%20Documents%20Library/GE%20-%20Geotechnical/GI%20reports/2005%20-%20Norwest%20Holst%20Engineering%20Ltd/Seperated%20logs/TP316.pdf","","","2005-10-05","2005-10-05","","","","","Thames Water","Jacobs","Norwest Holst Soil Engineering Limited","1. Numbers refer to sketch. 2. Trial pit complete at 5.00m","","","","","","","","","","","","","","","","","","","","","","","","","","","","","","","","","","","","",""
"TP317","","TP","HISTORIC","5.00","2005 - Norwest Holst Engineering Ltd","","","58.77","58.77","58.67","443986.72","193365.81","SR_20/03/2025","","","51.637388","-1.365784","","https://arup.sharepoint.com/:b:/r/teams/prj-30356800/Data%20and%20Documents%20Library/GE%20-%20Geotechnical/GI%20reports/2005%20-%20Norwest%20Holst%20Engineering%20Ltd/Seperated%20logs/TP317.pdf","","","2005-10-03","2005-10-04","","","","","Thames Water","Jacobs","Norwest Holst Soil Engineering Limited","1. Numbers refer to sketch. 2. Trial pit complete at 2.00m.","","","","","","","","","","","","","","","","","","","","","","","","","","","","","","","","","","","","",""
"TP318","","TP","HISTORIC","5.00","2005 - Norwest Holst Engineering Ltd","","","58.93","58.93","58.81","444512.65","193296.41","SR_17/03/2025","","","51.636723","-1.358194","","https://arup.sharepoint.com/:b:/r/teams/prj-30356800/Data%20and%20Documents%20Library/GE%20-%20Geotechnical/GI%20reports/2005%20-%20Norwest%20Holst%20Engineering%20Ltd/Seperated%20logs/TP318.pdf","","","2005-10-18","2005-10-18","","","","","Thames Water","Jacobs","Norwest Holst Soil Engineering Limited","1. Numbers refer to sketch. 2. Trial Pit complete at 5.00m","","","","","","","","","","","","","","","","","","","","","","","","","","","","","","","","","","","","",""
"TP319","","TP","HISTORIC","4.20","2005 - Norwest Holst Engineering Ltd","","","60.14","60.14","60.16","444607.09","193013.82","SR_17/03/2025","","","51.634174","-1.356865","","https://arup.sharepoint.com/:b:/r/teams/prj-30356800/Data%20and%20Documents%20Library/GE%20-%20Geotechnical/GI%20reports/2005%20-%20Norwest%20Holst%20Engineering%20Ltd/Seperated%20logs/TP319.pdf","","","2005-10-27","2005-10-27","","","","","Thames Water","Jacobs","Norwest Holst Soil Engineering Limited","1. Numbers refer to sketch. 2. Trial pit terminated on obstruction at 4.20m. 3. Refer to TP319A for re-excavation.","","","","","","","","","","","","","","","","","","","","","","","","","","","","","","","","","","","","",""
"TP319A","","TP","HISTORIC","5.00","2005 - Norwest Holst Engineering Ltd","","","60.14","60.14","60.16","444607.09","193013.82","SR_17/03/2025","","","51.634174","-1.356865","","https://arup.sharepoint.com/:b:/r/teams/prj-30356800/Data%20and%20Documents%20Library/GE%20-%20Geotechnical/GI%20reports/2005%20-%20Norwest%20Holst%20Engineering%20Ltd/Seperated%20logs/TP319A.pdf","","","2005-10-28","2005-10-28","","","","","Thames Water","Jacobs","Norwest Holst Soil Engineering Limited","1. Numbers refer to sketch. 2. Trial pit complete at 5.0m.","","","","","","","","","","","","","","","","","","","","","","","","","","","","","","","","","","","","",""
"TP321","","TP","HISTORIC","5.00","2005 - Norwest Holst Engineering Ltd","","","59.20","59.20","59.11","445154.19","192988.29","SR_21/03/2025","","","51.633901","-1.348964","","https://arup.sharepoint.com/:b:/r/teams/prj-30356800/Data%20and%20Documents%20Library/GE%20-%20Geotechnical/GI%20reports/2005%20-%20Norwest%20Holst%20Engineering%20Ltd/Seperated%20logs/TP321.pdf","","","2005-10-20","2005-10-20","","","","","Thames Water","Jacobs","Norwest Holst Soil Engineering Limited","1. Numbers refer to sketch. 2. Trial pit complete at 5.00m","","","","","","","","","","","","","","","","","","","","","","","","","","","","","","","","","","","","",""
"TP322","","TP","HISTORIC","2.60","2006 - Norwest Holst Engineering Ltd","","","57.34","57.34","57.24","445639.91","193531.79","ND_14/03/2025","","","51.638749","-1.341876","","https://arup.sharepoint.com/:b:/r/teams/prj-30356800/Data%20and%20Documents%20Library/GE%20-%20Geotechnical/GI%20reports/2006%20-%20Norwest%20Holst%20Engineering%20Ltd/Seperated%20logs/TP322.pdf","","","2006-08-24","2006-08-24","","","","","Thames Water","Jacobs","Norwest Holst","1. Numbers refer to sketch. 2. Trial pit complete at 2.60m.","","","","","","","","","","","","","","","","","","","","","","","","","","","","","","","","","","","","",""
"TP323","","TP","HISTORIC","5.00","2005 - Norwest Holst Engineering Ltd","","","59.59","59.59","59.53","445772.23","193046.70","SR_21/03/2025","","","51.634377","-1.340027","","https://arup.sharepoint.com/:b:/r/teams/prj-30356800/Data%20and%20Documents%20Library/GE%20-%20Geotechnical/GI%20reports/2005%20-%20Norwest%20Holst%20Engineering%20Ltd/Seperated%20logs/TP323.pdf","","","2005-10-19","2005-10-19","","","","","Thames Water","Jacobs","Norwest Holst Soil Engineering Limited","1. Numbers refer to sketch. 2. Trial pit complete at 5.00m","","","","","","","","","","","","","","","","","","","","","","","","","","","","","","","","","","","","",""
"TP324","","TP","HISTORIC","3.20","2006 - Norwest Holst Engineering Ltd","","","58.56","58.56","58.40","446611.82","193387.63","ND_14/03/2025","","","51.637373","-1.327852","","https://arup.sharepoint.com/:b:/r/teams/prj-30356800/Data%20and%20Documents%20Library/GE%20-%20Geotechnical/GI%20reports/2006%20-%20Norwest%20Holst%20Engineering%20Ltd/Seperated%20logs/TP324.pdf","","","2006-08-24","2006-08-24","","","","","Thames Water","Jacobs","Norwest Holst","1. Numbers refer to sketch. 2. Trial pit complete at 3.20m.","","","","","","","","","","","","","","","","","","","","","","","","","","","","","","","","","","","","",""
"TP325","","TP","HISTORIC","5.00","2005 - Norwest Holst Engineering Ltd","","","61.42","61.42","61.20","442517.46","192545.08","SR_24/03/2025","","","51.630121","-1.387113","","https://arup.sharepoint.com/:b:/r/teams/prj-30356800/Data%20and%20Documents%20Library/GE%20-%20Geotechnical/GI%20reports/2005%20-%20Norwest%20Holst%20Engineering%20Ltd/Seperated%20logs/TP325.pdf","","","2005-11-25","2005-11-25","","","","","Thames Water","Jacobs","Norwest Holst Soil Engineering Limited","1. Numbers refer to sketch. 2. Trail pit complete at 5.00m","","","","","","","","","","","","","","","","","","","","","","","","","","","","","","","","","","","","",""
"TP326","","TP","HISTORIC","2.60","2006 - Norwest Holst Engineering Ltd","","","60.76","60.76","60.58","443250.66","192781.47","ND_14/03/2025","","","51.632191","-1.376491","","https://arup.sharepoint.com/:b:/r/teams/prj-30356800/Data%20and%20Documents%20Library/GE%20-%20Geotechnical/GI%20reports/2006%20-%20Norwest%20Holst%20Engineering%20Ltd/Seperated%20logs/TP326.pdf","","","2006-08-25","2006-08-25","","","","","Thames Water","Jacobs","Norwest Holst","1. Numbers refer to sketch. 2. Trial pit complete at 2.60m.","","","","","","","","","","","","","","","","","","","","","","","","","","","","","","","","","","","","",""
"TP327","","TP","HISTORIC","5.00","2005 - Norwest Holst Engineering Ltd","","","60.49","60.49","60.58","443739.89","192592.43","SR_17/03/2025","","","51.630454","-1.369447","","https://arup.sharepoint.com/:b:/r/teams/prj-30356800/Data%20and%20Documents%20Library/GE%20-%20Geotechnical/GI%20reports/2005%20-%20Norwest%20Holst%20Engineering%20Ltd/Seperated%20logs/TP327.pdf","","","2005-10-18","2005-10-18","","","","","Thames Water","Jacobs","Norwest Holst Soil Engineering Limited","1. Numbers refer to sketch 2. Trial Pit complete at 5.00m","","","","","","","","","","","","","","","","","","","","","","","","","","","","","","","","","","","","",""
"TP328","","TP","HISTORIC","2.21","2005 - Norwest Holst Engineering Ltd","","","60.83","60.83","60.82","443727.09","192276.21","SR_17/03/2025","","","51.627611","-1.369671","","https://arup.sharepoint.com/:b:/r/teams/prj-30356800/Data%20and%20Documents%20Library/GE%20-%20Geotechnical/GI%20reports/2005%20-%20Norwest%20Holst%20Engineering%20Ltd/Seperated%20logs/TP328.pdf","","","2005-09-30","2005-09-30","","","","","Thames Water","Jacobs","Norwest Holst Soil Engineering Limited","1. Numbers refer to sketch. 2. Trial pit terminated at 2.21m, due to hard strata.","","","","","","","","","","","","","","","","","","","","","","","","","","","","","","","","","","","","",""
"TP329","","TP","HISTORIC","3.70","2005 - Norwest Holst Engineering Ltd","","","61.70","61.70","61.79","444679.85","192611.53","SR_21/03/2025","","","51.630552","-1.355865","","https://arup.sharepoint.com/:b:/r/teams/prj-30356800/Data%20and%20Documents%20Library/GE%20-%20Geotechnical/GI%20reports/2005%20-%20Norwest%20Holst%20Engineering%20Ltd/Seperated%20logs/TP329.pdf","","","2005-10-25","2005-10-25","","","","","Thames Water","Jacobs","Norwest Holst Soil Engineering Limited","1. Numbers refer to sketch. 2. Slow excavation from 3.50m to 3.70m (30 mins). 3. Trial pit terminated at 3.70m, due to cemented sand.","","","","","","","","","","","","","","","","","","","","","","","","","","","","","","","","","","","","",""
"TP330","","TP","HISTORIC","5.00","2005 - Norwest Holst Engineering Ltd","","","62.71","62.71","62.63","444619.38","192318.57","SR_25/03/2025","","","51.627922","-1.356776","","https://arup.sharepoint.com/:b:/r/teams/prj-30356800/Data%20and%20Documents%20Library/GE%20-%20Geotechnical/GI%20reports/2005%20-%20Norwest%20Holst%20Engineering%20Ltd/Seperated%20logs/TP330.pdf","","","2005-09-28","2005-09-28","","","","","Thames Water","Jacobs","Norwest Holst Soil Engineering Limited","1. Numbers refer to sketch. 2. Trial Pit complete at 5.00m. 3. Land drain encountered at 0.95m. Repaired and reinstated prior to backfill.","","","","","","","","","","","","","","","","","","","","","","","","","","","","","","","","","","","","",""
"TP332","","TP","HISTORIC","4.70","2005 - Norwest Holst Engineering Ltd","","","61.91","61.91","61.74","443344.88","191923.30","SR_25/03/2025","","","51.624468","-1.375236","","https://arup.sharepoint.com/:b:/r/teams/prj-30356800/Data%20and%20Documents%20Library/GE%20-%20Geotechnical/GI%20reports/2005%20-%20Norwest%20Holst%20Engineering%20Ltd/Seperated%20logs/TP332.pdf","","","2005-09-29","2005-09-29","","","","","Thames Water","Jacobs","Norwest Holst Soil Engineering Limited","1. Numbers refer to sketch. 2. Slow progress from 4.20m to 4.70m. 3. Trial pit terminated at 4.70m due to hard strata","","","","","","","","","","","","","","","","","","","","","","","","","","","","","","","","","","","","",""
"TP333","","TP","HISTORIC","5.00","2005 - Norwest Holst Engineering Ltd","","","60.24","60.24","60.05","446374.82","192868.59","SR_24/03/2025","","","51.632726","-1.331345","","https://arup.sharepoint.com/:b:/r/teams/prj-30356800/Data%20and%20Documents%20Library/GE%20-%20Geotechnical/GI%20reports/2005%20-%20Norwest%20Holst%20Engineering%20Ltd/Seperated%20logs/TP333.pdf","","","2005-09-26","2005-09-26","","","","","Thames Water","Jacobs","Norwest Holst Soil Engineering Limited","1. Numbers refer to sketch. 2. Trial pit complete at 5.00m.","","","","","","","","","","","","","","","","","","","","","","","","","","","","","","","","","","","","",""
"TP334","","TP","HISTORIC","5.00","2005 - Norwest Holst Engineering Ltd","","","61.97","61.97","61.63","446316.12","192413.41","SR_25/03/2025","","","51.628639","-1.332253","","https://arup.sharepoint.com/:b:/r/teams/prj-30356800/Data%20and%20Documents%20Library/GE%20-%20Geotechnical/GI%20reports/2005%20-%20Norwest%20Holst%20Engineering%20Ltd/Seperated%20logs/TP334.pdf","","","2005-09-27","2005-09-27","","","","","Thames Water","Jacobs","Norwest Holst Soil Engineering Limited","1. Numbers refer to sketch. 2. Trial pit complete at 5.00m.","","","","","","","","","","","","","","","","","","","","","","","","","","","","","","","","","","","","",""
"TP335","","TP","HISTORIC","5.00","2005 - Norwest Holst Engineering Ltd","","","62.24","62.24","62.16","443711.45","191728.08","SR_24/03/2025","","","51.622684","-1.369965","","https://arup.sharepoint.com/:b:/r/teams/prj-30356800/Data%20and%20Documents%20Library/GE%20-%20Geotechnical/GI%20reports/2005%20-%20Norwest%20Holst%20Engineering%20Ltd/Seperated%20logs/TP335.pdf","","","2005-09-30","2005-09-30","","","","","Thames Water","Jacobs","Norwest Holst Soil Engineering Limited","1. Numbers refer to sketch. 2. Trial pit complete at 5.00m.","","","","","","","","","","","","","","","","","","","","","","","","","","","","","","","","","","","","",""
"TP336","","TP","HISTORIC","3.00","2005 - Norwest Holst Engineering Ltd","","","63.80","63.80","63.73","444115.80","191805.41","SR_24/03/2025","","","51.623348","-1.364115","","https://arup.sharepoint.com/:b:/r/teams/prj-30356800/Data%20and%20Documents%20Library/GE%20-%20Geotechnical/GI%20reports/2005%20-%20Norwest%20Holst%20Engineering%20Ltd/Seperated%20logs/TP336.pdf","","","2005-10-03","2005-10-03","","","","","Thames Water","Jacobs","Norwest Holst Soil Engineering Limited","1. Numbers refer to sketch 2. Land Drain encountered at 0.95m. Drain Reinstated on completion of pit. 3. Trial pit terminated at 3.00m due to rapid ingress of water. 4. Trial pit not sampled below 2.20m due to mixing of strata during collapses.","","","","","","","","","","","","","","","","","","","","","","","","","","","","","","","","","","","","",""
"TP338","","TP","HISTORIC","5.00","2005 - Norwest Holst Engineering Ltd","","","63.70","63.70","64.13","445579.70","192138.53","SR_21/03/2025","","","51.626227","-1.342927","","https://arup.sharepoint.com/:b:/r/teams/prj-30356800/Data%20and%20Documents%20Library/GE%20-%20Geotechnical/GI%20reports/2005%20-%20Norwest%20Holst%20Engineering%20Ltd/Seperated%20logs/TP338.pdf","","","2005-10-07","2005-10-07","","","","","Thames Water","Jacobs","Norwest Holst Soil Engineering Limited","1. Numbers refer to sketch. 2. Trial pit complete at 5.00m","","","","","","","","","","","","","","","","","","","","","","","","","","","","","","","","","","","","",""
"TP339","","TP","HISTORIC","5.00","2005 - Norwest Holst Engineering Ltd","","","56.45","56.45","56.30","444987.36","194502.13","SR_25/03/2025","","","51.647525","-1.351180","","https://arup.sharepoint.com/:b:/r/teams/prj-30356800/Data%20and%20Documents%20Library/GE%20-%20Geotechnical/GI%20reports/2005%20-%20Norwest%20Holst%20Engineering%20Ltd/Seperated%20logs/TP339.pdf","","","2005-10-13","2005-10-13","","","","","Thames Water","Jacobs","Norwest Holst Soil Engineering Limited","1. Numbers refer to sketch. 2. Trial pit complete at 5.00m. 3. Trial pit logged from surface at 5.00m as unsafe for entry.","","","","","","","","","","","","","","","","","","","","","","","","","","","","","","","","","","","","",""
"TP340","","TP","HISTORIC","4.30","2005 - Norwest Holst Engineering Ltd","","","55.89","55.89","55.94","445726.93","194041.20","SR_25/03/2025","","","51.643322","-1.340552","","https://arup.sharepoint.com/:b:/r/teams/prj-30356800/Data%20and%20Documents%20Library/GE%20-%20Geotechnical/GI%20reports/2005%20-%20Norwest%20Holst%20Engineering%20Ltd/Seperated%20logs/TP340.pdf","","","2005-10-11","2005-10-11","","","","","Thames Water","Jacobs","Norwest Holst Soil Engineering Limited","1. Numbers refer to sketch. 2. Trial pit terminated on hard strata at 4.30m.","","","","","","","","","","","","","","","","","","","","","","","","","","","","","","","","","","","","",""
"TP342","","TP","HISTORIC","5.00","2005 - Norwest Holst Engineering Ltd","","","64.13","64.13","64.07","444689.37","192007.59","SR_21/03/2025","","","51.625121","-1.355805","","https://arup.sharepoint.com/:b:/r/teams/prj-30356800/Data%20and%20Documents%20Library/GE%20-%20Geotechnical/GI%20reports/2005%20-%20Norwest%20Holst%20Engineering%20Ltd/Seperated%20logs/TP342.pdf","","","2005-09-28","2005-09-28","","","","","Thames Water","Jacobs","Norwest Holst Soil Engineering Limited","1. Numbers refer to sketch. 2. Trial pit complete at 5.00m","","","","","","","","","","","","","","","","","","","","","","","","","","","","","","","","","","","","",""
"TP372","","TP","HISTORIC","5.00","2005 - Norwest Holst Engineering Ltd","","","63.83","63.83","63.90","442602.83","191932.85","SR_25/03/2025","","","51.624610","-1.385954","","https://arup.sharepoint.com/:b:/r/teams/prj-30356800/Data%20and%20Documents%20Library/GE%20-%20Geotechnical/GI%20reports/2005%20-%20Norwest%20Holst%20Engineering%20Ltd/Seperated%20logs/TP372.pdf","","","2005-11-24","2005-11-24","","","","","Thames Water","Jacobs","Norwest Holst Soil Engineering Limited","1. Numbers refer to sketch. 2. Trial pit complete at 5.00m","","","","","","","","","","","","","","","","","","","","","","","","","","","","","","","","","","","","",""
"TP390","","TP","HISTORIC","5.00","2005 - Norwest Holst Engineering Ltd","","","59.61","59.61","59.49","443212.09","194159.57","SR_18/03/2025","","","51.644584","-1.376879","","https://arup.sharepoint.com/:b:/r/teams/prj-30356800/Data%20and%20Documents%20Library/GE%20-%20Geotechnical/GI%20reports/2005%20-%20Norwest%20Holst%20Engineering%20Ltd/Seperated%20logs/TP390.pdf","","","2005-10-19","2005-10-19","","","","","Thames Water","Jacobs","Norwest Holst Soil Engineering Limited","1. Numbers refer to sketch. 2. Trial pit complete at 5.00m. 3. Trial pit unsuitable for entry at 5.00m due to rain water causing slip hazard.","","","","","","","","","","","","","","","","","","","","","","","","","","","","","","","","","","","","",""
"TP391","","TP","HISTORIC","3.95","2005 - Norwest Holst Engineering Ltd","","","61.60","61.60","61.58","443263.50","192027.59","SR_25/03/2025","","","51.625412","-1.376399","","https://arup.sharepoint.com/:b:/r/teams/prj-30356800/Data%20and%20Documents%20Library/GE%20-%20Geotechnical/GI%20reports/2005%20-%20Norwest%20Holst%20Engineering%20Ltd/Seperated%20logs/TP391.pdf","","","2005-10-26","2005-10-26","","","","","Thames Water","Jacobs","Norwest Holst Soil Engineering Limited","1. Numbers refer to sketch 2. Trial pit terminated at 3.95m","","","","","","","","","","","","","","","","","","","","","","","","","","","","","","","","","","","","",""
"TP391A","","TP","HISTORIC","3.20","2005 - Norwest Holst Engineering Ltd","","","61.37","61.37","61.39","443206.25","192076.03","SR_25/03/2025","","","51.625852","-1.377220","","https://arup.sharepoint.com/:b:/r/teams/prj-30356800/Data%20and%20Documents%20Library/GE%20-%20Geotechnical/GI%20reports/2005%20-%20Norwest%20Holst%20Engineering%20Ltd/Seperated%20logs/TP391A.pdf","","","2005-10-26","2005-10-26","","","","","Thames Water","Jacobs","Norwest Holst Soil Engineering Limited","1. Numbers refer to sketch. 2. Trial pit complete at 3.20m","","","","","","","","","","","","","","","","","","","","","","","","","","","","","","","","","","","","",""
"TP391B","","TP","HISTORIC","3.50","2005 - Norwest Holst Engineering Ltd","","","61.48","61.48","61.63","443232.55","192049.85","SR_25/03/2025","","","51.625614","-1.376843","","https://arup.sharepoint.com/:b:/r/teams/prj-30356800/Data%20and%20Documents%20Library/GE%20-%20Geotechnical/GI%20reports/2005%20-%20Norwest%20Holst%20Engineering%20Ltd/Seperated%20logs/TP391B.pdf","","","2005-10-26","2005-10-26","","","","","Thames Water","Jacobs","Norwest Holst Soil Engineering Limited","1. Numbers refer to sketch 2. Trial pit complete at 3.50m.","","","","","","","","","","","","","","","","","","","","","","","","","","","","","","","","","","","","",""
"TP391C","","TP","HISTORIC","3.80","2005 - Norwest Holst Engineering Ltd","","","61.74","61.74","61.84","443303.49","191992.19","SR_25/03/2025","","","51.625090","-1.375826","","https://arup.sharepoint.com/:b:/r/teams/prj-30356800/Data%20and%20Documents%20Library/GE%20-%20Geotechnical/GI%20reports/2005%20-%20Norwest%20Holst%20Engineering%20Ltd/Seperated%20logs/TP391C.pdf","","","2005-10-27","2005-10-27","","","","","Thames Water","Jacobs","Norwest Holst Soil Engineering Limited","1. Numbers refer to sketch. 2. Trial pit complete at 3.80.","","","","","","","","","","","","","","","","","","","","","","","","","","","","","","","","","","","","",""
"TP392","","TP","HISTORIC","4.51","2006 - Norwest Holst Engineering Ltd","","","58.53","58.53","58.27","446560.53","193483.37","ND_14/03/2025","","","51.638238","-1.328581","","https://arup.sharepoint.com/:b:/r/teams/prj-30356800/Data%20and%20Documents%20Library/GE%20-%20Geotechnical/GI%20reports/2006%20-%20Norwest%20Holst%20Engineering%20Ltd/Seperated%20logs/TP392.pdf","","","2006-08-21","2006-08-21","","","","","Thames Water","Jacobs","Norwest Holst","1. Numbers refer to sketch. 2. Trial pit complete at 4.51m.","","","","","","","","","","","","","","","","","","","","","","","","","","","","","","","","","","","","",""
"TP392C","","TP","HISTORIC","3.21","2006 - Norwest Holst Engineering Ltd","","","58.41","58.41","58.55","446500.11","193591.92","ND_14/03/2025","","","51.639219","-1.329439","","https://arup.sharepoint.com/:b:/r/teams/prj-30356800/Data%20and%20Documents%20Library/GE%20-%20Geotechnical/GI%20reports/2006%20-%20Norwest%20Holst%20Engineering%20Ltd/Seperated%20logs/TP392C.pdf","","","2006-08-22","2006-08-22","","","","","Thames Water","Jacobs","Norwest Holst","1. Numbers refer to sketch. 2. Trial pit complete at 3.21m.","","","","","","","","","","","","","","","","","","","","","","","","","","","","","","","","","","","","",""
"TP392E","","TP","HISTORIC","3.75","2006 - Norwest Holst Engineering Ltd","","","58.28","58.28","58.23","446457.91","193662.73","ND_14/03/2025","","","51.639859","-1.330040","","https://arup.sharepoint.com/:b:/r/teams/prj-30356800/Data%20and%20Documents%20Library/GE%20-%20Geotechnical/GI%20reports/2006%20-%20Norwest%20Holst%20Engineering%20Ltd/Seperated%20logs/TP392E.pdf","","","2006-08-22","2006-08-22","","","","","Thames Water","Jacobs","Norwest Holst","1. Numbers refer to sketch. 2. Trial pit complete at 3.75m.","","","","","","","","","","","","","","","","","","","","","","","","","","","","","","","","","","","","",""
"TP392F","","TP","HISTORIC","2.90","2006 - Norwest Holst Engineering Ltd","","","58.00","58.00","58.00","446426.06","193721.43","ND_14/03/2025","","","51.640390","-1.330492","","https://arup.sharepoint.com/:b:/r/teams/prj-30356800/Data%20and%20Documents%20Library/GE%20-%20Geotechnical/GI%20reports/2006%20-%20Norwest%20Holst%20Engineering%20Ltd/Seperated%20logs/TP392F.pdf","","","2006-08-23","2006-08-23","","","","","Thames Water","Jacobs","Norwest Holst","1. Numbers refer to sketch. 2. Trial pit complete at 2.90m.","","","","","","","","","","","","","","","","","","","","","","","","","","","","","","","","","","","","",""
"TP392G","","TP","HISTORIC","3.75","2006 - Norwest Holst Engineering Ltd","","","58.50","58.50","58.53","446526.73","193548.57","ND_14/03/2025","","","51.638827","-1.329060","","https://arup.sharepoint.com/:b:/r/teams/prj-30356800/Data%20and%20Documents%20Library/GE%20-%20Geotechnical/GI%20reports/2006%20-%20Norwest%20Holst%20Engineering%20Ltd/Seperated%20logs/TP392G.pdf","","","2006-08-23","2006-08-23","","","","","Thames Water","Jacobs","Norwest Holst","1. Numbers refer to sketch. 2. Trial pit complete at 3.70m.","","","","","","","","","","","","","","","","","","","","","","","","","","","","","","","","","","","","",""
"TP394","","TP","HISTORIC","5.00","2005 - Norwest Holst Engineering Ltd","","","56.36","56.36","56.05","446526.66","194244.77","SR_25/03/2025","","","51.645087","-1.328969","","https://arup.sharepoint.com/:b:/r/teams/prj-30356800/Data%20and%20Documents%20Library/GE%20-%20Geotechnical/GI%20reports/2005%20-%20Norwest%20Holst%20Engineering%20Ltd/Seperated%20logs/TP394.pdf","","","2005-10-28","2005-10-28","","","","","Thames Water","Jacobs","Norwest Holst Soil Engineering Limited","1. Numbers refer to sketch. 2. Trial pit complete at 5.00m","","","","","","","","","","","","","","","","","","","","","","","","","","","","","","","","","","","","",""
"TP395","","TP","HISTORIC","5.00","2005 - Norwest Holst Engineering Ltd","","","55.54","55.54","55.32","445442.13","194493.53","SR_26/03/2025","","","51.647412","-1.344609","","https://arup.sharepoint.com/:b:/r/teams/prj-30356800/Data%20and%20Documents%20Library/GE%20-%20Geotechnical/GI%20reports/2005%20-%20Norwest%20Holst%20Engineering%20Ltd/Seperated%20logs/TP395.pdf","","","2005-11-23","2005-11-23","","","","","Thames Water","Jacobs","Norwest Holst Soil Engineering Limited","1. Numbers refer to sketch 2. Land drain encountered at 0.90m, repaired and reinstated prior to back filling. 3. Trial pit complete at 5.00m.","","","","","","","","","","","","","","","","","","","","","","","","","","","","","","","","","","","","",""
"TP3A","","TP","HISTORIC","3.00","2014 - Applied Geology","","","66.02","66.02","66.02","444576.52","191683.66","","","","51.622217","-1.357476","","https://arup.sharepoint.com/:b:/r/teams/prj-30356800/Data%20and%20Documents%20Library/GE%20-%20Geotechnical/GI%20reports/2014%20-%20Applied%20Geology/Seperated%20logs/TP3A.pdf","","","","","","","","","","","","","","","","","","","","","","","","Estimated from LiDAR","","","","","","","","","","","","","","","","","","","","","","","","",""
"TP3B","","TP","HISTORIC","1.20","2014 - Applied Geology","","","66.75","66.75","66.75","444546.66","191678.28","","","","51.622171","-1.357908","","https://arup.sharepoint.com/:b:/r/teams/prj-30356800/Data%20and%20Documents%20Library/GE%20-%20Geotechnical/GI%20reports/2014%20-%20Applied%20Geology/Seperated%20logs/TP3B.pdf","","","","","","","","","","","","","","","","","","","","","","","","Estimated from LiDAR","","","","","","","","","","","","","","","","","","","","","","","","",""
"TP4","","TP","HISTORIC","3.00","2014 - Applied Geology","","","66.00","66.00","66.00","444746.78","191634.25","","","","51.621760","-1.355023","","https://arup.sharepoint.com/:b:/r/teams/prj-30356800/Data%20and%20Documents%20Library/GE%20-%20Geotechnical/GI%20reports/2014%20-%20Applied%20Geology/Seperated%20logs/TP4.pdf","","","","","","","","","","","","","","","","","","","","","","","","Estimated from LiDAR","","","","","","","","","","","","","","","","","","","","","","","","",""
"TP409","","TP","FINAL","4.70","2024 - Arcadis Phase 1","1","","60.24","60.08","60.08","444098.88","192853.74","","","","51.632775","-1.364228","","","","","2024-02-15","2024-02-15","","","","","Client Name Value","Project Engineer Value","Contractors Name Value","1) Location scanned with GPR and CAT & Genny prior to excavation.  2) Location excavated using 13t mechanical excavator.  3) Groundwater seepage noted in superficial deposits at 0.40 m bgl.   4) Location completed at target depth at 4.70 m bgl terminating in bedrock deposits.  5) Excavation remained stable throughout.  6) No visual or olfactory evidence of contamination","","","","","","","","","","","Trimble VRS NOW GPRS system: accuracy of +/ 50 mm","","","","","","SH","","","","","","","","","","","","","","","","","","","",""
"TP410","","TP","FINAL","0.90","2024 - Arcadis Phase 1","1","","60.51","60.53","60.53","444010.78","192783.61","","","","51.632151","-1.365509","","","","","2024-02-12","2024-02-13","","","","","Client Name Value","Project Engineer Value","Contractors Name Value","1) Location scanned with GPR and CAT & Genny prior to excavation.  2) Location excavated using 13t mechanical excavator.  3) Groundwater seepage noted in superficial deposits at 0.60 m bgl.  4) Land drain clipped at 0.50 m bgl in northeast corner of trial pit wall causing rapid inflow of water.  5) Location terminated at 0.90 m bgl due to unsafe excavation conditions caused by groundwater inflow.  6) Trial pit walls remained stable throughout excavation.  7) No visual or olfactory evidence of contamination","","","","","","","","","","","Trimble VRS NOW GPRS system: accuracy of +/ 50 mm","","","","","","SH","","","","","","","","","","","","","","","","","","","",""
"TP410a","","TP","FINAL","4.50","2024 - Arcadis Phase 1","1","","60.49","60.53","60.53","444015.45","192789.77","","","","51.632206","-1.365441","","","","","2024-02-13","2024-02-14","","","","","Client Name Value","Project Engineer Value","Contractors Name Value","1) Location scanned with GPR and CAT & Genny prior to excavation.  2) Location excavated using 13t mechanical excavator.  3) Groundwater seepage noted in superficial deposits at 0.40 m bgl.   4) Location completed at target depth at 4.50 m bgl terminating in bedrock deposits.  5) Minor instability in trial pit walls within superficial deposits; remainder of excavation remained stable throughout.  6) No visual or olfactory evidence of contamination","","Target depth achieved.","","","","","","","","","Trimble VRS NOW GPRS system: accuracy of +/ 50 mm","","","","","","SH","","","","","","","","","","","","","","","","","","","",""
"TP5","","TP","HISTORIC","3.40","2014 - Applied Geology","","","65.90","65.90","65.90","444894.52","191722.37","","","","51.622540","-1.352878","","https://arup.sharepoint.com/:b:/r/teams/prj-30356800/Data%20and%20Documents%20Library/GE%20-%20Geotechnical/GI%20reports/2014%20-%20Applied%20Geology/Seperated%20logs/TP5.pdf","","","","","","","","","","","","","","","","","","","","","","","","Estimated from LiDAR","","","","","","","","","","","","","","","","","","","","","","","","",""
"TT401","","TT","PROPOSED","6.00","2024 to 2025 - Arcadis Phase 2B","","","62.17","62.17","62.17","443412.00","191783.00","Proposed","","","51.623201","-1.374284","","","","","","","","","","","","","","","","","","","","","","","","","Proposed co-ordinates","","","","","","","","","","","","","","","","","","","","","","","","","",""
"TT402","","TT","PROPOSED","6.00","2024 to 2025 - Arcadis Phase 2B","","","63.48","63.48","63.48","444505.34","192073.09","Proposed","","","51.625724","-1.358455","","","","","","","","","","","","","","","","","","","","","","","","","Proposed co-ordinates","","","","","","","","","","","","","","","","","","","","","","","","","",""
"TT403","","TT","PROPOSED","6.00","2024 to 2025 - Arcadis Phase 2B","","","60.60","60.60","60.60","445438.76","192631.32","Proposed","","","51.630669","-1.344899","","","","","","","","","","","","","","","","","","","","","","","","","Proposed co-ordinates","","","","","","","","","","","","","","","","","","","","","","","","","",""
"TT404","","TT","PROPOSED","6.00","2024 to 2025 - Arcadis Phase 2B","","","59.55","59.55","59.55","446490.00","193025.00","Proposed","","","51.634123","-1.329660","","","","","","","","","","","","","","","","","","","","","","","","","Proposed co-ordinates","","","","","","","","","","","","","","","","","","","","","","","","","",""
"TT405","","TT","PROPOSED","6.00","2024 to 2025 - Arcadis Phase 2B","","","60.85","60.85","60.85","443404.00","192235.00","Proposed","","","51.627266","-1.374344","","","","","","","","","","","","","","","","","","","","","","","","","Proposed co-ordinates","","","","","","","","","","","","","","","","","","","","","","","","","",""
"TT406","","TT","PROPOSED","6.00","2024 to 2025 - Arcadis Phase 2B","","","61.15","61.15","61.15","444350.00","192648.00","Proposed","","","51.630906","-1.360626","","","","","","","","","","","","","","","","","","","","","","","","","Proposed co-ordinates","","","","","","","","","","","","","","","","","","","","","","","","","",""
"TT407","","TT","PROPOSED","6.00","2024 to 2025 - Arcadis Phase 2B","","","58.44","58.44","58.44","446247.57","193550.07","Proposed","","","51.638864","-1.333094","","","","","","","","","","","","","","","","","","","","","","","","","Proposed co-ordinates","","","","","","","","","","","","","","","","","","","","","","","","","",""
"TT408","","TT","PROPOSED","6.00","2024 to 2025 - Arcadis Phase 2B","","","64.45","64.45","64.45","442458.00","191904.00","Proposed","","","51.624362","-1.388049","","","","","","","","","","","","","","","","","","","","","","","","","Proposed co-ordinates","","","","","","","","","","","","","","","","","","","","","","","","","",""
